player_id,player_name,country,teams,positions,appearances,starts,minutes,goals,xg,shots,shots_on_target,shots_first_time,shots_one_on_one,shots_left_foot,shots_right_foot,shots_head,goals_p90,xg_p90,shots_p90,shots_on_target_p90,shots_first_time_p90,shots_one_on_one_p90,shot_accuracy,conversion,xg_per_shot,goals_minus_xg,shot_left_share,shot_right_share,shot_head_share,assists,key_passes,assists_p90,key_passes_p90,passes,passes_completed,passes_left_foot,passes_right_foot,passes_head,passes_ground,passes_low,passes_high,crosses,cut_backs,switches,through_balls,passes_p90,passes_completed_p90,crosses_p90,cut_backs_p90,switches_p90,through_balls_p90,pass_completion,pass_left_share,pass_right_share,pass_head_share,pass_ground_share,pass_low_share,pass_high_share,cross_share,cut_back_share,switch_share,through_ball_share,carries,dribbles,dribbles_completed,fouls_won,dispossessed,miscontrols,errors,offsides,carries_p90,dribbles_p90,dribbles_completed_p90,fouls_won_p90,dispossessed_p90,miscontrols_p90,errors_p90,offsides_p90,dribble_success,tackles,interceptions,clearances,blocks,pressures,ball_recoveries,counterpresses,dribbled_past,fifty_fifties,shields,fouls_committed,tackles_p90,interceptions_p90,clearances_p90,blocks_p90,pressures_p90,ball_recoveries_p90,counterpresses_p90,dribbled_past_p90,fifty_fifties_p90,shields_p90,fouls_committed_p90,aerials,aerials_won,aerials_p90,aerials_won_p90,aerial_win_rate,yellow_cards,red_cards,yellow_cards_p90,red_cards_p90,left_ratio,right_ratio
3815,Kasper Schmeichel,Denmark,Leicester City,Goalkeeper,38,38,3594.0,0,0.0,0,0,0,0,0,0,0,0.0,0.0,0.0,0.0,0.0,0.0,0.0,0.0,0.0,0.0,0.0,0.0,0.0,0,6,0.0,0.15,1220,477,30,940,2,135,51,1034,0,0,72,1,30.551,11.945,0.0,0.0,1.803,0.025,0.391,0.025,0.77,0.002,0.111,0.042,0.848,0.0,0.0,0.059,0.001,484,1,1,1,0,0,0,0,12.12,0.025,0.025,0.025,0.0,0.0,0.0,0.0,1.0,0,0,8,1,6,213,2,3,0,0,0,0.0,0.0,0.2,0.025,0.15,5.334,0.05,0.075,0.0,0.0,0.0,0,0,0.0,0.0,0.0,2,0,0.05,0.0,0.031,0.969
3813,Wes Morgan,Jamaica,Leicester City,"Left Center Back, Right Center Back",38,38,3594.0,2,2.948,21,6,5,0,1,6,14,0.05,0.074,0.526,0.15,0.125,0.0,0.286,0.095,0.14,-0.948,0.048,0.286,0.667,0,3,0.0,0.075,849,648,88,565,122,454,135,260,1,0,18,0,21.26,16.227,0.025,0.0,0.451,0.0,0.763,0.104,0.665,0.144,0.535,0.159,0.306,0.001,0.0,0.021,0.0,500,11,9,16,9,10,2,0,12.521,0.275,0.225,0.401,0.225,0.25,0.05,0.0,0.818,53,46,244,87,273,96,114,7,2,9,32,1.327,1.152,6.11,2.179,6.836,2.404,2.855,0.175,0.05,0.225,0.801,200,129,5.008,3.23,0.645,3,0,0.075,0.0,0.135,0.865
3608,Simon Francis,England,AFC Bournemouth,"Left Center Midfield, Right Back, Right Center Back",38,38,3591.6,0,0.197,6,1,2,0,1,4,1,0.0,0.005,0.15,0.025,0.05,0.0,0.167,0.0,0.033,-0.197,0.167,0.667,0.167,4,36,0.1,0.902,2454,1921,282,1712,143,1344,462,648,86,14,85,3,61.493,48.137,2.155,0.351,2.13,0.075,0.783,0.115,0.698,0.058,0.548,0.188,0.264,0.035,0.006,0.035,0.001,1595,49,34,13,20,26,3,0,39.968,1.228,0.852,0.326,0.501,0.652,0.075,0.0,0.694,109,60,213,58,403,152,171,33,1,0,38,2.731,1.504,5.337,1.453,10.099,3.809,4.285,0.827,0.025,0.0,0.952,218,137,5.463,3.433,0.628,5,1,0.125,0.025,0.142,0.858
3344,Andrew Surman,England,AFC Bournemouth,"Center Defensive Midfield, Left Center Midfield, Left Defensive Midfield, Right Center Midfield, Right Defensive Midfield",38,38,3590.9,0,0.762,16,0,9,0,16,0,0,0.0,0.019,0.401,0.0,0.226,0.0,0.0,0.0,0.048,-0.762,1.0,0.0,0.0,3,45,0.075,1.128,2309,1970,1755,339,147,1519,379,411,7,0,116,9,57.871,49.375,0.175,0.0,2.907,0.226,0.853,0.76,0.147,0.064,0.658,0.164,0.178,0.003,0.0,0.05,0.004,1544,26,17,22,24,25,0,0,38.698,0.652,0.426,0.551,0.602,0.627,0.0,0.0,0.654,50,56,82,65,539,218,194,47,2,1,32,1.253,1.404,2.055,1.629,13.509,5.464,4.862,1.178,0.05,0.025,0.802,149,78,3.734,1.955,0.523,4,0,0.1,0.0,0.839,0.161
20005,Toby Alderweireld,Belgium,Tottenham Hotspur,"Right Back, Right Center Back",38,38,3569.2,4,3.184,41,14,3,2,5,12,24,0.101,0.08,1.034,0.353,0.076,0.05,0.341,0.098,0.078,0.816,0.122,0.293,0.585,2,9,0.05,0.227,2122,1704,314,1618,131,1314,205,603,14,0,128,11,53.508,42.968,0.353,0.0,3.228,0.277,0.803,0.148,0.762,0.062,0.619,0.097,0.284,0.007,0.0,0.06,0.005,1544,12,7,7,9,6,0,0,38.933,0.303,0.177,0.177,0.227,0.151,0.0,0.0,0.583,40,46,258,73,237,147,91,23,0,2,9,1.009,1.16,6.506,1.841,5.976,3.707,2.295,0.58,0.0,0.05,0.227,154,89,3.883,2.244,0.578,3,0,0.076,0.0,0.164,0.836
3522,Heurelho da Silva Gomes,Brazil,Watford,Goalkeeper,38,38,3554.2,0,0.0,0,0,0,0,0,0,0,0.0,0.0,0.0,0.0,0.0,0.0,0.0,0.0,0.0,0.0,0.0,0.0,0.0,0,0,0.0,0.0,1132,593,28,826,0,200,44,888,0,0,24,0,28.665,15.016,0.0,0.0,0.608,0.0,0.524,0.025,0.73,0.0,0.177,0.039,0.784,0.0,0.0,0.021,0.0,371,0,0,5,1,0,0,0,9.395,0.0,0.0,0.127,0.025,0.0,0.0,0.0,0.0,0,0,2,1,7,222,1,1,0,0,2,0.0,0.0,0.051,0.025,0.177,5.622,0.025,0.025,0.0,0.0,0.051,0,0,0.0,0.0,0.0,4,0,0.101,0.0,0.033,0.967
3523,Craig Dawson,England,West Bromwich Albion,"Left Back, Left Center Back, Right Back, Right Center Back, Right Midfield",38,38,3548.7,4,3.432,38,8,11,0,2,17,19,0.101,0.087,0.964,0.203,0.279,0.0,0.211,0.105,0.09,0.568,0.053,0.447,0.5,0,23,0.0,0.583,1658,1049,78,900,138,516,499,643,77,5,40,2,42.049,26.604,1.953,0.127,1.014,0.051,0.633,0.047,0.543,0.083,0.311,0.301,0.388,0.046,0.003,0.024,0.001,778,30,15,32,18,21,0,0,19.731,0.761,0.38,0.812,0.457,0.533,0.0,0.0,0.5,76,44,189,105,443,122,134,47,1,5,37,1.927,1.116,4.793,2.663,11.235,3.094,3.398,1.192,0.025,0.127,0.938,252,158,6.391,4.007,0.627,3,0,0.076,0.0,0.08,0.92
4022,Darren Fletcher,Scotland,West Bromwich Albion,"Center Attacking Midfield, Left Center Midfield, Left Defensive Midfield, Right Center Midfield, Right Defensive Midfield, Right Midfield",38,38,3533.6,1,1.84,23,4,9,0,3,14,6,0.025,0.047,0.586,0.102,0.229,0.0,0.174,0.043,0.08,-0.84,0.13,0.609,0.261,2,25,0.051,0.637,1516,1151,167,1203,87,922,208,386,31,0,53,13,38.612,29.316,0.79,0.0,1.35,0.331,0.759,0.11,0.794,0.057,0.608,0.137,0.255,0.02,0.0,0.035,0.009,1218,67,39,36,43,38,0,0,31.022,1.706,0.993,0.917,1.095,0.968,0.0,0.0,0.582,45,29,39,54,547,281,197,45,5,0,22,1.146,0.739,0.993,1.375,13.932,7.157,5.018,1.146,0.127,0.0,0.56,103,49,2.623,1.248,0.476,3,0,0.076,0.0,0.123,0.877
3262,Łukasz Fabiański,Poland,Swansea City,Goalkeeper,37,36,3492.2,0,0.104,1,0,0,0,0,0,1,0.0,0.003,0.026,0.0,0.0,0.0,0.0,0.0,0.104,-0.104,0.0,0.0,1.0,1,4,0.026,0.103,1212,768,67,853,2,451,67,694,0,0,49,0,31.235,19.793,0.0,0.0,1.263,0.0,0.634,0.055,0.704,0.002,0.372,0.055,0.573,0.0,0.0,0.04,0.0,550,0,0,9,1,0,3,0,14.174,0.0,0.0,0.232,0.026,0.0,0.077,0.0,0.0,0,0,2,1,5,165,0,1,0,0,1,0.0,0.0,0.052,0.026,0.129,4.252,0.0,0.026,0.0,0.0,0.026,1,1,0.026,0.026,1.0,1,0,0.026,0.0,0.073,0.927
10955,Harry Kane,England,Tottenham Hotspur,Center Forward,38,38,3486.6,25,21.635,158,75,47,11,31,115,12,0.645,0.558,4.078,1.936,1.213,0.284,0.475,0.158,0.137,3.365,0.196,0.728,0.076,1,40,0.026,1.033,1005,720,129,710,54,603,228,174,39,3,32,14,25.942,18.585,1.007,0.077,0.826,0.361,0.716,0.128,0.706,0.054,0.6,0.227,0.173,0.039,0.003,0.032,0.014,1024,96,56,61,92,106,0,4,26.433,2.478,1.446,1.575,2.375,2.736,0.0,0.103,0.583,32,12,31,62,491,173,163,22,1,1,44,0.826,0.31,0.8,1.6,12.674,4.466,4.208,0.568,0.026,0.026,1.136,308,96,7.95,2.478,0.312,5,0,0.129,0.0,0.162,0.838
3062,Aaron Cresswell,England,West Ham United,"Left Back, Left Wing Back",37,37,3483.3,2,0.8,27,6,7,0,24,2,1,0.052,0.021,0.698,0.155,0.181,0.0,0.222,0.074,0.03,1.2,0.889,0.074,0.037,4,45,0.103,1.163,1874,1402,1346,62,75,974,354,546,93,6,45,2,48.42,36.224,2.403,0.155,1.163,0.052,0.748,0.718,0.033,0.04,0.52,0.189,0.291,0.05,0.003,0.024,0.001,1292,34,16,35,26,28,5,0,33.382,0.878,0.413,0.904,0.672,0.723,0.129,0.0,0.471,44,38,107,77,337,169,134,21,2,9,26,1.137,0.982,2.765,1.989,8.707,4.367,3.462,0.543,0.052,0.233,0.672,106,58,2.739,1.499,0.547,1,0,0.026,0.0,0.955,0.045
3099,Hugo Lloris,France,Tottenham Hotspur,Goalkeeper,37,37,3480.9,0,0.0,0,0,0,0,0,0,0,0.0,0.0,0.0,0.0,0.0,0.0,0.0,0.0,0.0,0.0,0.0,0.0,0.0,0,3,0.0,0.078,1217,817,786,189,0,565,57,595,0,0,35,1,31.466,21.124,0.0,0.0,0.905,0.026,0.671,0.646,0.155,0.0,0.464,0.047,0.489,0.0,0.0,0.029,0.001,600,0,0,5,0,0,3,0,15.513,0.0,0.0,0.129,0.0,0.0,0.078,0.0,0.0,0,0,2,0,1,178,0,0,0,0,0,0.0,0.0,0.052,0.0,0.026,4.602,0.0,0.0,0.0,0.0,0.0,0,0,0.0,0.0,0.0,0,0,0.0,0.0,0.806,0.194
3454,Troy Deeney,England,Watford,"Center Attacking Midfield, Center Forward, Left Center Forward, Left Midfield, Right Center Forward, Right Midfield, Right Wing",38,36,3449.7,13,12.086,94,31,33,2,2,72,20,0.339,0.315,2.452,0.809,0.861,0.052,0.33,0.138,0.129,0.914,0.021,0.766,0.213,7,56,0.183,1.461,1302,792,37,807,162,550,335,417,30,5,15,24,33.968,20.663,0.783,0.13,0.391,0.626,0.608,0.028,0.62,0.124,0.422,0.257,0.32,0.023,0.004,0.012,0.018,870,50,29,45,77,116,0,0,22.698,1.304,0.757,1.174,2.009,3.026,0.0,0.0,0.58,44,8,51,65,609,162,199,28,2,2,58,1.148,0.209,1.331,1.696,15.888,4.226,5.192,0.73,0.052,0.052,1.513,609,304,15.888,7.931,0.499,6,0,0.157,0.0,0.042,0.958
3345,Charlie Daniels,England,AFC Bournemouth,Left Back,37,37,3443.8,3,2.935,23,7,7,0,19,2,2,0.078,0.077,0.601,0.183,0.183,0.0,0.304,0.13,0.128,0.065,0.826,0.087,0.087,5,36,0.131,0.941,2239,1765,1665,100,53,1328,429,482,93,4,56,2,58.514,46.126,2.43,0.105,1.463,0.052,0.788,0.744,0.045,0.024,0.593,0.192,0.215,0.042,0.002,0.025,0.001,1565,67,47,20,44,36,2,0,40.9,1.751,1.228,0.523,1.15,0.941,0.052,0.0,0.701,80,24,86,54,427,189,120,29,0,5,11,2.091,0.627,2.248,1.411,11.159,4.939,3.136,0.758,0.0,0.131,0.287,73,36,1.908,0.941,0.493,1,0,0.026,0.0,0.943,0.057
3644,Ashley Williams,Wales,Swansea City,"Left Center Back, Right Center Back",36,35,3398.1,2,2.037,16,7,4,1,1,6,8,0.053,0.054,0.424,0.185,0.106,0.026,0.438,0.125,0.127,-0.037,0.062,0.375,0.5,1,11,0.026,0.291,1884,1600,295,1428,101,1325,216,343,2,0,125,3,49.898,42.377,0.053,0.0,3.311,0.079,0.849,0.157,0.758,0.054,0.703,0.115,0.182,0.001,0.0,0.066,0.002,1350,6,5,15,7,3,1,0,35.755,0.159,0.132,0.397,0.185,0.079,0.026,0.0,0.833,71,69,324,88,269,120,133,11,0,4,34,1.88,1.827,8.581,2.331,7.125,3.178,3.523,0.291,0.0,0.106,0.901,180,109,4.767,2.887,0.606,8,0,0.212,0.0,0.171,0.829
3498,Ignacio Monreal Eraso,Spain,Arsenal,Left Back,37,36,3397.8,0,1.202,13,4,8,0,8,4,1,0.0,0.032,0.344,0.106,0.212,0.0,0.308,0.0,0.092,-1.202,0.615,0.308,0.077,3,28,0.079,0.742,2259,1868,1582,219,105,1420,411,428,83,6,25,5,59.836,49.479,2.198,0.159,0.662,0.132,0.827,0.7,0.097,0.046,0.629,0.182,0.189,0.037,0.003,0.011,0.002,1453,26,12,47,9,20,1,0,38.487,0.689,0.318,1.245,0.238,0.53,0.026,0.0,0.462,83,66,123,86,428,136,219,48,3,5,30,2.198,1.748,3.258,2.278,11.337,3.602,5.801,1.271,0.079,0.132,0.795,145,80,3.841,2.119,0.552,1,0,0.026,0.0,0.877,0.123
10956,Eric Dier,England,Tottenham Hotspur,"Center Back, Center Defensive Midfield, Left Center Back, Left Center Midfield, Left Defensive Midfield, Right Center Back, Right Center Midfield, Right Defensive Midfield",37,37,3395.3,3,2.059,30,7,11,2,2,17,11,0.08,0.055,0.795,0.186,0.292,0.053,0.233,0.1,0.069,0.941,0.067,0.567,0.367,2,21,0.053,0.557,2111,1766,301,1575,145,1493,248,370,14,0,53,8,55.957,46.812,0.371,0.0,1.405,0.212,0.837,0.143,0.746,0.069,0.707,0.117,0.175,0.007,0.0,0.025,0.004,1504,13,9,28,33,13,0,0,39.867,0.345,0.239,0.742,0.875,0.345,0.0,0.0,0.692,81,43,96,71,602,128,227,38,1,0,59,2.147,1.14,2.545,1.882,15.957,3.393,6.017,1.007,0.027,0.0,1.564,205,106,5.434,2.81,0.517,10,0,0.265,0.0,0.16,0.84
3511,Héctor Bellerín Moruno,Spain,Arsenal,Right Back,36,36,3384.3,1,0.615,13,3,5,0,3,9,1,0.027,0.016,0.346,0.08,0.133,0.0,0.231,0.077,0.047,0.385,0.231,0.692,0.077,5,24,0.133,0.638,2094,1735,137,1547,74,1367,420,307,81,10,20,8,55.687,46.14,2.154,0.266,0.532,0.213,0.829,0.065,0.739,0.035,0.653,0.201,0.147,0.039,0.005,0.01,0.004,1550,103,67,14,45,34,1,0,41.22,2.739,1.782,0.372,1.197,0.904,0.027,0.0,0.65,62,40,86,68,366,152,164,51,0,3,24,1.649,1.064,2.287,1.808,9.733,4.042,4.361,1.356,0.0,0.08,0.638,89,39,2.367,1.037,0.438,3,0,0.08,0.0,0.083,0.917
3957,César Azpilicueta Tanco,Spain,Chelsea,"Center Attacking Midfield, Left Back, Left Center Back, Right Back",37,36,3360.8,2,1.544,11,5,7,2,3,7,1,0.054,0.041,0.295,0.134,0.187,0.054,0.455,0.182,0.14,0.456,0.273,0.636,0.091,4,21,0.107,0.562,2198,1782,289,1436,77,1303,422,473,51,3,27,4,58.861,47.721,1.366,0.08,0.723,0.107,0.811,0.131,0.653,0.035,0.593,0.192,0.215,0.023,0.001,0.012,0.002,1301,26,8,22,12,24,0,0,34.84,0.696,0.214,0.589,0.321,0.643,0.0,0.0,0.308,131,56,123,102,631,127,220,39,1,4,48,3.508,1.5,3.294,2.731,16.898,3.401,5.891,1.044,0.027,0.107,1.285,126,72,3.374,1.928,0.571,7,0,0.187,0.0,0.168,0.832
3091,Moussa Sissoko,France,Newcastle United,"Center Attacking Midfield, Left Back, Left Defensive Midfield, Left Wing, Right Attacking Midfield, Right Back, Right Center Midfield, Right Midfield, Right Wing",37,37,3358.7,1,3.692,39,12,10,4,8,24,7,0.027,0.099,1.045,0.322,0.268,0.107,0.308,0.026,0.095,-2.692,0.205,0.615,0.179,7,57,0.188,1.527,1576,1142,128,1249,89,1028,285,263,114,8,51,5,42.231,30.601,3.055,0.214,1.367,0.134,0.725,0.081,0.793,0.056,0.652,0.181,0.167,0.072,0.005,0.032,0.003,1418,148,78,38,93,84,0,1,37.997,3.966,2.09,1.018,2.492,2.251,0.0,0.027,0.527,59,28,48,63,603,225,178,27,4,5,58,1.581,0.75,1.286,1.688,16.158,6.029,4.77,0.723,0.107,0.134,1.554,157,79,4.207,2.117,0.503,3,0,0.08,0.0,0.097,0.903
3341,Steve Cook,England,AFC Bournemouth,"Left Center Back, Right Center Back",36,36,3347.4,4,2.351,26,8,10,1,1,11,14,0.108,0.063,0.699,0.215,0.269,0.027,0.308,0.154,0.09,1.649,0.038,0.423,0.538,0,4,0.0,0.108,1641,1312,158,1273,112,1038,178,425,3,0,101,1,44.121,35.275,0.081,0.0,2.716,0.027,0.8,0.096,0.776,0.068,0.633,0.108,0.259,0.002,0.0,0.062,0.001,1078,1,0,10,5,4,1,0,28.984,0.027,0.0,0.269,0.134,0.108,0.027,0.0,0.0,40,60,253,62,189,132,86,21,0,3,20,1.075,1.613,6.802,1.667,5.082,3.549,2.312,0.565,0.0,0.081,0.538,214,148,5.754,3.979,0.692,5,0,0.134,0.0,0.11,0.89
3874,Mark Noble,England,West Ham United,"Center Attacking Midfield, Center Defensive Midfield, Left Center Midfield, Left Defensive Midfield, Right Center Midfield, Right Defensive Midfield",37,37,3346.2,7,4.02,34,13,22,0,3,31,0,0.188,0.108,0.914,0.35,0.592,0.0,0.382,0.206,0.118,2.98,0.088,0.912,0.0,4,47,0.108,1.264,1943,1662,152,1655,95,1307,312,324,16,0,82,6,52.259,44.701,0.43,0.0,2.205,0.161,0.855,0.078,0.852,0.049,0.673,0.161,0.167,0.008,0.0,0.042,0.003,1477,40,28,60,45,28,1,0,39.726,1.076,0.753,1.614,1.21,0.753,0.027,0.0,0.7,93,46,26,68,603,244,240,79,4,0,47,2.501,1.237,0.699,1.829,16.218,6.563,6.455,2.125,0.108,0.0,1.264,51,18,1.372,0.484,0.353,8,1,0.215,0.027,0.084,0.916
4429,Yann Gérard M''Vila,France,Sunderland,"Center Defensive Midfield, Left Center Midfield, Left Defensive Midfield, Right Center Midfield, Right Defensive Midfield",37,36,3335.8,1,0.991,30,5,12,0,1,28,1,0.027,0.027,0.809,0.135,0.324,0.0,0.167,0.033,0.033,0.009,0.033,0.933,0.033,3,46,0.081,1.241,1799,1404,131,1513,99,1179,241,379,36,0,82,9,48.537,37.88,0.971,0.0,2.212,0.243,0.78,0.073,0.841,0.055,0.655,0.134,0.211,0.02,0.0,0.046,0.005,1330,38,28,55,28,24,1,0,35.883,1.025,0.755,1.484,0.755,0.648,0.027,0.0,0.737,109,65,102,73,630,233,212,73,2,1,20,2.941,1.754,2.752,1.97,16.997,6.286,5.72,1.97,0.054,0.027,0.54,82,48,2.212,1.295,0.585,1,0,0.027,0.0,0.079,0.921
3960,José Miguel da Rocha Fonte,Portugal,Southampton,"Center Attacking Midfield, Center Back, Left Center Back, Right Center Back",37,37,3327.2,2,2.732,24,7,4,0,3,4,17,0.054,0.074,0.649,0.189,0.108,0.0,0.292,0.083,0.114,-0.732,0.125,0.167,0.708,0,5,0.0,0.135,1642,1375,147,1315,113,1100,163,379,7,0,36,2,44.416,37.193,0.189,0.0,0.974,0.054,0.837,0.09,0.801,0.069,0.67,0.099,0.231,0.004,0.0,0.022,0.001,1136,4,4,12,9,7,2,0,30.729,0.108,0.108,0.325,0.243,0.189,0.054,0.0,1.0,51,58,229,67,274,128,108,20,0,2,24,1.38,1.569,6.194,1.812,7.412,3.462,2.921,0.541,0.0,0.054,0.649,180,113,4.869,3.057,0.628,4,1,0.108,0.027,0.102,0.898
40123,Robert Huth,Germany,Leicester City,"Left Center Back, Right Center Back",35,35,3313.3,3,2.6,30,7,5,0,1,6,23,0.081,0.071,0.815,0.19,0.136,0.0,0.233,0.1,0.087,0.4,0.033,0.2,0.767,0,1,0.0,0.027,794,612,160,417,132,417,156,221,1,0,5,0,21.568,16.624,0.027,0.0,0.136,0.0,0.771,0.202,0.525,0.166,0.525,0.196,0.278,0.001,0.0,0.006,0.0,390,4,4,18,3,8,1,0,10.594,0.109,0.109,0.489,0.081,0.217,0.027,0.0,1.0,37,46,312,64,252,83,79,11,1,3,36,1.005,1.25,8.475,1.738,6.845,2.255,2.146,0.299,0.027,0.081,0.978,240,154,6.519,4.183,0.642,8,0,0.217,0.0,0.276,0.724
3407,Scott Dann,England,Crystal Palace,Right Center Back,35,35,3306.0,5,2.713,32,11,4,0,1,6,25,0.136,0.074,0.871,0.299,0.109,0.0,0.344,0.156,0.085,2.287,0.031,0.188,0.781,0,8,0.0,0.218,1111,837,92,797,116,553,182,376,2,0,35,1,30.245,22.786,0.054,0.0,0.953,0.027,0.753,0.083,0.717,0.104,0.498,0.164,0.338,0.002,0.0,0.032,0.001,672,11,8,15,4,12,3,1,18.294,0.299,0.218,0.408,0.109,0.327,0.082,0.027,0.727,32,38,210,75,213,127,91,13,0,1,30,0.871,1.034,5.717,2.042,5.799,3.457,2.477,0.354,0.0,0.027,0.817,241,156,6.561,4.247,0.647,7,0,0.191,0.0,0.104,0.896
3567,Georginio Wijnaldum,Netherlands,Newcastle United,"Center Attacking Midfield, Left Attacking Midfield, Left Center Midfield, Left Defensive Midfield, Left Midfield, Left Wing, Right Center Midfield, Right Defensive Midfield, Right Wing",38,36,3305.1,11,7.722,54,29,24,4,3,41,10,0.3,0.21,1.47,0.79,0.654,0.109,0.537,0.204,0.143,3.278,0.056,0.759,0.185,4,42,0.109,1.144,1264,1055,128,1038,56,913,180,171,20,0,23,7,34.42,28.728,0.545,0.0,0.626,0.191,0.835,0.101,0.821,0.044,0.722,0.142,0.135,0.016,0.0,0.018,0.006,1197,117,81,63,70,69,0,1,32.595,3.186,2.206,1.716,1.906,1.879,0.0,0.027,0.692,42,23,28,41,413,224,137,23,7,3,19,1.144,0.626,0.762,1.116,11.246,6.1,3.731,0.626,0.191,0.082,0.517,99,41,2.696,1.116,0.414,1,0,0.027,0.0,0.108,0.892
10960,Jamie Vardy,England,Leicester City,"Center Forward, Left Center Forward, Right Center Forward",36,36,3305.0,24,22.299,118,51,34,22,37,66,15,0.654,0.607,3.213,1.389,0.926,0.599,0.432,0.203,0.189,1.701,0.314,0.559,0.127,5,41,0.136,1.116,679,426,109,369,103,316,188,175,50,10,15,2,18.49,11.601,1.362,0.272,0.408,0.054,0.627,0.161,0.543,0.152,0.465,0.277,0.258,0.074,0.015,0.022,0.003,607,76,39,34,49,82,0,4,16.53,2.07,1.062,0.926,1.334,2.233,0.0,0.109,0.513,42,9,9,48,493,97,132,20,2,0,44,1.144,0.245,0.245,1.307,13.425,2.641,3.595,0.545,0.054,0.0,1.198,296,112,8.061,3.05,0.378,7,1,0.191,0.027,0.251,0.749
3289,Romelu Lukaku Menama,Belgium,Everton,"Center Forward, Left Center Forward, Right Center Forward",37,36,3299.5,18,18.157,116,46,35,11,69,25,22,0.491,0.495,3.164,1.255,0.955,0.3,0.397,0.155,0.157,-0.157,0.595,0.216,0.19,6,49,0.164,1.337,1112,804,579,331,74,733,224,155,28,3,15,12,30.332,21.931,0.764,0.082,0.409,0.327,0.723,0.521,0.298,0.067,0.659,0.201,0.139,0.025,0.003,0.013,0.011,1047,88,46,35,95,122,0,1,28.559,2.4,1.255,0.955,2.591,3.328,0.0,0.027,0.523,17,3,5,34,305,97,103,8,2,0,35,0.464,0.082,0.136,0.927,8.319,2.646,2.81,0.218,0.055,0.0,0.955,287,126,7.828,3.437,0.439,3,0,0.082,0.0,0.645,0.355
10958,Chris Smalling,England,Manchester United,"Center Back, Left Center Back, Right Center Back",35,35,3288.1,0,1.711,21,2,7,1,1,6,14,0.0,0.047,0.575,0.055,0.192,0.027,0.095,0.0,0.081,-1.711,0.048,0.286,0.667,1,6,0.027,0.164,1522,1280,140,1104,161,1045,197,280,1,0,51,0,41.659,35.035,0.027,0.0,1.396,0.0,0.841,0.092,0.725,0.106,0.687,0.129,0.184,0.001,0.0,0.034,0.0,1029,8,7,15,8,9,0,0,28.165,0.219,0.192,0.411,0.219,0.246,0.0,0.0,0.875,72,48,242,58,413,132,130,16,1,6,47,1.971,1.314,6.624,1.588,11.304,3.613,3.558,0.438,0.027,0.164,1.286,282,199,7.719,5.447,0.706,8,0,0.219,0.0,0.113,0.887
9625,Glenn Whelan,Ireland,Stoke City,"Center Defensive Midfield, Left Center Midfield, Left Defensive Midfield, Right Center Midfield, Right Defensive Midfield",37,37,3286.3,0,0.218,11,3,5,0,0,11,0,0.0,0.006,0.301,0.082,0.137,0.0,0.273,0.0,0.02,-0.218,0.0,1.0,0.0,1,22,0.027,0.603,2037,1755,158,1740,93,1487,247,303,8,0,67,1,55.786,48.063,0.219,0.0,1.835,0.027,0.862,0.078,0.854,0.046,0.73,0.121,0.149,0.004,0.0,0.033,0.0,1555,23,18,25,22,15,0,0,42.586,0.63,0.493,0.685,0.603,0.411,0.0,0.0,0.783,80,60,105,87,568,247,220,62,0,1,30,2.191,1.643,2.876,2.383,15.555,6.764,6.025,1.698,0.0,0.027,0.822,85,53,2.328,1.451,0.624,7,0,0.192,0.0,0.083,0.917
5458,Odion Jude Ighalo,Nigeria,Watford,"Center Attacking Midfield, Center Forward, Left Center Forward, Left Midfield, Right Center Forward, Right Wing",37,36,3282.0,15,16.919,111,49,29,23,30,67,14,0.411,0.464,3.044,1.344,0.795,0.631,0.441,0.135,0.152,-1.919,0.27,0.604,0.126,2,33,0.055,0.905,707,532,112,527,29,469,161,77,10,4,2,3,19.388,14.589,0.274,0.11,0.055,0.082,0.752,0.158,0.745,0.041,0.663,0.228,0.109,0.014,0.006,0.003,0.004,854,92,53,60,103,128,0,1,23.419,2.523,1.453,1.645,2.824,3.51,0.0,0.027,0.576,27,18,27,36,498,125,153,16,4,1,46,0.74,0.494,0.74,0.987,13.656,3.428,4.196,0.439,0.11,0.027,1.261,171,24,4.689,0.658,0.14,4,0,0.11,0.0,0.193,0.807
3311,Daley Blind,Netherlands,Manchester United,"Left Back, Left Center Back, Left Wing Back",35,35,3245.7,1,0.11,4,2,2,0,4,0,0,0.028,0.003,0.111,0.055,0.055,0.0,0.5,0.25,0.028,0.89,1.0,0.0,0.0,1,28,0.028,0.776,2215,1786,1831,222,86,1466,211,538,25,2,98,5,61.42,49.524,0.693,0.055,2.717,0.139,0.806,0.827,0.1,0.039,0.662,0.095,0.243,0.011,0.001,0.044,0.002,1511,17,13,17,11,11,1,0,41.899,0.471,0.36,0.471,0.305,0.305,0.028,0.0,0.765,91,67,150,73,541,162,224,34,2,2,33,2.523,1.858,4.159,2.024,15.001,4.492,6.211,0.943,0.055,0.055,0.915,124,48,3.438,1.331,0.387,2,0,0.055,0.0,0.892,0.108
3291,Joe Hart,England,Manchester City,Goalkeeper,35,35,3241.5,0,0.0,0,0,0,0,0,0,0,0.0,0.0,0.0,0.0,0.0,0.0,0.0,0.0,0.0,0.0,0.0,0.0,0.0,0,2,0.0,0.056,848,502,67,597,2,288,42,518,0,0,38,0,23.545,13.938,0.0,0.0,1.055,0.0,0.592,0.079,0.704,0.002,0.34,0.05,0.611,0.0,0.0,0.045,0.0,350,1,1,4,0,0,1,0,9.718,0.028,0.028,0.111,0.0,0.0,0.028,0.0,1.0,0,0,1,2,4,144,0,0,0,0,0,0.0,0.0,0.028,0.056,0.111,3.998,0.0,0.0,0.0,0.0,0.0,0,0,0.0,0.0,0.0,0,0,0.0,0.0,0.101,0.899
3467,Erik Pieters,Netherlands,Stoke City,Left Back,35,35,3225.9,0,0.077,5,1,1,0,4,1,0,0.0,0.002,0.139,0.028,0.028,0.0,0.2,0.0,0.015,-0.077,0.8,0.2,0.0,1,19,0.028,0.53,1956,1465,1332,130,97,1047,430,479,69,0,48,5,54.571,40.872,1.925,0.0,1.339,0.139,0.749,0.681,0.066,0.05,0.535,0.22,0.245,0.035,0.0,0.025,0.003,1234,25,12,49,21,24,1,0,34.428,0.697,0.335,1.367,0.586,0.67,0.028,0.0,0.48,119,74,124,96,599,169,201,56,2,10,66,3.32,2.065,3.459,2.678,16.712,4.715,5.608,1.562,0.056,0.279,1.841,130,76,3.627,2.12,0.585,10,0,0.279,0.0,0.911,0.089
3669,Virgil van Dijk,Netherlands,Southampton,"Left Center Back, Right Center Back",34,34,3212.9,3,2.999,29,9,4,3,3,13,13,0.084,0.084,0.812,0.252,0.112,0.084,0.31,0.103,0.103,0.001,0.103,0.448,0.448,0,8,0.0,0.224,1412,1186,209,1000,114,905,171,336,4,0,77,1,39.553,33.222,0.112,0.0,2.157,0.028,0.84,0.148,0.708,0.081,0.641,0.121,0.238,0.003,0.0,0.055,0.001,945,13,10,14,10,8,1,0,26.471,0.364,0.28,0.392,0.28,0.224,0.028,0.0,0.769,66,69,292,51,272,126,100,5,1,6,31,1.849,1.933,8.18,1.429,7.619,3.53,2.801,0.14,0.028,0.168,0.868,271,204,7.591,5.714,0.753,2,0,0.056,0.0,0.173,0.827
3539,Simon Mignolet,Belgium,Liverpool,Goalkeeper,34,34,3210.7,0,0.0,0,0,0,0,0,0,0,0.0,0.0,0.0,0.0,0.0,0.0,0.0,0.0,0.0,0.0,0.0,0.0,0.0,0,0,0.0,0.0,934,616,53,695,2,408,48,478,0,0,10,0,26.181,17.267,0.0,0.0,0.28,0.0,0.66,0.057,0.744,0.002,0.437,0.051,0.512,0.0,0.0,0.011,0.0,439,4,4,3,0,0,2,0,12.306,0.112,0.112,0.084,0.0,0.0,0.056,0.0,1.0,0,0,1,4,3,161,0,1,0,0,0,0.0,0.0,0.028,0.112,0.084,4.513,0.0,0.028,0.0,0.0,0.0,0,0,0.0,0.0,0.0,2,0,0.056,0.0,0.071,0.929
3596,Gareth McAuley,Northern Ireland,West Bromwich Albion,"Center Back, Right Center Back",34,34,3209.4,1,0.85,8,3,1,2,1,2,5,0.028,0.024,0.224,0.084,0.028,0.056,0.375,0.125,0.106,0.15,0.125,0.25,0.625,0,6,0.0,0.168,847,588,76,620,85,392,95,360,1,1,27,2,23.752,16.489,0.028,0.028,0.757,0.056,0.694,0.09,0.732,0.1,0.463,0.112,0.425,0.001,0.001,0.032,0.002,538,8,8,18,10,8,1,0,15.087,0.224,0.224,0.505,0.28,0.224,0.028,0.0,1.0,53,39,262,71,352,136,129,16,1,1,33,1.486,1.094,7.347,1.991,9.871,3.814,3.617,0.449,0.028,0.028,0.925,207,136,5.805,3.814,0.657,4,1,0.112,0.028,0.11,0.89
3436,Idrissa Gana Gueye,Senegal,Aston Villa,"Center Attacking Midfield, Center Defensive Midfield, Left Center Midfield, Left Defensive Midfield, Right Center Midfield, Right Defensive Midfield",35,35,3202.8,0,1.086,30,4,7,0,6,24,0,0.0,0.031,0.843,0.112,0.197,0.0,0.133,0.0,0.036,-1.086,0.2,0.8,0.0,1,27,0.028,0.759,1906,1608,160,1579,116,1419,256,231,13,0,38,2,53.559,45.185,0.365,0.0,1.068,0.056,0.844,0.084,0.828,0.061,0.744,0.134,0.121,0.007,0.0,0.02,0.001,1621,108,74,57,56,50,0,0,45.551,3.035,2.079,1.602,1.574,1.405,0.0,0.0,0.685,153,80,50,83,1001,295,319,45,5,0,79,4.299,2.248,1.405,2.332,28.129,8.29,8.964,1.265,0.141,0.0,2.22,87,44,2.445,1.236,0.506,9,0,0.253,0.0,0.094,0.906
3333,David de Gea Quintana,Spain,Manchester United,Goalkeeper,34,34,3198.2,0,0.0,0,0,0,0,0,0,0,0.0,0.0,0.0,0.0,0.0,0.0,0.0,0.0,0.0,0.0,0.0,0.0,0.0,0,0,0.0,0.0,956,596,21,775,0,320,44,592,0,0,33,2,26.903,16.772,0.0,0.0,0.929,0.056,0.623,0.022,0.811,0.0,0.335,0.046,0.619,0.0,0.0,0.035,0.002,407,0,0,0,0,0,0,0,11.453,0.0,0.0,0.0,0.0,0.0,0.0,0.0,0.0,0,0,1,0,1,133,0,1,0,0,0,0.0,0.0,0.028,0.0,0.028,3.743,0.0,0.028,0.0,0.0,0.0,1,0,0.028,0.0,0.0,0,0,0.0,0.0,0.026,0.974
3461,Petr Čech,Czech Republic,Arsenal,Goalkeeper,34,34,3197.5,0,0.0,0,0,0,0,0,0,0,0.0,0.0,0.0,0.0,0.0,0.0,0.0,0.0,0.0,0.0,0.0,0.0,0.0,0,2,0.0,0.056,1036,654,577,205,2,364,30,642,0,0,31,1,29.16,18.408,0.0,0.0,0.873,0.028,0.631,0.557,0.198,0.002,0.351,0.029,0.62,0.0,0.0,0.03,0.001,460,2,2,5,1,0,1,0,12.948,0.056,0.056,0.141,0.028,0.0,0.028,0.0,1.0,0,0,2,2,3,172,0,2,0,1,0,0.0,0.0,0.056,0.056,0.084,4.841,0.0,0.056,0.0,0.028,0.0,0,0,0.0,0.0,0.0,0,0,0.0,0.0,0.738,0.262
3263,Craig Cathcart,Northern Ireland,Watford,"Left Center Back, Right Back, Right Center Back",35,34,3186.1,1,0.552,6,2,3,0,1,3,2,0.028,0.016,0.169,0.056,0.085,0.0,0.333,0.167,0.092,0.448,0.167,0.5,0.333,0,3,0.0,0.085,1050,749,205,684,99,551,106,393,2,0,50,2,29.66,21.158,0.056,0.0,1.412,0.056,0.713,0.195,0.651,0.094,0.525,0.101,0.374,0.002,0.0,0.048,0.002,629,5,4,13,7,4,3,0,17.768,0.141,0.113,0.367,0.198,0.113,0.085,0.0,0.8,50,23,217,49,173,94,85,14,0,2,12,1.412,0.65,6.13,1.384,4.887,2.655,2.401,0.395,0.0,0.056,0.339,152,91,4.294,2.571,0.599,3,0,0.085,0.0,0.231,0.769
3961,N''Golo Kanté,France,Leicester City,"Center Attacking Midfield, Left Center Forward, Left Center Midfield, Left Defensive Midfield, Left Midfield, Right Center Midfield, Right Defensive Midfield",37,33,3179.5,1,0.766,21,5,5,0,1,20,0,0.028,0.022,0.594,0.142,0.142,0.0,0.238,0.048,0.036,0.234,0.048,0.952,0.0,3,27,0.085,0.764,1476,1202,132,1204,94,1006,216,254,20,0,26,3,41.78,34.024,0.566,0.0,0.736,0.085,0.814,0.089,0.816,0.064,0.682,0.146,0.172,0.014,0.0,0.018,0.002,1149,63,48,30,50,44,0,0,32.524,1.783,1.359,0.849,1.415,1.245,0.0,0.0,0.762,164,110,77,114,906,300,373,59,3,2,54,4.642,3.114,2.18,3.227,25.646,8.492,10.558,1.67,0.085,0.057,1.529,129,47,3.652,1.33,0.364,3,0,0.085,0.0,0.098,0.902
4275,Ross Barkley,England,Everton,"Center Attacking Midfield, Left Center Midfield, Left Wing, Right Attacking Midfield, Right Center Forward, Right Center Midfield, Right Defensive Midfield, Right Wing",38,36,3179.3,8,7.685,95,28,22,2,31,62,2,0.226,0.218,2.689,0.793,0.623,0.057,0.295,0.084,0.081,0.315,0.326,0.653,0.021,8,62,0.226,1.755,1921,1593,257,1569,44,1504,186,231,36,2,68,25,54.38,45.095,1.019,0.057,1.925,0.708,0.829,0.134,0.817,0.023,0.783,0.097,0.12,0.019,0.001,0.035,0.013,1858,145,94,86,94,78,1,2,52.596,4.105,2.661,2.434,2.661,2.208,0.028,0.057,0.648,35,11,22,36,421,243,165,27,2,0,34,0.991,0.311,0.623,1.019,11.918,6.879,4.671,0.764,0.057,0.0,0.962,87,37,2.463,1.047,0.425,4,0,0.113,0.0,0.15,0.85
3684,Cheikhou Kouyaté,Senegal,West Ham United,"Center Defensive Midfield, Left Center Back, Left Center Midfield, Left Defensive Midfield, Right Back, Right Center Back, Right Center Midfield, Right Defensive Midfield, Right Wing",34,34,3179.0,5,5.447,46,17,17,5,1,24,19,0.142,0.154,1.302,0.481,0.481,0.142,0.37,0.109,0.118,-0.447,0.022,0.522,0.413,2,16,0.057,0.453,1255,998,138,928,94,838,207,210,15,1,17,3,35.53,28.254,0.425,0.028,0.481,0.085,0.795,0.11,0.739,0.075,0.668,0.165,0.167,0.012,0.001,0.014,0.002,992,45,32,48,33,41,2,0,28.084,1.274,0.906,1.359,0.934,1.161,0.057,0.0,0.711,92,47,95,78,542,201,184,52,4,3,40,2.605,1.331,2.69,2.208,15.344,5.69,5.209,1.472,0.113,0.085,1.132,181,113,5.124,3.199,0.624,5,1,0.142,0.028,0.127,0.873
3662,Danny Drinkwater,England,Leicester City,"Left Center Midfield, Left Defensive Midfield, Right Center Midfield, Right Defensive Midfield",35,35,3173.0,2,1.776,42,10,25,0,9,33,0,0.057,0.05,1.191,0.284,0.709,0.0,0.238,0.048,0.042,0.224,0.214,0.786,0.0,7,41,0.199,1.163,2033,1556,290,1580,109,1195,316,522,37,4,90,14,57.665,44.135,1.049,0.113,2.553,0.397,0.765,0.143,0.777,0.054,0.588,0.155,0.257,0.018,0.002,0.044,0.007,1448,46,28,28,37,24,1,0,41.072,1.305,0.794,0.794,1.049,0.681,0.028,0.0,0.609,109,37,72,74,779,274,319,64,3,0,54,3.092,1.049,2.042,2.099,22.096,7.772,9.048,1.815,0.085,0.0,1.532,105,54,2.978,1.532,0.514,5,1,0.142,0.028,0.156,0.844
4884,Pape N''Diaye Souaré,Senegal,Crystal Palace,Left Back,34,34,3159.8,0,0.441,11,1,5,0,9,2,0,0.0,0.013,0.313,0.028,0.142,0.0,0.091,0.0,0.04,-0.441,0.818,0.182,0.0,1,27,0.028,0.769,1685,1195,1177,76,50,792,383,510,93,0,34,4,47.994,34.037,2.649,0.0,0.968,0.114,0.709,0.699,0.045,0.03,0.47,0.227,0.303,0.055,0.0,0.02,0.002,1103,45,29,35,26,31,0,0,31.417,1.282,0.826,0.997,0.741,0.883,0.0,0.0,0.644,32,60,133,59,276,158,85,15,1,7,32,0.911,1.709,3.788,1.68,7.861,4.5,2.421,0.427,0.028,0.199,0.911,75,34,2.136,0.968,0.453,6,1,0.171,0.028,0.938,0.062
3496,Mesut Özil,Germany,Arsenal,"Center Attacking Midfield, Center Forward, Left Wing, Right Wing",35,35,3135.3,6,5.966,49,19,24,5,43,6,0,0.172,0.171,1.407,0.545,0.689,0.144,0.388,0.122,0.122,0.034,0.878,0.122,0.0,19,142,0.545,4.076,2511,2050,2160,282,22,1821,281,409,89,7,73,32,72.079,58.846,2.555,0.201,2.095,0.919,0.816,0.86,0.112,0.009,0.725,0.112,0.163,0.035,0.003,0.029,0.013,2069,92,54,53,66,86,0,0,59.391,2.641,1.55,1.521,1.895,2.469,0.0,0.0,0.587,34,19,6,25,467,154,157,35,2,2,24,0.976,0.545,0.172,0.718,13.405,4.421,4.507,1.005,0.057,0.057,0.689,33,10,0.947,0.287,0.303,4,0,0.115,0.0,0.884,0.116
4590,Nathaniel Edwin Clyne,England,Liverpool,"Left Back, Right Back, Right Center Back, Right Wing Back",33,33,3115.6,1,2.367,31,6,9,0,4,27,0,0.029,0.068,0.895,0.173,0.26,0.0,0.194,0.032,0.076,-1.367,0.129,0.871,0.0,0,28,0.0,0.809,1943,1520,65,1460,56,1181,382,380,54,2,15,3,56.127,43.908,1.56,0.058,0.433,0.087,0.782,0.033,0.751,0.029,0.608,0.197,0.196,0.028,0.001,0.008,0.002,1341,32,18,26,36,32,0,0,38.737,0.924,0.52,0.751,1.04,0.924,0.0,0.0,0.562,75,35,94,53,443,151,168,28,1,6,21,2.167,1.011,2.715,1.531,12.797,4.362,4.853,0.809,0.029,0.173,0.607,62,17,1.791,0.491,0.274,6,0,0.173,0.0,0.044,0.956
3321,Patrick van Aanholt,Netherlands,Sunderland,"Left Back, Left Center Back, Left Wing Back",33,33,3114.5,4,2.392,46,10,15,2,35,11,0,0.116,0.069,1.329,0.289,0.433,0.058,0.217,0.087,0.052,1.608,0.761,0.239,0.0,4,30,0.116,0.867,1417,1044,858,219,54,790,336,291,49,1,27,2,40.947,30.169,1.416,0.029,0.78,0.058,0.737,0.606,0.155,0.038,0.558,0.237,0.205,0.035,0.001,0.019,0.001,975,66,41,16,27,33,0,0,28.175,1.907,1.185,0.462,0.78,0.954,0.0,0.0,0.621,82,52,72,69,442,184,141,36,1,5,18,2.37,1.503,2.081,1.994,12.773,5.317,4.074,1.04,0.029,0.144,0.52,40,19,1.156,0.549,0.475,2,0,0.058,0.0,0.795,0.205
10967,Robert Brady,Ireland,Norwich City,"Left Back, Left Midfield, Left Wing, Left Wing Back, Right Midfield, Right Wing, Right Wing Back",36,34,3111.1,3,3.112,54,19,6,1,35,16,3,0.087,0.09,1.562,0.55,0.174,0.029,0.352,0.056,0.058,-0.112,0.648,0.296,0.056,2,53,0.058,1.533,1608,1016,1020,266,81,748,336,524,114,1,95,10,46.517,29.392,3.298,0.029,2.748,0.289,0.632,0.634,0.165,0.05,0.465,0.209,0.326,0.071,0.001,0.059,0.006,1129,79,48,18,38,53,0,1,32.66,2.285,1.389,0.521,1.099,1.533,0.0,0.029,0.608,95,45,84,66,530,172,144,55,3,1,51,2.748,1.302,2.43,1.909,15.332,4.976,4.166,1.591,0.087,0.029,1.475,106,60,3.066,1.736,0.566,3,0,0.087,0.0,0.789,0.211
3814,Riyad Mahrez,Algeria,Leicester City,"Center Attacking Midfield, Left Midfield, Right Center Forward, Right Midfield, Right Wing",37,36,3107.4,17,12.164,87,39,19,7,75,9,3,0.492,0.352,2.52,1.13,0.55,0.203,0.448,0.195,0.14,4.836,0.862,0.103,0.034,10,66,0.29,1.912,1174,816,953,91,57,674,224,276,78,1,40,24,34.003,23.634,2.259,0.029,1.159,0.695,0.695,0.812,0.078,0.049,0.574,0.191,0.235,0.066,0.001,0.034,0.02,1282,218,123,92,108,93,0,0,37.131,6.314,3.562,2.665,3.128,2.694,0.0,0.0,0.564,52,33,25,85,587,209,195,64,1,1,29,1.506,0.956,0.724,2.462,17.001,6.053,5.648,1.854,0.029,0.029,0.84,122,42,3.534,1.216,0.344,1,0,0.029,0.0,0.911,0.089
3049,Matt Ritchie,Scotland,AFC Bournemouth,"Left Midfield, Right Center Midfield, Right Midfield",37,33,3106.2,4,4.637,79,19,29,1,67,6,6,0.116,0.134,2.289,0.551,0.84,0.029,0.241,0.051,0.059,-0.637,0.848,0.076,0.076,6,41,0.174,1.188,1675,1176,1057,481,55,993,286,396,89,4,106,6,48.532,34.074,2.579,0.116,3.071,0.174,0.702,0.631,0.287,0.033,0.593,0.171,0.236,0.053,0.002,0.063,0.004,1348,49,26,62,55,55,0,1,39.057,1.42,0.753,1.796,1.594,1.594,0.0,0.029,0.531,53,42,41,85,621,210,270,47,4,1,49,1.536,1.217,1.188,2.463,17.993,6.085,7.823,1.362,0.116,0.029,1.42,82,31,2.376,0.898,0.378,5,0,0.145,0.0,0.698,0.302
9627,Neil Taylor,Wales,Swansea City,"Left Back, Left Wing Back",34,32,3091.1,0,0.184,9,0,3,0,6,3,0,0.0,0.005,0.262,0.0,0.087,0.0,0.0,0.0,0.02,-0.184,0.667,0.333,0.0,1,16,0.029,0.466,1639,1292,927,349,49,907,425,307,55,2,26,2,47.721,37.618,1.601,0.058,0.757,0.058,0.788,0.566,0.213,0.03,0.553,0.259,0.187,0.034,0.001,0.016,0.001,1071,29,12,29,24,21,0,0,31.183,0.844,0.349,0.844,0.699,0.611,0.0,0.0,0.414,46,33,92,81,347,111,130,31,3,3,39,1.339,0.961,2.679,2.358,10.103,3.232,3.785,0.903,0.087,0.087,1.136,75,29,2.184,0.844,0.387,4,0,0.116,0.0,0.726,0.274
9578,Jonathan Howson,England,Norwich City,"Center Attacking Midfield, Left Center Midfield, Left Defensive Midfield, Left Midfield, Left Wing, Right Attacking Midfield, Right Center Midfield, Right Defensive Midfield, Right Midfield, Right Wing",36,33,3088.6,3,2.355,35,9,15,1,6,27,2,0.087,0.069,1.02,0.262,0.437,0.029,0.257,0.086,0.067,0.645,0.171,0.771,0.057,4,31,0.117,0.903,1338,999,190,998,99,884,174,280,27,1,23,4,38.989,29.11,0.787,0.029,0.67,0.117,0.747,0.142,0.746,0.074,0.661,0.13,0.209,0.02,0.001,0.017,0.003,1035,53,33,24,43,33,0,0,30.159,1.544,0.962,0.699,1.253,0.962,0.0,0.0,0.623,82,38,72,71,651,169,236,60,5,0,34,2.389,1.107,2.098,2.069,18.97,4.925,6.877,1.748,0.146,0.0,0.991,125,45,3.642,1.311,0.36,7,0,0.204,0.0,0.161,0.839
3205,Kyle Walker,England,Tottenham Hotspur,"Right Back, Right Center Back",33,33,3070.3,1,0.903,20,7,3,0,2,18,0,0.029,0.026,0.586,0.205,0.088,0.0,0.35,0.05,0.045,0.097,0.1,0.9,0.0,2,34,0.059,0.997,1732,1315,32,1189,101,881,358,493,64,5,65,4,50.77,38.547,1.876,0.147,1.905,0.117,0.759,0.018,0.686,0.058,0.509,0.207,0.285,0.037,0.003,0.038,0.002,1105,48,20,33,23,33,3,0,32.391,1.407,0.586,0.967,0.674,0.967,0.088,0.0,0.417,89,65,112,51,487,181,162,44,2,11,33,2.609,1.905,3.283,1.495,14.275,5.306,4.749,1.29,0.059,0.322,0.967,103,59,3.019,1.729,0.573,7,0,0.205,0.0,0.027,0.973
5594,Branislav Ivanović,Serbia,Chelsea,"Left Center Back, Right Back, Right Center Back",33,33,3067.4,2,2.264,28,5,8,0,5,14,9,0.059,0.066,0.822,0.147,0.235,0.0,0.179,0.071,0.081,-0.264,0.179,0.5,0.321,2,14,0.059,0.411,1569,1276,157,1047,97,936,291,342,38,7,38,0,46.036,37.439,1.115,0.205,1.115,0.0,0.813,0.1,0.667,0.062,0.597,0.185,0.218,0.024,0.004,0.024,0.0,957,18,9,24,14,12,0,0,28.079,0.528,0.264,0.704,0.411,0.352,0.0,0.0,0.5,75,44,131,72,388,121,117,31,0,10,39,2.201,1.291,3.844,2.113,11.384,3.55,3.433,0.91,0.0,0.293,1.144,147,95,4.313,2.787,0.646,5,0,0.147,0.0,0.132,0.868
3044,Chancel Mbemba Mangulu,"Congo, (Kinshasa)",Newcastle United,"Left Center Back, Right Back, Right Center Back",33,33,3067.2,0,1.24,12,2,1,1,1,4,7,0.0,0.036,0.352,0.059,0.029,0.029,0.167,0.0,0.103,-1.24,0.083,0.333,0.583,0,4,0.0,0.117,1162,909,103,936,81,752,141,269,4,0,34,0,34.096,26.673,0.117,0.0,0.998,0.0,0.782,0.089,0.806,0.07,0.647,0.121,0.231,0.003,0.0,0.029,0.0,846,26,20,12,9,8,4,0,24.824,0.763,0.587,0.352,0.264,0.235,0.117,0.0,0.769,81,63,285,66,315,121,116,30,1,1,22,2.377,1.849,8.363,1.937,9.243,3.55,3.404,0.88,0.029,0.029,0.646,137,80,4.02,2.347,0.584,5,0,0.147,0.0,0.1,0.9
3294,Juan Manuel Mata García,Spain,Manchester United,"Center Attacking Midfield, Center Defensive Midfield, Left Center Midfield, Left Defensive Midfield, Right Attacking Midfield, Right Center Midfield, Right Defensive Midfield, Right Midfield, Right Wing",38,34,3060.8,6,5.867,58,22,26,1,49,7,2,0.176,0.173,1.705,0.647,0.765,0.029,0.379,0.103,0.101,0.133,0.845,0.121,0.034,5,51,0.147,1.5,1914,1634,1556,296,31,1421,238,255,52,8,75,21,56.279,48.046,1.529,0.235,2.205,0.617,0.854,0.813,0.155,0.016,0.742,0.124,0.133,0.027,0.004,0.039,0.011,1646,61,40,41,51,39,0,1,48.399,1.794,1.176,1.206,1.5,1.147,0.0,0.029,0.656,31,23,17,34,396,159,152,38,2,1,27,0.912,0.676,0.5,1.0,11.644,4.675,4.469,1.117,0.059,0.029,0.794,38,10,1.117,0.294,0.263,6,1,0.176,0.029,0.841,0.159
3043,Christian Dannemann Eriksen,Denmark,Tottenham Hotspur,"Center Attacking Midfield, Left Attacking Midfield, Left Defensive Midfield, Left Wing, Right Attacking Midfield, Right Wing",35,33,3043.2,6,5.11,99,41,22,3,20,79,0,0.177,0.151,2.928,1.213,0.651,0.089,0.414,0.061,0.052,0.89,0.202,0.798,0.0,12,107,0.355,3.164,2041,1559,390,1486,95,1322,289,430,74,9,86,23,60.361,46.106,2.188,0.266,2.543,0.68,0.764,0.191,0.728,0.047,0.648,0.142,0.211,0.036,0.004,0.042,0.011,1586,76,39,24,70,67,1,0,46.905,2.248,1.153,0.71,2.07,1.981,0.03,0.0,0.513,52,30,28,70,564,232,258,33,1,1,17,1.538,0.887,0.828,2.07,16.68,6.861,7.63,0.976,0.03,0.03,0.503,67,29,1.981,0.858,0.433,2,0,0.059,0.0,0.208,0.792
3944,Gylfi Þór Sigurðsson,Iceland,Swansea City,"Center Attacking Midfield, Center Forward, Left Attacking Midfield, Left Center Midfield, Left Defensive Midfield, Left Midfield, Left Wing, Right Attacking Midfield, Right Center Midfield, Right Defensive Midfield, Right Midfield, Right Wing",36,31,3042.6,11,7.495,89,31,18,3,24,64,1,0.325,0.222,2.633,0.917,0.532,0.089,0.348,0.124,0.084,3.505,0.27,0.719,0.011,3,60,0.089,1.775,1346,969,249,1038,37,925,182,239,57,3,45,19,39.815,28.663,1.686,0.089,1.331,0.562,0.72,0.185,0.771,0.027,0.687,0.135,0.178,0.042,0.002,0.033,0.014,1036,54,29,33,48,54,0,0,30.645,1.597,0.858,0.976,1.42,1.597,0.0,0.0,0.537,41,27,20,71,743,121,298,48,2,0,38,1.213,0.799,0.592,2.1,21.978,3.579,8.815,1.42,0.059,0.0,1.124,60,14,1.775,0.414,0.233,6,0,0.177,0.0,0.199,0.801
3478,Francesc Fàbregas i Soler,Spain,Chelsea,"Center Attacking Midfield, Left Center Back, Left Center Midfield, Left Defensive Midfield, Right Center Midfield, Right Defensive Midfield, Right Wing, Right Wing Back",37,33,3037.4,5,4.029,48,20,14,2,0,41,7,0.148,0.119,1.422,0.593,0.415,0.059,0.417,0.104,0.084,0.971,0.0,0.854,0.146,7,69,0.207,2.045,2947,2406,244,2595,68,2057,367,523,45,11,99,51,87.321,71.291,1.333,0.326,2.933,1.511,0.816,0.083,0.881,0.023,0.698,0.125,0.177,0.015,0.004,0.034,0.017,2161,42,24,51,42,26,0,0,64.032,1.244,0.711,1.511,1.244,0.77,0.0,0.0,0.571,118,33,23,73,776,191,295,70,8,1,43,3.496,0.978,0.682,2.163,22.993,5.659,8.741,2.074,0.237,0.03,1.274,70,31,2.074,0.919,0.443,5,0,0.148,0.0,0.085,0.915
3623,Adrián San Miguel del Castillo,Spain,West Ham United,"Goalkeeper, Right Back",32,32,3025.8,0,0.0,0,0,0,0,0,0,0,0.0,0.0,0.0,0.0,0.0,0.0,0.0,0.0,0.0,0.0,0.0,0.0,0.0,0,0,0.0,0.0,998,556,49,723,2,269,52,677,0,0,15,0,29.685,16.538,0.0,0.0,0.446,0.0,0.557,0.049,0.724,0.002,0.27,0.052,0.678,0.0,0.0,0.015,0.0,405,1,1,2,1,1,2,0,12.046,0.03,0.03,0.059,0.03,0.03,0.059,0.0,1.0,0,0,4,1,2,170,0,2,0,1,1,0.0,0.0,0.119,0.03,0.059,5.057,0.0,0.059,0.0,0.03,0.03,0,0,0.0,0.0,0.0,1,1,0.03,0.03,0.063,0.937
20045,Ryan Bertrand,England,Southampton,"Left Back, Left Center Back, Left Wing Back",32,32,3024.0,1,1.276,13,3,4,0,13,0,0,0.03,0.038,0.387,0.089,0.119,0.0,0.231,0.077,0.098,-0.276,1.0,0.0,0.0,3,22,0.089,0.655,1565,1170,1086,113,55,796,368,401,72,6,44,1,46.577,34.821,2.143,0.179,1.31,0.03,0.748,0.694,0.072,0.035,0.509,0.235,0.256,0.046,0.004,0.028,0.001,992,44,20,29,28,25,1,0,29.524,1.31,0.595,0.863,0.833,0.744,0.03,0.0,0.455,52,47,99,57,374,117,134,23,2,1,36,1.548,1.399,2.946,1.696,11.131,3.482,3.988,0.685,0.06,0.03,1.071,116,66,3.452,1.964,0.569,6,0,0.179,0.0,0.907,0.093
20074,Artur Boruc,Poland,AFC Bournemouth,Goalkeeper,32,32,3022.1,0,0.0,0,0,0,0,0,0,0,0.0,0.0,0.0,0.0,0.0,0.0,0.0,0.0,0.0,0.0,0.0,0.0,0.0,0,2,0.0,0.06,913,576,125,587,0,385,38,490,0,0,25,0,27.19,17.154,0.0,0.0,0.745,0.0,0.631,0.137,0.643,0.0,0.422,0.042,0.537,0.0,0.0,0.027,0.0,340,1,1,2,0,0,4,0,10.125,0.03,0.03,0.06,0.0,0.0,0.119,0.0,1.0,0,1,2,0,4,158,0,1,0,0,1,0.0,0.03,0.06,0.0,0.119,4.705,0.0,0.03,0.0,0.0,0.03,0,0,0.0,0.0,0.0,2,0,0.06,0.0,0.176,0.824
3290,Federico Fernández,Argentina,Swansea City,"Center Back, Left Center Back, Right Center Back",32,32,3018.5,1,1.715,17,2,2,1,0,4,12,0.03,0.051,0.507,0.06,0.06,0.03,0.118,0.059,0.101,-0.715,0.0,0.235,0.706,1,9,0.03,0.268,1745,1473,54,1510,117,1304,173,268,2,1,32,3,52.029,43.919,0.06,0.03,0.954,0.089,0.844,0.031,0.865,0.067,0.747,0.099,0.154,0.001,0.001,0.018,0.002,1290,5,4,23,6,7,1,0,38.463,0.149,0.119,0.686,0.179,0.209,0.03,0.0,0.8,68,49,222,64,312,114,126,33,3,2,39,2.027,1.461,6.619,1.908,9.303,3.399,3.757,0.984,0.089,0.06,1.163,199,121,5.933,3.608,0.608,3,0,0.089,0.0,0.034,0.966
3347,André Ayew Pelé,Ghana,Swansea City,"Center Attacking Midfield, Center Forward, Left Center Forward, Left Center Midfield, Left Midfield, Left Wing, Right Attacking Midfield, Right Center Forward, Right Midfield, Right Wing",34,33,3018.2,12,7.593,69,26,14,3,40,7,22,0.358,0.226,2.058,0.775,0.417,0.089,0.377,0.174,0.11,4.407,0.58,0.101,0.319,2,19,0.06,0.567,1098,882,885,77,63,742,207,149,15,3,11,8,32.741,26.3,0.447,0.089,0.328,0.239,0.803,0.806,0.07,0.057,0.676,0.189,0.136,0.014,0.003,0.01,0.007,1047,83,41,81,73,64,0,2,31.221,2.475,1.223,2.415,2.177,1.908,0.0,0.06,0.494,63,16,16,67,599,114,214,33,2,1,38,1.879,0.477,0.477,1.998,17.862,3.399,6.381,0.984,0.06,0.03,1.133,158,57,4.711,1.7,0.361,5,0,0.149,0.0,0.917,0.083
3693,Damien Delaney,Ireland,Crystal Palace,Left Center Back,32,32,3016.6,2,2.492,21,5,10,3,8,4,9,0.06,0.074,0.627,0.149,0.298,0.09,0.238,0.095,0.119,-0.492,0.381,0.19,0.429,3,8,0.09,0.239,1072,785,651,234,106,553,121,398,2,0,31,1,31.983,23.42,0.06,0.0,0.925,0.03,0.732,0.607,0.218,0.099,0.516,0.113,0.371,0.002,0.0,0.029,0.001,657,4,4,15,6,6,0,0,19.602,0.119,0.119,0.448,0.179,0.179,0.0,0.0,1.0,41,38,219,71,238,91,62,19,1,4,23,1.223,1.134,6.534,2.118,7.101,2.715,1.85,0.567,0.03,0.119,0.686,213,132,6.355,3.938,0.62,2,0,0.06,0.0,0.735,0.265
3633,Gareth Barry,England,Everton,"Center Defensive Midfield, Left Back, Left Center Midfield, Left Defensive Midfield, Right Center Forward, Right Center Midfield, Right Defensive Midfield",33,32,2971.1,0,1.076,17,4,8,1,6,6,5,0.0,0.033,0.515,0.121,0.242,0.03,0.235,0.0,0.063,-1.076,0.353,0.353,0.294,0,33,0.0,1.0,2098,1710,1664,249,124,1355,286,457,20,0,60,9,63.552,51.799,0.606,0.0,1.818,0.273,0.815,0.793,0.119,0.059,0.646,0.136,0.218,0.01,0.0,0.029,0.004,1507,25,19,29,26,12,2,0,45.65,0.757,0.576,0.878,0.788,0.364,0.061,0.0,0.76,103,39,88,79,659,196,269,52,1,0,57,3.12,1.181,2.666,2.393,19.962,5.937,8.148,1.575,0.03,0.0,1.727,126,81,3.817,2.454,0.643,7,1,0.212,0.03,0.868,0.132
3394,Laurent Koscielny,France,Arsenal,Left Center Back,33,33,2969.2,4,3.202,20,9,5,2,1,6,13,0.121,0.097,0.606,0.273,0.152,0.061,0.45,0.2,0.16,0.798,0.05,0.3,0.65,0,9,0.0,0.273,1671,1458,185,1303,113,1229,200,242,2,1,33,5,50.65,44.194,0.061,0.03,1.0,0.152,0.873,0.111,0.78,0.068,0.735,0.12,0.145,0.001,0.001,0.02,0.003,1210,8,5,26,11,7,0,0,36.677,0.242,0.152,0.788,0.333,0.212,0.0,0.0,0.625,53,61,218,71,269,162,131,14,2,7,34,1.606,1.849,6.608,2.152,8.154,4.91,3.971,0.424,0.061,0.212,1.031,209,134,6.335,4.062,0.641,3,0,0.091,0.0,0.124,0.876
3626,Ben Watson,England,Watford,"Center Defensive Midfield, Left Center Midfield, Left Defensive Midfield, Right Center Midfield, Right Defensive Midfield, Right Midfield",35,31,2959.7,1,0.515,16,4,8,0,0,16,0,0.03,0.016,0.487,0.122,0.243,0.0,0.25,0.062,0.032,0.485,0.0,1.0,0.0,0,35,0.0,1.064,1599,1186,119,1301,117,895,231,473,31,0,93,4,48.623,36.064,0.943,0.0,2.828,0.122,0.742,0.074,0.814,0.073,0.56,0.144,0.296,0.019,0.0,0.058,0.003,900,17,12,17,12,23,0,0,27.368,0.517,0.365,0.517,0.365,0.699,0.0,0.0,0.706,69,42,90,74,608,139,252,68,3,0,47,2.098,1.277,2.737,2.25,18.488,4.227,7.663,2.068,0.091,0.0,1.429,124,66,3.771,2.007,0.532,4,0,0.122,0.0,0.083,0.917
3967,Claudio Ariel Yacob,Argentina,West Bromwich Albion,"Center Defensive Midfield, Left Center Midfield, Left Defensive Midfield, Left Midfield, Right Center Midfield, Right Defensive Midfield",34,33,2953.7,0,0.216,9,0,7,0,3,6,0,0.0,0.007,0.274,0.0,0.213,0.0,0.0,0.0,0.024,-0.216,0.333,0.667,0.0,1,9,0.03,0.274,1118,870,85,879,101,637,209,272,5,0,30,2,34.066,26.509,0.152,0.0,0.914,0.061,0.778,0.076,0.786,0.09,0.57,0.187,0.243,0.004,0.0,0.027,0.002,759,18,10,49,22,10,1,0,23.127,0.548,0.305,1.493,0.67,0.305,0.03,0.0,0.556,115,60,92,89,770,203,267,77,3,0,69,3.504,1.828,2.803,2.712,23.462,6.185,8.136,2.346,0.091,0.0,2.102,106,64,3.23,1.95,0.604,8,0,0.244,0.0,0.09,0.91
20285,Joleon Lescott,England,"Aston Villa, West Bromwich Albion","Center Back, Left Back, Left Center Back, Right Center Back",32,32,2940.0,2,1.541,11,4,5,0,4,1,6,0.061,0.047,0.337,0.122,0.153,0.0,0.364,0.182,0.14,0.459,0.364,0.091,0.545,0,4,0.0,0.122,1043,828,739,129,108,608,162,273,4,0,12,2,31.929,25.347,0.122,0.0,0.367,0.061,0.794,0.709,0.124,0.104,0.583,0.155,0.262,0.004,0.0,0.012,0.002,654,10,9,8,9,14,3,0,20.02,0.306,0.276,0.245,0.276,0.429,0.092,0.0,0.9,44,36,232,56,277,106,112,19,1,3,23,1.347,1.102,7.102,1.714,8.48,3.245,3.429,0.582,0.031,0.092,0.704,167,121,5.112,3.704,0.725,2,0,0.061,0.0,0.851,0.149
3721,Etienne Capoue,France,Watford,"Center Attacking Midfield, Left Center Midfield, Left Defensive Midfield, Left Midfield, Right Center Midfield, Right Defensive Midfield, Right Midfield",33,33,2933.8,0,2.756,35,8,16,0,6,28,1,0.0,0.085,1.074,0.245,0.491,0.0,0.229,0.0,0.079,-2.756,0.171,0.8,0.029,1,23,0.031,0.706,1595,1245,184,1277,87,987,249,359,20,0,68,7,48.93,38.193,0.614,0.0,2.086,0.215,0.781,0.115,0.801,0.055,0.619,0.156,0.225,0.013,0.0,0.043,0.004,1292,93,54,65,56,44,0,0,39.635,2.853,1.657,1.994,1.718,1.35,0.0,0.0,0.581,95,61,56,62,629,230,258,52,7,1,64,2.914,1.871,1.718,1.902,19.296,7.056,7.915,1.595,0.215,0.031,1.963,73,44,2.239,1.35,0.603,7,0,0.215,0.0,0.127,0.873
3650,Daryl Janmaat,Netherlands,Newcastle United,"Left Center Forward, Right Back, Right Wing Back",32,32,2928.9,2,1.204,21,8,6,0,8,13,0,0.061,0.037,0.645,0.246,0.184,0.0,0.381,0.095,0.057,0.796,0.381,0.619,0.0,4,26,0.123,0.799,1731,1264,183,1098,85,806,433,492,116,3,35,5,53.191,38.841,3.564,0.092,1.075,0.154,0.73,0.106,0.634,0.049,0.466,0.25,0.284,0.067,0.002,0.02,0.003,1047,67,46,8,29,25,0,0,32.172,2.059,1.413,0.246,0.891,0.768,0.0,0.0,0.687,91,31,111,64,412,138,207,46,5,2,34,2.796,0.953,3.411,1.967,12.66,4.24,6.361,1.413,0.154,0.061,1.045,77,40,2.366,1.229,0.519,7,1,0.215,0.031,0.147,0.853
31296,Sébastien Aymar Bassong Nguena,Cameroon,Norwich City,Left Center Back,32,30,2923.3,1,1.847,20,2,4,0,4,1,15,0.031,0.057,0.616,0.062,0.123,0.0,0.1,0.05,0.092,-0.847,0.2,0.05,0.75,0,2,0.0,0.062,950,737,629,144,95,549,134,267,3,0,19,1,29.248,22.69,0.092,0.0,0.585,0.031,0.776,0.662,0.152,0.1,0.578,0.141,0.281,0.003,0.0,0.02,0.001,560,13,12,22,7,6,1,0,17.241,0.4,0.369,0.677,0.216,0.185,0.031,0.0,0.923,28,24,233,40,250,108,82,10,2,2,27,0.862,0.739,7.173,1.231,7.697,3.325,2.525,0.308,0.062,0.062,0.831,202,145,6.219,4.464,0.718,4,0,0.123,0.0,0.814,0.186
3537,Jack Butland,England,Stoke City,Goalkeeper,31,31,2916.7,0,0.0,0,0,0,0,0,0,0,0.0,0.0,0.0,0.0,0.0,0.0,0.0,0.0,0.0,0.0,0.0,0.0,0.0,0,1,0.0,0.031,1013,551,130,658,0,297,26,690,0,0,31,0,31.258,17.002,0.0,0.0,0.957,0.0,0.544,0.128,0.65,0.0,0.293,0.026,0.681,0.0,0.0,0.031,0.0,431,1,1,2,0,2,3,0,13.299,0.031,0.031,0.062,0.0,0.062,0.093,0.0,1.0,0,0,0,0,6,191,1,3,0,1,1,0.0,0.0,0.0,0.0,0.185,5.894,0.031,0.093,0.0,0.031,0.031,1,0,0.031,0.0,0.0,0,0,0.0,0.0,0.165,0.835
3244,John Stones,England,Everton,"Left Center Midfield, Right Back, Right Center Back",33,31,2910.0,0,0.686,8,1,2,0,1,2,5,0.0,0.021,0.247,0.031,0.062,0.0,0.125,0.0,0.086,-0.686,0.125,0.25,0.625,0,4,0.0,0.124,1596,1414,196,1309,51,1268,151,177,6,1,53,4,49.361,43.732,0.186,0.031,1.639,0.124,0.886,0.123,0.82,0.032,0.794,0.095,0.111,0.004,0.001,0.033,0.003,1223,18,11,31,21,9,0,0,37.825,0.557,0.34,0.959,0.649,0.278,0.0,0.0,0.611,44,36,118,74,296,165,111,15,3,4,13,1.361,1.113,3.649,2.289,9.155,5.103,3.433,0.464,0.093,0.124,0.402,105,63,3.247,1.948,0.6,3,0,0.093,0.0,0.131,0.869
3325,Marko Arnautović,Austria,Stoke City,"Center Forward, Left Center Forward, Left Midfield, Left Wing, Right Center Forward",34,33,2898.0,11,11.08,72,22,20,8,10,55,6,0.342,0.344,2.236,0.683,0.621,0.248,0.306,0.153,0.154,-0.08,0.139,0.764,0.083,6,50,0.186,1.553,1161,895,143,953,29,869,146,146,47,5,33,20,36.056,27.795,1.46,0.155,1.025,0.621,0.771,0.123,0.821,0.025,0.748,0.126,0.126,0.04,0.004,0.028,0.017,1202,134,77,33,51,79,0,2,37.329,4.161,2.391,1.025,1.584,2.453,0.0,0.062,0.575,58,32,17,41,490,155,184,37,3,4,49,1.801,0.994,0.528,1.273,15.217,4.814,5.714,1.149,0.093,0.124,1.522,37,16,1.149,0.497,0.432,2,0,0.062,0.0,0.132,0.868
3472,Willian Borges da Silva,Brazil,Chelsea,"Center Attacking Midfield, Left Center Midfield, Left Wing, Right Center Midfield, Right Midfield, Right Wing",35,32,2851.0,5,3.728,59,20,9,1,9,50,0,0.158,0.118,1.863,0.631,0.284,0.032,0.339,0.085,0.063,1.272,0.153,0.847,0.0,7,83,0.221,2.62,1745,1303,108,1568,35,1146,228,371,99,7,96,12,55.086,41.133,3.125,0.221,3.031,0.379,0.747,0.062,0.899,0.02,0.657,0.131,0.213,0.057,0.004,0.055,0.007,1484,104,70,73,66,55,0,0,46.847,3.283,2.21,2.304,2.083,1.736,0.0,0.0,0.673,48,22,13,22,484,181,198,42,0,4,29,1.515,0.694,0.41,0.694,15.279,5.714,6.25,1.326,0.0,0.126,0.915,41,6,1.294,0.189,0.146,5,0,0.158,0.0,0.067,0.933
3054,Fernando Luiz Rosa,Brazil,Manchester City,"Center Attacking Midfield, Center Defensive Midfield, Left Center Back, Left Center Midfield, Left Defensive Midfield, Right Center Back, Right Center Midfield, Right Defensive Midfield",33,31,2848.0,2,1.585,30,5,11,0,1,20,9,0.063,0.05,0.948,0.158,0.348,0.0,0.167,0.067,0.053,0.415,0.033,0.667,0.3,2,27,0.063,0.853,1894,1652,241,1531,67,1496,187,211,9,4,37,7,59.853,52.205,0.284,0.126,1.169,0.221,0.872,0.127,0.808,0.035,0.79,0.099,0.111,0.005,0.002,0.02,0.004,1538,40,26,41,38,32,1,0,48.603,1.264,0.822,1.296,1.201,1.011,0.032,0.0,0.65,112,47,43,61,705,192,333,60,2,0,71,3.539,1.485,1.359,1.928,22.279,6.067,10.523,1.896,0.063,0.0,2.244,112,62,3.539,1.959,0.554,8,0,0.253,0.0,0.135,0.865
3583,Ashley Westwood,England,Aston Villa,"Center Defensive Midfield, Center Forward, Left Center Midfield, Left Defensive Midfield, Right Center Midfield, Right Defensive Midfield",32,31,2845.1,2,2.098,38,10,25,0,3,35,0,0.063,0.066,1.202,0.316,0.791,0.0,0.263,0.053,0.055,-0.098,0.079,0.921,0.0,2,42,0.063,1.329,1626,1302,87,1475,50,1099,181,346,28,0,96,10,51.436,41.187,0.886,0.0,3.037,0.316,0.801,0.054,0.907,0.031,0.676,0.111,0.213,0.017,0.0,0.059,0.006,1227,27,16,16,16,12,0,0,38.814,0.854,0.506,0.506,0.506,0.38,0.0,0.0,0.593,56,36,46,47,654,152,214,38,2,2,40,1.771,1.139,1.455,1.487,20.688,4.808,6.77,1.202,0.063,0.063,1.265,45,14,1.424,0.443,0.311,6,0,0.19,0.0,0.056,0.944
3812,Christian Fuchs,Austria,Leicester City,"Left Back, Left Midfield, Right Wing",32,30,2845.1,0,1.0,19,8,7,0,10,7,2,0.0,0.032,0.601,0.253,0.221,0.0,0.421,0.0,0.053,-1.0,0.526,0.368,0.105,4,47,0.127,1.487,1665,1128,1024,119,118,664,346,655,88,0,57,3,52.67,35.682,2.784,0.0,1.803,0.095,0.677,0.615,0.071,0.071,0.399,0.208,0.393,0.053,0.0,0.034,0.002,779,17,11,12,11,16,0,0,24.642,0.538,0.348,0.38,0.348,0.506,0.0,0.0,0.647,101,73,152,115,497,128,168,66,1,2,38,3.195,2.309,4.808,3.638,15.722,4.049,5.314,2.088,0.032,0.063,1.202,112,69,3.543,2.183,0.616,4,0,0.127,0.0,0.891,0.109
3307,Marc Albrighton,England,Leicester City,"Left Defensive Midfield, Left Midfield, Left Wing, Right Back, Right Defensive Midfield, Right Midfield, Right Wing",38,34,2834.6,2,2.363,42,12,10,1,5,37,0,0.064,0.075,1.334,0.381,0.318,0.032,0.286,0.048,0.056,-0.363,0.119,0.881,0.0,7,62,0.222,1.969,1214,671,155,987,34,524,193,497,142,9,68,16,38.545,21.305,4.509,0.286,2.159,0.508,0.553,0.128,0.813,0.028,0.432,0.159,0.409,0.117,0.007,0.056,0.013,1024,100,61,32,39,46,0,1,32.513,3.175,1.937,1.016,1.238,1.461,0.0,0.032,0.61,71,23,32,77,610,177,171,60,3,0,27,2.254,0.73,1.016,2.445,19.368,5.62,5.429,1.905,0.095,0.0,0.857,52,15,1.651,0.476,0.288,4,0,0.127,0.0,0.135,0.865
21212,Russell Martin,Scotland,Norwich City,"Center Back, Left Back, Left Center Back, Right Back, Right Center Back",30,30,2830.0,3,1.669,19,5,8,0,1,11,7,0.095,0.053,0.604,0.159,0.254,0.0,0.263,0.158,0.088,1.331,0.053,0.579,0.368,0,9,0.0,0.286,1332,973,76,942,124,628,221,483,22,2,38,2,42.36,30.943,0.7,0.064,1.208,0.064,0.73,0.057,0.707,0.093,0.471,0.166,0.363,0.017,0.002,0.029,0.002,783,10,1,8,9,6,2,0,24.901,0.318,0.032,0.254,0.286,0.191,0.064,0.0,0.1,40,35,195,61,209,116,88,19,0,3,32,1.272,1.113,6.201,1.94,6.647,3.689,2.799,0.604,0.0,0.095,1.018,126,78,4.007,2.481,0.619,4,1,0.127,0.032,0.075,0.925
3443,Joel Ward,England,Crystal Palace,"Left Back, Right Back",30,30,2819.0,2,1.157,17,6,2,0,3,9,5,0.064,0.037,0.543,0.192,0.064,0.0,0.353,0.118,0.068,0.843,0.176,0.529,0.294,1,14,0.032,0.447,1328,982,87,816,99,583,388,357,44,2,29,1,42.398,31.352,1.405,0.064,0.926,0.032,0.739,0.066,0.614,0.075,0.439,0.292,0.269,0.033,0.002,0.022,0.001,816,31,17,32,25,15,1,0,26.052,0.99,0.543,1.022,0.798,0.479,0.032,0.0,0.548,66,47,120,62,430,170,185,34,2,2,45,2.107,1.501,3.831,1.979,13.728,5.427,5.906,1.085,0.064,0.064,1.437,122,70,3.895,2.235,0.574,4,0,0.128,0.0,0.098,0.902
40121,Philipp Wollscheid,Germany,Stoke City,"Left Back, Left Center Back, Right Center Back",31,30,2806.5,0,0.134,3,0,0,0,2,0,1,0.0,0.004,0.096,0.0,0.0,0.0,0.0,0.0,0.045,-0.134,0.667,0.0,0.333,0,4,0.0,0.128,1199,1009,423,660,59,816,147,236,0,0,35,0,38.45,32.357,0.0,0.0,1.122,0.0,0.842,0.353,0.55,0.049,0.681,0.123,0.197,0.0,0.0,0.029,0.0,814,9,8,19,4,6,1,0,26.104,0.289,0.257,0.609,0.128,0.192,0.032,0.0,0.889,80,66,198,53,353,110,150,26,0,5,21,2.565,2.117,6.35,1.7,11.32,3.528,4.81,0.834,0.0,0.16,0.673,148,86,4.746,2.758,0.581,2,0,0.064,0.0,0.392,0.608
3090,Nicolás Hernán Otamendi,Argentina,Manchester City,"Left Center Back, Right Center Back",30,30,2784.9,1,1.375,28,7,5,0,3,8,16,0.032,0.044,0.905,0.226,0.162,0.0,0.25,0.036,0.049,-0.375,0.107,0.286,0.571,0,4,0.0,0.129,1561,1344,115,1310,77,1155,149,257,0,0,35,0,50.447,43.434,0.0,0.0,1.131,0.0,0.861,0.074,0.839,0.049,0.74,0.095,0.165,0.0,0.0,0.022,0.0,1171,11,8,30,12,17,0,0,37.843,0.355,0.259,0.97,0.388,0.549,0.0,0.0,0.727,89,83,225,50,358,137,148,36,1,0,35,2.876,2.682,7.271,1.616,11.57,4.427,4.783,1.163,0.032,0.0,1.131,184,121,5.946,3.91,0.658,9,0,0.291,0.0,0.082,0.918
3277,Yohan Cabaye,France,Crystal Palace,"Center Attacking Midfield, Center Defensive Midfield, Left Center Forward, Left Center Midfield, Left Defensive Midfield, Right Center Midfield, Right Defensive Midfield",33,32,2772.6,5,6.585,69,21,31,1,4,65,0,0.162,0.214,2.24,0.682,1.006,0.032,0.304,0.072,0.095,-1.585,0.058,0.942,0.0,1,49,0.032,1.591,1433,1111,52,1292,51,844,219,370,43,0,97,9,46.516,36.064,1.396,0.0,3.149,0.292,0.775,0.036,0.902,0.036,0.589,0.153,0.258,0.03,0.0,0.068,0.006,1033,39,19,41,44,18,2,0,33.532,1.266,0.617,1.331,1.428,0.584,0.065,0.0,0.487,102,89,21,60,681,201,234,58,2,1,49,3.311,2.889,0.682,1.948,22.106,6.525,7.596,1.883,0.065,0.032,1.591,40,18,1.298,0.584,0.45,7,0,0.227,0.0,0.04,0.96
3270,Danny Simpson,England,Leicester City,"Right Back, Right Center Forward",30,30,2757.7,0,0.831,7,2,4,0,1,6,0,0.0,0.027,0.228,0.065,0.131,0.0,0.286,0.0,0.119,-0.831,0.143,0.857,0.0,0,6,0.0,0.196,1203,850,106,659,91,463,303,437,19,1,12,0,39.261,27.741,0.62,0.033,0.392,0.0,0.707,0.088,0.548,0.076,0.385,0.252,0.363,0.016,0.001,0.01,0.0,593,17,10,13,6,14,1,0,19.353,0.555,0.326,0.424,0.196,0.457,0.033,0.0,0.588,50,61,149,88,343,122,137,34,1,0,32,1.632,1.991,4.863,2.872,11.194,3.982,4.471,1.11,0.033,0.0,1.044,145,78,4.732,2.546,0.538,5,1,0.163,0.033,0.139,0.861
20039,Anthony Martial,France,Manchester United,"Center Forward, Left Midfield, Left Wing, Right Center Forward, Right Wing",31,29,2745.8,11,6.901,57,24,9,4,12,40,5,0.361,0.226,1.868,0.787,0.295,0.131,0.421,0.193,0.121,4.099,0.211,0.702,0.088,3,35,0.098,1.147,938,713,134,724,22,732,106,100,47,6,10,6,30.745,23.37,1.541,0.197,0.328,0.197,0.76,0.143,0.772,0.023,0.78,0.113,0.107,0.05,0.006,0.011,0.006,1193,136,73,64,135,119,0,0,39.103,4.458,2.393,2.098,4.425,3.901,0.0,0.0,0.537,35,14,22,52,372,132,142,16,4,0,39,1.147,0.459,0.721,1.704,12.193,4.327,4.654,0.524,0.131,0.0,1.278,184,67,6.031,2.196,0.364,2,0,0.066,0.0,0.16,0.84
3517,Aaron Ramsey,Wales,Arsenal,"Center Attacking Midfield, Left Center Midfield, Left Defensive Midfield, Left Wing, Right Defensive Midfield, Right Wing",31,29,2740.7,5,7.372,67,20,27,2,11,55,1,0.164,0.242,2.2,0.657,0.887,0.066,0.299,0.075,0.11,-2.372,0.164,0.821,0.015,4,38,0.131,1.248,2197,1855,385,1718,57,1710,228,259,35,3,40,12,72.146,60.915,1.149,0.099,1.314,0.394,0.844,0.175,0.782,0.026,0.778,0.104,0.118,0.016,0.001,0.018,0.005,1958,68,41,57,63,61,1,0,64.297,2.233,1.346,1.872,2.069,2.003,0.033,0.0,0.603,88,32,31,57,696,233,286,76,2,1,61,2.89,1.051,1.018,1.872,22.855,7.651,9.392,2.496,0.066,0.033,2.003,66,29,2.167,0.952,0.439,4,0,0.131,0.0,0.183,0.817
3488,Wayne Hennessey,Wales,Crystal Palace,Goalkeeper,29,29,2736.6,0,0.0,0,0,0,0,0,0,0,0.0,0.0,0.0,0.0,0.0,0.0,0.0,0.0,0.0,0.0,0.0,0.0,0.0,0,0,0.0,0.0,869,431,53,641,0,191,27,651,0,0,24,0,28.579,14.175,0.0,0.0,0.789,0.0,0.496,0.061,0.738,0.0,0.22,0.031,0.749,0.0,0.0,0.028,0.0,316,0,0,0,0,0,2,0,10.392,0.0,0.0,0.0,0.0,0.0,0.066,0.0,0.0,0,0,0,0,3,133,4,1,0,0,0,0.0,0.0,0.0,0.0,0.099,4.374,0.132,0.033,0.0,0.0,0.0,2,2,0.066,0.066,1.0,1,0,0.033,0.0,0.076,0.924
11012,Jonathan Grant Evans,Northern Ireland,West Bromwich Albion,"Center Defensive Midfield, Left Back, Left Center Back, Left Center Midfield, Right Center Back",30,30,2711.9,1,2.026,9,1,5,1,2,4,3,0.033,0.067,0.299,0.033,0.166,0.033,0.111,0.111,0.225,-1.026,0.222,0.444,0.333,1,6,0.033,0.199,1101,796,291,568,96,560,176,365,19,0,52,0,36.539,26.417,0.631,0.0,1.726,0.0,0.723,0.264,0.516,0.087,0.509,0.16,0.332,0.017,0.0,0.047,0.0,664,22,17,20,12,5,0,0,22.036,0.73,0.564,0.664,0.398,0.166,0.0,0.0,0.773,83,53,155,69,357,160,114,30,1,3,33,2.755,1.759,5.144,2.29,11.848,5.31,3.783,0.996,0.033,0.1,1.095,143,98,4.746,3.252,0.685,3,0,0.1,0.0,0.339,0.661
3077,Jan Vertonghen,Belgium,Tottenham Hotspur,"Center Back, Left Center Back, Right Center Back",29,29,2706.0,0,0.674,9,1,3,0,3,2,4,0.0,0.022,0.299,0.033,0.1,0.0,0.111,0.0,0.075,-0.674,0.333,0.222,0.444,0,5,0.0,0.166,1526,1335,1043,331,100,1141,138,247,1,2,36,4,50.754,44.401,0.033,0.067,1.197,0.133,0.875,0.683,0.217,0.066,0.748,0.09,0.162,0.001,0.001,0.024,0.003,1119,10,10,24,5,6,0,0,37.217,0.333,0.333,0.798,0.166,0.2,0.0,0.0,1.0,48,28,161,53,188,103,104,13,2,1,21,1.596,0.931,5.355,1.763,6.253,3.426,3.459,0.432,0.067,0.033,0.698,125,83,4.157,2.761,0.664,5,0,0.166,0.0,0.759,0.241
19688,Jason Puncheon,England,Crystal Palace,"Center Attacking Midfield, Left Center Forward, Left Center Midfield, Left Defensive Midfield, Left Midfield, Left Wing, Right Center Midfield, Right Defensive Midfield, Right Midfield, Right Wing",31,31,2705.2,2,3.576,53,15,19,1,39,13,1,0.067,0.119,1.763,0.499,0.632,0.033,0.283,0.038,0.067,-1.576,0.736,0.245,0.019,3,57,0.1,1.896,1408,1046,1139,191,29,882,192,334,54,3,92,7,46.843,34.8,1.797,0.1,3.061,0.233,0.743,0.809,0.136,0.021,0.626,0.136,0.237,0.038,0.002,0.065,0.005,1226,83,52,40,53,61,0,1,40.788,2.761,1.73,1.331,1.763,2.029,0.0,0.033,0.627,57,19,23,41,576,232,214,46,4,3,43,1.896,0.632,0.765,1.364,19.163,7.718,7.12,1.53,0.133,0.1,1.431,71,22,2.362,0.732,0.31,3,0,0.1,0.0,0.852,0.148
3828,Steven Davis,Northern Ireland,Southampton,"Center Attacking Midfield, Left Center Back, Left Center Forward, Left Center Midfield, Left Defensive Midfield, Left Midfield, Left Wing, Right Attacking Midfield, Right Center Midfield, Right Defensive Midfield, Right Midfield, Right Wing, Right Wing Back",34,31,2698.0,5,2.064,20,8,8,1,3,16,1,0.167,0.069,0.667,0.267,0.267,0.033,0.4,0.25,0.103,2.936,0.15,0.8,0.05,2,48,0.067,1.601,1634,1300,238,1285,69,1013,264,357,47,3,56,9,54.507,43.365,1.568,0.1,1.868,0.3,0.796,0.146,0.786,0.042,0.62,0.162,0.218,0.029,0.002,0.034,0.006,1229,36,23,25,44,34,0,1,40.997,1.201,0.767,0.834,1.468,1.134,0.0,0.033,0.639,64,21,41,58,555,182,180,35,3,1,22,2.135,0.701,1.368,1.935,18.514,6.071,6.004,1.168,0.1,0.033,0.734,72,18,2.402,0.6,0.25,4,0,0.133,0.0,0.156,0.844
3629,Sadio Mané,Senegal,Southampton,"Center Attacking Midfield, Center Forward, Left Attacking Midfield, Left Center Forward, Left Defensive Midfield, Left Midfield, Left Wing, Right Attacking Midfield, Right Center Forward, Right Midfield, Right Wing",37,30,2697.8,11,12.052,86,33,27,10,36,46,4,0.367,0.402,2.869,1.101,0.901,0.334,0.384,0.128,0.14,-1.052,0.419,0.535,0.047,6,43,0.2,1.435,1043,815,228,739,29,751,173,119,65,10,21,8,34.795,27.189,2.168,0.334,0.701,0.267,0.781,0.219,0.709,0.028,0.72,0.166,0.114,0.062,0.01,0.02,0.008,1228,147,80,87,79,95,0,3,40.967,4.904,2.669,2.902,2.635,3.169,0.0,0.1,0.544,55,21,12,61,505,230,121,29,2,0,53,1.835,0.701,0.4,2.035,16.847,7.673,4.037,0.967,0.067,0.0,1.768,84,21,2.802,0.701,0.25,6,2,0.2,0.067,0.252,0.748
3491,Dimitri Payet,France,West Ham United,"Center Attacking Midfield, Left Attacking Midfield, Left Center Forward, Left Center Midfield, Left Midfield, Left Wing, Right Center Midfield, Right Midfield, Right Wing",30,29,2687.6,9,5.067,69,28,21,0,5,64,0,0.301,0.17,2.311,0.938,0.703,0.0,0.406,0.13,0.073,3.933,0.072,0.928,0.0,12,112,0.402,3.751,1572,1103,179,1347,13,923,226,423,125,6,95,27,52.642,36.936,4.186,0.201,3.181,0.904,0.702,0.114,0.857,0.008,0.587,0.144,0.269,0.08,0.004,0.06,0.017,1389,110,75,45,72,58,1,0,46.514,3.684,2.512,1.507,2.411,1.942,0.033,0.0,0.682,30,18,4,33,303,173,117,30,4,1,15,1.005,0.603,0.134,1.105,10.147,5.793,3.918,1.005,0.134,0.033,0.502,21,4,0.703,0.134,0.19,3,0,0.1,0.0,0.115,0.885
3515,Alberto Moreno Pérez,Spain,Liverpool,"Center Defensive Midfield, Left Back, Left Center Back, Left Wing, Left Wing Back, Right Center Midfield, Right Wing",32,28,2680.2,1,1.47,34,8,14,2,32,1,1,0.034,0.049,1.142,0.269,0.47,0.067,0.235,0.029,0.043,-0.47,0.941,0.029,0.029,4,58,0.134,1.948,1743,1364,1344,38,65,926,364,453,107,4,60,3,58.529,45.803,3.593,0.134,2.015,0.101,0.783,0.771,0.022,0.037,0.531,0.209,0.26,0.061,0.002,0.034,0.002,1159,44,23,23,32,20,1,0,38.919,1.478,0.772,0.772,1.075,0.672,0.034,0.0,0.523,85,43,72,60,432,124,191,39,2,0,35,2.854,1.444,2.418,2.015,14.506,4.164,6.414,1.31,0.067,0.0,1.175,45,20,1.511,0.672,0.444,3,0,0.101,0.0,0.972,0.028
3098,Victor Wanyama,Kenya,Southampton,"Center Attacking Midfield, Center Defensive Midfield, Left Center Midfield, Left Defensive Midfield, Right Attacking Midfield, Right Center Midfield, Right Defensive Midfield",30,29,2678.3,1,1.794,31,5,8,1,4,19,8,0.034,0.06,1.042,0.168,0.269,0.034,0.161,0.032,0.058,-0.794,0.129,0.613,0.258,1,13,0.034,0.437,1389,1141,188,1047,91,983,179,227,4,1,32,2,46.675,38.341,0.134,0.034,1.075,0.067,0.821,0.135,0.754,0.066,0.708,0.129,0.163,0.003,0.001,0.023,0.001,1087,43,30,35,30,29,0,0,36.527,1.445,1.008,1.176,1.008,0.974,0.0,0.0,0.698,89,43,82,50,618,212,242,37,2,0,69,2.991,1.445,2.755,1.68,20.767,7.124,8.132,1.243,0.067,0.0,2.319,169,87,5.679,2.923,0.515,8,3,0.269,0.101,0.153,0.847
3462,Jack Frank Porteous Cork,England,Swansea City,"Center Defensive Midfield, Center Forward, Left Center Midfield, Left Defensive Midfield, Left Wing, Right Center Midfield, Right Defensive Midfield",35,28,2675.8,1,0.886,19,6,9,0,3,15,1,0.034,0.03,0.639,0.202,0.303,0.0,0.316,0.053,0.047,0.114,0.158,0.789,0.053,1,28,0.034,0.942,1746,1459,164,1407,95,1255,235,256,14,1,44,12,58.726,49.073,0.471,0.034,1.48,0.404,0.836,0.094,0.806,0.054,0.719,0.135,0.147,0.008,0.001,0.025,0.007,1413,61,41,53,41,35,0,0,47.526,2.052,1.379,1.783,1.379,1.177,0.0,0.0,0.672,83,64,73,73,615,195,248,46,1,1,45,2.792,2.153,2.455,2.455,20.685,6.559,8.341,1.547,0.034,0.034,1.514,169,87,5.684,2.926,0.515,3,0,0.101,0.0,0.105,0.895
3337,Jermain Defoe,England,Sunderland,"Center Attacking Midfield, Center Forward, Left Center Forward, Left Center Midfield, Left Midfield, Left Wing, Right Center Forward",33,28,2672.9,15,13.21,88,39,21,6,26,59,3,0.505,0.445,2.963,1.313,0.707,0.202,0.443,0.17,0.15,1.79,0.295,0.67,0.034,1,19,0.034,0.64,439,319,66,327,13,295,80,64,6,0,7,4,14.782,10.741,0.202,0.0,0.236,0.135,0.727,0.15,0.745,0.03,0.672,0.182,0.146,0.014,0.0,0.016,0.009,526,43,20,39,35,54,0,5,17.711,1.448,0.673,1.313,1.178,1.818,0.0,0.168,0.465,22,5,1,31,348,82,80,21,2,1,19,0.741,0.168,0.034,1.044,11.718,2.761,2.694,0.707,0.067,0.034,0.64,100,20,3.367,0.673,0.2,3,0,0.101,0.0,0.192,0.808
12608,Bradley Guzan,United States of America,Aston Villa,Goalkeeper,28,28,2652.0,0,0.0,0,0,0,0,0,0,0,0.0,0.0,0.0,0.0,0.0,0.0,0.0,0.0,0.0,0.0,0.0,0.0,0.0,0,1,0.0,0.034,840,486,451,192,0,185,49,606,0,0,21,0,28.507,16.493,0.0,0.0,0.713,0.0,0.579,0.537,0.229,0.0,0.22,0.058,0.721,0.0,0.0,0.025,0.0,358,0,0,3,0,0,2,0,12.149,0.0,0.0,0.102,0.0,0.0,0.068,0.0,0.0,0,0,0,1,2,140,1,0,0,0,0,0.0,0.0,0.0,0.034,0.068,4.751,0.034,0.0,0.0,0.0,0.0,0,0,0.0,0.0,0.0,2,0,0.068,0.0,0.701,0.299
4041,José Salomón Rondón Giménez,Venezuela (Bolivarian Republic),West Bromwich Albion,"Center Forward, Left Center Back, Left Center Forward, Left Center Midfield, Left Midfield, Right Center Forward",34,30,2648.5,9,8.339,72,22,15,7,11,37,23,0.306,0.283,2.447,0.748,0.51,0.238,0.306,0.125,0.116,0.661,0.153,0.514,0.319,2,26,0.068,0.884,662,424,98,366,65,319,201,142,26,8,11,4,22.496,14.408,0.884,0.272,0.374,0.136,0.64,0.148,0.553,0.098,0.482,0.304,0.215,0.039,0.012,0.017,0.006,618,44,21,40,80,115,0,1,21.001,1.495,0.714,1.359,2.719,3.908,0.0,0.034,0.477,12,13,45,51,517,104,148,17,3,1,37,0.408,0.442,1.529,1.733,17.568,3.534,5.029,0.578,0.102,0.034,1.257,368,141,12.505,4.791,0.383,1,1,0.034,0.034,0.213,0.787
3493,Emre Can,Germany,Liverpool,"Center Defensive Midfield, Left Back, Left Center Back, Left Center Midfield, Left Defensive Midfield, Left Wing, Right Center Back, Right Center Midfield, Right Defensive Midfield",30,28,2606.2,1,2.114,31,13,11,2,5,24,2,0.035,0.073,1.071,0.449,0.38,0.069,0.419,0.032,0.068,-1.114,0.161,0.774,0.065,0,26,0.0,0.898,1782,1456,298,1332,79,1281,177,324,12,2,50,7,61.538,50.28,0.414,0.069,1.727,0.242,0.817,0.167,0.747,0.044,0.719,0.099,0.182,0.007,0.001,0.028,0.004,1398,57,40,36,41,52,0,0,48.277,1.968,1.381,1.243,1.416,1.796,0.0,0.0,0.702,89,45,51,43,570,175,248,46,5,2,50,3.073,1.554,1.761,1.485,19.684,6.043,8.564,1.589,0.173,0.069,1.727,118,61,4.075,2.107,0.517,9,0,0.311,0.0,0.183,0.817
3514,James McClean,Ireland,West Bromwich Albion,"Left Back, Left Center Back, Left Midfield, Left Wing, Left Wing Back, Right Center Forward, Right Midfield, Right Wing",35,28,2597.0,2,2.149,31,9,13,0,14,11,6,0.069,0.074,1.074,0.312,0.451,0.0,0.29,0.065,0.069,-0.149,0.452,0.355,0.194,2,32,0.069,1.109,822,493,593,78,71,375,167,280,107,8,38,2,28.487,17.085,3.708,0.277,1.317,0.069,0.6,0.721,0.095,0.086,0.456,0.203,0.341,0.13,0.01,0.046,0.002,660,68,35,45,46,45,0,0,22.873,2.357,1.213,1.559,1.594,1.559,0.0,0.0,0.515,73,19,63,53,551,116,139,56,1,6,42,2.53,0.658,2.183,1.837,19.095,4.02,4.817,1.941,0.035,0.208,1.456,148,77,5.129,2.668,0.52,7,1,0.243,0.035,0.872,0.128
3507,Wilfried Zaha,Côte d'Ivoire,Crystal Palace,"Center Attacking Midfield, Left Center Forward, Left Midfield, Left Wing, Right Midfield, Right Wing",34,30,2592.2,2,2.408,33,10,9,1,10,23,0,0.069,0.084,1.146,0.347,0.312,0.035,0.303,0.061,0.073,-0.408,0.303,0.697,0.0,1,36,0.035,1.25,699,488,82,563,11,463,143,93,86,10,22,3,24.269,16.943,2.986,0.347,0.764,0.104,0.698,0.117,0.805,0.016,0.662,0.205,0.133,0.123,0.014,0.031,0.004,1085,198,119,102,135,117,0,0,37.671,6.874,4.132,3.541,4.687,4.062,0.0,0.0,0.601,49,37,14,50,518,211,161,18,2,0,43,1.701,1.285,0.486,1.736,17.985,7.326,5.59,0.625,0.069,0.0,1.493,63,14,2.187,0.486,0.222,5,0,0.174,0.0,0.136,0.864
3991,Allan Romeo Nyom,Cameroon,Watford,"Left Midfield, Right Back",32,29,2575.2,0,0.339,7,1,0,0,4,3,0,0.0,0.012,0.245,0.035,0.0,0.0,0.143,0.0,0.048,-0.339,0.571,0.429,0.0,1,8,0.035,0.28,1228,803,165,710,72,467,308,453,58,1,24,4,42.917,28.064,2.027,0.035,0.839,0.14,0.654,0.134,0.578,0.059,0.38,0.251,0.369,0.047,0.001,0.02,0.003,785,36,22,28,24,13,2,0,27.435,1.258,0.769,0.979,0.839,0.454,0.07,0.0,0.611,95,31,92,63,342,135,137,29,0,6,38,3.32,1.083,3.215,2.202,11.952,4.718,4.788,1.014,0.0,0.21,1.328,45,18,1.573,0.629,0.4,8,0,0.28,0.0,0.192,0.808
3381,Nemanja Matić,Serbia,Chelsea,"Center Attacking Midfield, Center Defensive Midfield, Left Center Midfield, Left Defensive Midfield, Left Wing Back, Right Center Midfield, Right Defensive Midfield, Right Wing, Right Wing Back",33,28,2570.3,2,2.358,34,8,6,2,27,2,5,0.07,0.083,1.191,0.28,0.21,0.07,0.235,0.059,0.069,-0.358,0.794,0.059,0.147,2,16,0.07,0.56,1653,1429,1334,201,72,1280,192,181,15,5,43,9,57.88,50.037,0.525,0.175,1.506,0.315,0.864,0.807,0.122,0.044,0.774,0.116,0.109,0.009,0.003,0.026,0.005,1298,33,27,22,41,23,0,0,45.45,1.156,0.945,0.77,1.436,0.805,0.0,0.0,0.818,88,47,58,52,486,195,184,41,4,2,38,3.081,1.646,2.031,1.821,17.017,6.828,6.443,1.436,0.14,0.07,1.331,93,50,3.256,1.751,0.538,6,1,0.21,0.035,0.87,0.13
3607,James McCarthy,Ireland,Everton,"Left Center Midfield, Left Defensive Midfield, Right Back, Right Center Back, Right Center Midfield, Right Defensive Midfield, Right Wing",29,29,2569.5,2,1.018,17,8,8,1,7,10,0,0.07,0.036,0.595,0.28,0.28,0.035,0.471,0.118,0.06,0.982,0.412,0.588,0.0,2,16,0.07,0.56,1389,1195,354,938,63,1048,167,174,9,2,34,3,48.651,41.856,0.315,0.07,1.191,0.105,0.86,0.255,0.675,0.045,0.754,0.12,0.125,0.006,0.001,0.024,0.002,1057,16,9,36,13,20,0,0,37.023,0.56,0.315,1.261,0.455,0.701,0.0,0.0,0.562,82,34,55,72,573,139,270,49,5,1,48,2.872,1.191,1.926,2.522,20.07,4.869,9.457,1.716,0.175,0.035,1.681,45,20,1.576,0.701,0.444,7,1,0.245,0.035,0.276,0.724
3343,Dan Gosling,England,AFC Bournemouth,"Left Center Forward, Left Center Midfield, Left Defensive Midfield, Right Center Midfield, Right Defensive Midfield, Right Midfield",34,28,2568.9,3,3.08,40,11,14,2,11,20,9,0.105,0.108,1.401,0.385,0.49,0.07,0.275,0.075,0.077,-0.08,0.275,0.5,0.225,1,29,0.035,1.016,1230,1029,109,1046,30,950,176,104,6,1,14,5,43.092,36.05,0.21,0.035,0.49,0.175,0.837,0.089,0.85,0.024,0.772,0.143,0.085,0.005,0.001,0.011,0.004,1023,59,34,48,55,55,1,0,35.84,2.067,1.191,1.682,1.927,1.927,0.035,0.0,0.576,75,26,29,71,646,139,245,59,2,3,46,2.628,0.911,1.016,2.487,22.632,4.87,8.583,2.067,0.07,0.105,1.612,91,41,3.188,1.436,0.451,5,0,0.175,0.0,0.101,0.899
7110,Bacary Sagna,France,Manchester City,"Left Back, Right Back, Right Center Back",28,27,2553.1,0,0.195,4,2,1,0,0,2,2,0.0,0.007,0.141,0.071,0.035,0.0,0.5,0.0,0.049,-0.195,0.0,0.5,0.5,3,30,0.106,1.058,1984,1624,218,1252,125,1210,370,404,57,5,20,3,69.939,57.248,2.009,0.176,0.705,0.106,0.819,0.11,0.631,0.063,0.61,0.186,0.204,0.029,0.003,0.01,0.002,1256,17,9,16,14,20,0,0,44.276,0.599,0.317,0.564,0.494,0.705,0.0,0.0,0.529,52,24,118,54,285,97,113,25,0,1,20,1.833,0.846,4.16,1.904,10.047,3.419,3.983,0.881,0.0,0.035,0.705,165,105,5.816,3.701,0.636,4,0,0.141,0.0,0.148,0.852
23635,John Ruddy,England,Norwich City,Goalkeeper,27,27,2549.2,0,0.0,0,0,0,0,0,0,0,0.0,0.0,0.0,0.0,0.0,0.0,0.0,0.0,0.0,0.0,0.0,0.0,0.0,0,0,0.0,0.0,905,504,53,644,1,247,53,605,0,0,35,1,31.951,17.794,0.0,0.0,1.236,0.035,0.557,0.059,0.712,0.001,0.273,0.059,0.669,0.0,0.0,0.039,0.001,366,1,1,2,1,0,1,0,12.922,0.035,0.035,0.071,0.035,0.0,0.035,0.0,1.0,0,0,1,0,6,161,1,2,0,0,0,0.0,0.0,0.035,0.0,0.212,5.684,0.035,0.071,0.0,0.0,0.0,0,0,0.0,0.0,0.0,0,0,0.0,0.0,0.076,0.924
3604,Olivier Giroud,France,Arsenal,"Center Forward, Left Defensive Midfield, Right Defensive Midfield, Right Wing",38,26,2548.2,16,13.018,103,43,37,6,45,13,45,0.565,0.46,3.638,1.519,1.307,0.212,0.417,0.155,0.126,2.982,0.437,0.126,0.437,6,32,0.212,1.13,825,571,515,85,73,425,232,168,18,1,15,7,29.138,20.167,0.636,0.035,0.53,0.247,0.692,0.624,0.103,0.088,0.515,0.281,0.204,0.022,0.001,0.018,0.008,579,29,14,36,48,100,0,2,20.45,1.024,0.494,1.271,1.695,3.532,0.0,0.071,0.483,41,4,24,40,426,57,156,26,2,0,45,1.448,0.141,0.848,1.413,15.046,2.013,5.51,0.918,0.071,0.0,1.589,296,157,10.454,5.545,0.53,2,0,0.071,0.0,0.851,0.149
3473,James Philip Milner,England,Liverpool,"Center Attacking Midfield, Center Defensive Midfield, Left Center Midfield, Left Wing, Right Back, Right Center Midfield, Right Defensive Midfield, Right Midfield, Right Wing",28,28,2538.5,5,3.977,39,12,16,2,11,28,0,0.177,0.141,1.383,0.425,0.567,0.071,0.308,0.128,0.102,1.023,0.282,0.718,0.0,11,61,0.39,2.163,1610,1172,185,1299,46,1002,216,392,86,4,69,8,57.081,41.552,3.049,0.142,2.446,0.284,0.728,0.115,0.807,0.029,0.622,0.134,0.243,0.053,0.002,0.043,0.005,1245,41,21,37,78,45,1,0,44.14,1.454,0.745,1.312,2.765,1.595,0.035,0.0,0.512,60,26,33,78,636,159,252,68,2,1,53,2.127,0.922,1.17,2.765,22.549,5.637,8.934,2.411,0.071,0.035,1.879,80,33,2.836,1.17,0.412,11,1,0.39,0.035,0.129,0.871
3094,Bamidele Alli,England,Tottenham Hotspur,"Center Attacking Midfield, Left Center Midfield, Left Defensive Midfield, Left Wing, Right Center Midfield, Right Wing",33,28,2537.6,10,8.398,73,29,20,6,6,59,8,0.355,0.298,2.589,1.029,0.709,0.213,0.397,0.137,0.115,1.602,0.082,0.808,0.11,8,55,0.284,1.951,1094,810,79,919,47,756,160,178,17,0,12,17,38.8,28.728,0.603,0.0,0.426,0.603,0.74,0.072,0.84,0.043,0.691,0.146,0.163,0.016,0.0,0.011,0.016,1125,106,42,75,93,94,0,1,39.9,3.759,1.49,2.66,3.298,3.334,0.0,0.035,0.396,64,32,35,60,689,196,257,38,1,0,55,2.27,1.135,1.241,2.128,24.436,6.951,9.115,1.348,0.035,0.0,1.951,110,44,3.901,1.561,0.4,7,0,0.248,0.0,0.08,0.92
3450,Jordan Ayew,Ghana,Aston Villa,"Center Attacking Midfield, Center Forward, Left Attacking Midfield, Left Center Forward, Left Defensive Midfield, Left Midfield, Left Wing, Right Center Forward, Right Wing",30,27,2535.0,7,5.246,61,21,12,2,2,54,5,0.249,0.186,2.166,0.746,0.426,0.071,0.344,0.115,0.086,1.754,0.033,0.885,0.082,0,14,0.0,0.497,824,647,36,669,30,602,132,90,42,7,13,4,29.254,22.97,1.491,0.249,0.462,0.142,0.785,0.044,0.812,0.036,0.731,0.16,0.109,0.051,0.008,0.016,0.005,990,158,85,49,100,107,0,0,35.148,5.609,3.018,1.74,3.55,3.799,0.0,0.0,0.538,43,18,11,65,699,136,238,19,4,1,53,1.527,0.639,0.391,2.308,24.817,4.828,8.45,0.675,0.142,0.036,1.882,192,65,6.817,2.308,0.339,6,1,0.213,0.036,0.05,0.95
9533,Leandro Bacuna,Curaçao,Aston Villa,"Center Defensive Midfield, Left Back, Left Center Midfield, Left Wing, Right Back, Right Center Back, Right Center Midfield, Right Defensive Midfield, Right Midfield, Right Wing, Right Wing Back",31,27,2527.5,1,1.498,32,8,6,0,12,19,1,0.036,0.053,1.139,0.285,0.214,0.0,0.25,0.031,0.047,-0.498,0.375,0.594,0.031,0,17,0.0,0.605,1389,1034,155,1004,54,770,218,401,53,0,67,7,49.46,36.819,1.887,0.0,2.386,0.249,0.744,0.112,0.723,0.039,0.554,0.157,0.289,0.038,0.0,0.048,0.005,1045,52,29,15,25,22,0,0,37.211,1.852,1.033,0.534,0.89,0.783,0.0,0.0,0.558,59,29,66,55,416,129,126,32,1,3,40,2.101,1.033,2.35,1.958,14.813,4.593,4.487,1.139,0.036,0.107,1.424,63,31,2.243,1.104,0.492,8,0,0.285,0.0,0.14,0.86
3385,Alexis Alejandro Sánchez Sánchez,Chile,Arsenal,"Center Forward, Left Wing, Right Back, Right Wing",30,28,2518.4,13,11.263,111,41,23,4,8,86,17,0.465,0.403,3.967,1.465,0.822,0.143,0.369,0.117,0.101,1.737,0.072,0.775,0.153,4,57,0.143,2.037,1488,1141,79,1354,33,1026,205,257,55,10,48,27,53.177,40.776,1.966,0.357,1.715,0.965,0.767,0.053,0.91,0.022,0.69,0.138,0.173,0.037,0.007,0.032,0.018,1635,165,103,79,99,90,0,0,58.43,5.897,3.681,2.823,3.538,3.216,0.0,0.0,0.624,39,14,6,43,400,199,177,34,7,0,37,1.394,0.5,0.214,1.537,14.295,7.112,6.325,1.215,0.25,0.0,1.322,93,27,3.324,0.965,0.29,1,0,0.036,0.0,0.057,0.943
3538,Wayne Mark Rooney,England,Manchester United,"Center Attacking Midfield, Center Forward, Left Center Forward, Left Center Midfield, Left Wing",28,27,2502.7,8,6.895,71,24,19,3,7,59,5,0.288,0.248,2.553,0.863,0.683,0.108,0.338,0.113,0.097,1.105,0.099,0.831,0.07,5,40,0.18,1.438,1195,955,118,1013,29,772,192,231,43,2,83,10,42.974,34.343,1.546,0.072,2.985,0.36,0.799,0.099,0.848,0.024,0.646,0.161,0.193,0.036,0.002,0.069,0.008,1077,50,30,22,50,67,0,1,38.73,1.798,1.079,0.791,1.798,2.409,0.0,0.036,0.6,26,9,15,24,287,116,130,18,2,2,34,0.935,0.324,0.539,0.863,10.321,4.171,4.675,0.647,0.072,0.072,1.223,111,36,3.992,1.295,0.324,4,0,0.144,0.0,0.104,0.896
4589,Séamus Coleman,Ireland,Everton,"Right Back, Right Center Midfield, Right Midfield, Right Wing Back",28,27,2501.8,1,1.723,26,6,4,0,14,8,4,0.036,0.062,0.935,0.216,0.144,0.0,0.231,0.038,0.066,-0.723,0.538,0.308,0.154,2,15,0.072,0.54,1398,1125,184,950,25,835,286,277,72,6,23,2,50.292,40.471,2.59,0.216,0.827,0.072,0.805,0.132,0.68,0.018,0.597,0.205,0.198,0.052,0.004,0.016,0.001,1149,72,41,32,33,26,0,0,41.334,2.59,1.475,1.151,1.187,0.935,0.0,0.0,0.569,65,36,67,58,333,155,143,23,2,1,23,2.338,1.295,2.41,2.086,11.979,5.576,5.144,0.827,0.072,0.036,0.827,49,21,1.763,0.755,0.429,4,0,0.144,0.0,0.171,0.829
5198,Diego da Silva Costa,Spain,Chelsea,"Center Attacking Midfield, Center Forward, Left Center Forward, Right Center Forward",28,27,2476.5,12,11.809,70,29,27,3,17,42,10,0.436,0.429,2.544,1.054,0.981,0.109,0.414,0.171,0.169,0.191,0.243,0.6,0.143,5,25,0.182,0.909,818,642,101,633,23,610,138,70,18,8,11,3,29.727,23.331,0.654,0.291,0.4,0.109,0.785,0.123,0.774,0.028,0.746,0.169,0.086,0.022,0.01,0.013,0.004,889,104,47,59,95,109,0,3,32.308,3.78,1.708,2.144,3.452,3.961,0.0,0.109,0.452,29,5,22,35,334,72,122,13,1,2,50,1.054,0.182,0.8,1.272,12.138,2.617,4.434,0.472,0.036,0.073,1.817,195,61,7.087,2.217,0.313,7,0,0.254,0.0,0.149,0.851
3480,Geoff Cameron,United States of America,Stoke City,"Center Attacking Midfield, Left Center Back, Left Defensive Midfield, Right Back, Right Center Back, Right Center Midfield, Right Defensive Midfield",30,27,2469.2,0,0.909,16,2,6,0,4,6,6,0.0,0.033,0.583,0.073,0.219,0.0,0.125,0.0,0.057,-0.909,0.25,0.375,0.375,0,9,0.0,0.328,1187,905,263,750,84,751,158,278,9,0,22,5,43.265,32.986,0.328,0.0,0.802,0.182,0.762,0.222,0.632,0.071,0.633,0.133,0.234,0.008,0.0,0.019,0.004,857,31,21,14,24,20,1,0,31.237,1.13,0.765,0.51,0.875,0.729,0.036,0.0,0.677,50,53,126,47,399,143,137,41,2,1,29,1.822,1.932,4.593,1.713,14.543,5.212,4.994,1.494,0.073,0.036,1.057,142,85,5.176,3.098,0.599,0,1,0.0,0.036,0.261,0.739
9649,Jack Colback,England,Newcastle United,"Center Attacking Midfield, Center Defensive Midfield, Left Back, Left Center Midfield, Left Defensive Midfield, Left Wing Back, Right Center Midfield, Right Defensive Midfield",29,28,2467.5,1,1.022,16,4,9,1,13,3,0,0.036,0.037,0.584,0.146,0.328,0.036,0.25,0.062,0.064,-0.022,0.812,0.188,0.0,1,18,0.036,0.657,1175,965,868,184,48,785,142,248,24,0,56,0,42.857,35.198,0.875,0.0,2.043,0.0,0.821,0.739,0.157,0.041,0.668,0.121,0.211,0.02,0.0,0.048,0.0,810,20,14,48,26,9,0,0,29.544,0.729,0.511,1.751,0.948,0.328,0.0,0.0,0.7,92,43,59,49,591,147,225,45,4,3,64,3.356,1.568,2.152,1.787,21.556,5.362,8.207,1.641,0.146,0.109,2.334,76,44,2.772,1.605,0.579,11,0,0.401,0.0,0.825,0.175
9642,Alan Hutton,Scotland,Aston Villa,"Right Back, Right Wing Back",28,26,2465.0,0,0.557,11,2,3,0,0,6,5,0.0,0.02,0.402,0.073,0.11,0.0,0.182,0.0,0.051,-0.557,0.0,0.545,0.455,1,24,0.037,0.876,1232,876,101,777,66,575,258,399,87,0,20,2,44.982,31.984,3.176,0.0,0.73,0.073,0.711,0.082,0.631,0.054,0.467,0.209,0.324,0.071,0.0,0.016,0.002,805,24,11,38,17,24,1,0,29.391,0.876,0.402,1.387,0.621,0.876,0.037,0.0,0.458,60,25,69,77,330,100,89,11,1,2,30,2.191,0.913,2.519,2.811,12.049,3.651,3.249,0.402,0.037,0.073,1.095,69,46,2.519,1.68,0.667,8,1,0.292,0.037,0.114,0.886
3286,Nathan Redmond,England,Norwich City,"Center Attacking Midfield, Center Defensive Midfield, Left Attacking Midfield, Left Center Midfield, Left Defensive Midfield, Left Midfield, Left Wing, Right Attacking Midfield, Right Center Midfield, Right Midfield, Right Wing, Right Wing Back",35,24,2461.9,6,2.683,53,17,7,2,10,43,0,0.219,0.098,1.938,0.621,0.256,0.073,0.321,0.113,0.051,3.317,0.189,0.811,0.0,3,40,0.11,1.462,1084,761,57,963,34,743,153,188,73,4,36,15,39.628,27.82,2.669,0.146,1.316,0.548,0.702,0.053,0.888,0.031,0.685,0.141,0.173,0.067,0.004,0.033,0.014,1046,96,61,42,60,48,0,0,38.239,3.509,2.23,1.535,2.193,1.755,0.0,0.0,0.635,40,17,16,57,430,132,157,24,1,0,28,1.462,0.621,0.585,2.084,15.72,4.826,5.739,0.877,0.037,0.0,1.024,79,17,2.888,0.621,0.215,0,0,0.0,0.0,0.062,0.938
26207,Fabricio Coloccini,Argentina,Newcastle United,"Center Back, Left Center Back, Left Midfield, Right Center Back, Right Center Forward",26,26,2449.4,1,1.05,10,2,3,1,1,6,3,0.037,0.039,0.367,0.073,0.11,0.037,0.2,0.1,0.105,-0.05,0.1,0.6,0.3,0,3,0.0,0.11,856,722,80,681,66,573,103,180,3,1,28,1,31.453,26.529,0.11,0.037,1.029,0.037,0.843,0.093,0.796,0.077,0.669,0.12,0.21,0.004,0.001,0.033,0.001,592,8,7,8,7,3,1,0,21.752,0.294,0.257,0.294,0.257,0.11,0.037,0.0,0.875,45,30,124,63,295,68,74,30,0,2,13,1.653,1.102,4.556,2.315,10.839,2.499,2.719,1.102,0.0,0.073,0.478,106,57,3.895,2.094,0.538,2,1,0.073,0.037,0.105,0.895
3843,Angelo Obinze Ogbonna,Italy,West Ham United,"Left Back, Left Center Back, Right Defensive Midfield",28,27,2448.7,0,0.515,6,0,5,0,2,3,1,0.0,0.019,0.221,0.0,0.184,0.0,0.0,0.0,0.086,-0.515,0.333,0.5,0.167,0,2,0.0,0.074,954,759,587,240,80,624,98,232,0,0,16,4,35.064,27.896,0.0,0.0,0.588,0.147,0.796,0.615,0.252,0.084,0.654,0.103,0.243,0.0,0.0,0.017,0.004,654,9,6,17,8,6,1,0,24.037,0.331,0.221,0.625,0.294,0.221,0.037,0.0,0.667,48,46,172,44,238,97,102,7,0,2,23,1.764,1.691,6.322,1.617,8.747,3.565,3.749,0.257,0.0,0.074,0.845,126,88,4.631,3.234,0.698,5,0,0.184,0.0,0.708,0.292
3585,Erik Lamela,Argentina,Tottenham Hotspur,"Center Attacking Midfield, Center Forward, Left Wing, Right Attacking Midfield, Right Center Midfield, Right Wing",34,28,2439.6,5,5.872,59,19,28,3,47,7,5,0.184,0.217,2.177,0.701,1.033,0.111,0.322,0.085,0.1,-0.872,0.797,0.119,0.085,8,72,0.295,2.656,1117,827,953,106,27,748,169,200,36,4,32,14,41.208,30.509,1.328,0.148,1.181,0.516,0.74,0.853,0.095,0.024,0.67,0.151,0.179,0.032,0.004,0.029,0.013,1022,76,36,46,73,86,0,0,37.703,2.804,1.328,1.697,2.693,3.173,0.0,0.0,0.474,75,18,12,68,647,140,240,61,4,2,71,2.767,0.664,0.443,2.509,23.869,5.165,8.854,2.25,0.148,0.074,2.619,73,26,2.693,0.959,0.356,9,0,0.332,0.0,0.898,0.102
3237,Sergio Leonel Agüero del Castillo,Argentina,Manchester City,"Center Forward, Left Center Forward, Right Center Forward",30,29,2422.8,24,17.673,118,51,35,6,28,79,10,0.892,0.657,4.383,1.895,1.3,0.223,0.432,0.203,0.15,6.327,0.237,0.669,0.085,2,26,0.074,0.966,740,611,96,601,23,565,103,72,19,1,13,4,27.489,22.697,0.706,0.037,0.483,0.149,0.826,0.13,0.812,0.031,0.764,0.139,0.097,0.026,0.001,0.018,0.005,950,111,64,46,112,87,0,0,35.29,4.123,2.377,1.709,4.16,3.232,0.0,0.0,0.577,22,9,1,22,278,125,124,16,2,0,22,0.817,0.334,0.037,0.817,10.327,4.643,4.606,0.594,0.074,0.0,0.817,42,10,1.56,0.371,0.238,1,0,0.037,0.0,0.154,0.846
3087,Gnégnéri Yaya Touré,Côte d'Ivoire,Manchester City,"Center Attacking Midfield, Center Defensive Midfield, Left Center Forward, Left Center Midfield, Left Defensive Midfield, Right Center Forward, Right Center Midfield, Right Defensive Midfield",32,28,2405.8,6,5.881,74,22,27,1,17,51,6,0.224,0.22,2.768,0.823,1.01,0.037,0.297,0.081,0.079,0.119,0.23,0.689,0.081,3,43,0.112,1.609,1869,1596,259,1535,40,1442,218,209,11,1,50,21,69.919,59.706,0.412,0.037,1.87,0.786,0.854,0.139,0.821,0.021,0.772,0.117,0.112,0.006,0.001,0.027,0.011,1546,62,44,37,42,30,0,0,57.835,2.319,1.646,1.384,1.571,1.122,0.0,0.0,0.71,42,15,42,27,333,149,150,36,4,0,38,1.571,0.561,1.571,1.01,12.457,5.574,5.611,1.347,0.15,0.0,1.422,84,43,3.142,1.609,0.512,3,0,0.112,0.0,0.148,0.852
5596,Aleksandar Kolarov,Serbia,Manchester City,"Center Attacking Midfield, Left Back, Left Midfield, Left Wing",29,25,2391.7,3,1.892,41,10,9,6,41,0,0,0.113,0.071,1.543,0.376,0.339,0.226,0.244,0.073,0.046,1.108,1.0,0.0,0.0,3,38,0.113,1.43,1774,1339,1367,63,51,1069,324,381,91,10,59,3,66.756,50.387,3.424,0.376,2.22,0.113,0.755,0.771,0.036,0.029,0.603,0.183,0.215,0.051,0.006,0.033,0.002,1224,43,21,32,27,12,1,0,46.059,1.618,0.79,1.204,1.016,0.452,0.038,0.0,0.488,33,25,87,53,232,153,112,28,4,2,24,1.242,0.941,3.274,1.994,8.73,5.757,4.215,1.054,0.151,0.075,0.903,81,49,3.048,1.844,0.605,3,0,0.113,0.0,0.957,0.043
6821,Jesús Navas González,Spain,Manchester City,"Center Attacking Midfield, Center Forward, Left Center Midfield, Left Wing, Right Center Forward, Right Midfield, Right Wing, Right Wing Back",34,24,2384.5,0,2.875,31,8,8,2,8,22,1,0.0,0.109,1.17,0.302,0.302,0.075,0.258,0.0,0.093,-2.875,0.258,0.71,0.032,7,55,0.264,2.076,1452,1103,105,1286,38,1046,199,207,115,12,38,7,54.804,41.631,4.341,0.453,1.434,0.264,0.76,0.072,0.886,0.026,0.72,0.137,0.143,0.079,0.008,0.026,0.005,1320,68,45,29,43,40,0,1,49.822,2.567,1.698,1.095,1.623,1.51,0.0,0.038,0.662,28,13,19,52,390,159,138,21,6,1,21,1.057,0.491,0.717,1.963,14.72,6.001,5.209,0.793,0.226,0.038,0.793,44,9,1.661,0.34,0.205,1,0,0.038,0.0,0.08,0.92
3057,Jonjo Shelvey,England,"Newcastle United, Swansea City","Center Attacking Midfield, Center Defensive Midfield, Left Center Midfield, Left Defensive Midfield, Right Back, Right Center Midfield, Right Defensive Midfield",31,25,2366.5,1,2.705,57,16,11,0,10,45,2,0.038,0.103,2.168,0.608,0.418,0.0,0.281,0.018,0.047,-1.705,0.175,0.789,0.035,4,43,0.152,1.635,1593,1231,207,1319,47,941,226,426,41,0,103,30,60.583,46.816,1.559,0.0,3.917,1.141,0.773,0.13,0.828,0.03,0.591,0.142,0.267,0.026,0.0,0.065,0.019,1211,52,37,12,17,13,0,0,46.055,1.978,1.407,0.456,0.647,0.494,0.0,0.0,0.712,39,38,24,34,332,157,126,35,4,0,30,1.483,1.445,0.913,1.293,12.626,5.971,4.792,1.331,0.152,0.0,1.141,40,16,1.521,0.608,0.4,8,0,0.304,0.0,0.137,0.863
4629,José Ramiro Funes Mori,Argentina,Everton,"Center Attacking Midfield, Left Center Back, Right Attacking Midfield, Right Back",28,24,2357.7,4,2.04,24,8,4,1,8,4,12,0.153,0.078,0.916,0.305,0.153,0.038,0.333,0.167,0.085,1.96,0.333,0.167,0.5,0,5,0.0,0.191,1299,1085,719,470,64,886,159,254,3,0,40,2,49.586,41.417,0.115,0.0,1.527,0.076,0.835,0.554,0.362,0.049,0.682,0.122,0.196,0.002,0.0,0.031,0.002,949,11,5,12,5,8,2,0,36.226,0.42,0.191,0.458,0.191,0.305,0.076,0.0,0.455,42,53,201,42,214,133,75,17,2,3,11,1.603,2.023,7.673,1.603,8.169,5.077,2.863,0.649,0.076,0.115,0.42,142,89,5.421,3.397,0.627,4,1,0.153,0.038,0.605,0.395
13042,Tim Howard,United States of America,Everton,Goalkeeper,25,25,2353.9,0,0.0,0,0,0,0,0,0,0,0.0,0.0,0.0,0.0,0.0,0.0,0.0,0.0,0.0,0.0,0.0,0.0,0.0,0,0,0.0,0.0,805,554,58,546,0,369,40,396,0,0,13,0,30.779,21.182,0.0,0.0,0.497,0.0,0.688,0.072,0.678,0.0,0.458,0.05,0.492,0.0,0.0,0.016,0.0,324,1,1,2,0,0,0,0,12.388,0.038,0.038,0.076,0.0,0.0,0.0,0.0,1.0,0,0,2,3,6,142,0,1,0,0,2,0.0,0.0,0.076,0.115,0.229,5.429,0.0,0.038,0.0,0.0,0.076,0,0,0.0,0.0,0.0,1,0,0.038,0.0,0.096,0.904
3831,Dušan Tadić,Serbia,Southampton,"Center Attacking Midfield, Left Center Back, Left Center Midfield, Left Midfield, Left Wing, Left Wing Back, Right Midfield, Right Wing",34,27,2347.6,7,6.783,56,17,14,2,45,10,1,0.268,0.26,2.147,0.652,0.537,0.077,0.304,0.125,0.121,0.217,0.804,0.179,0.018,11,77,0.422,2.952,1104,712,846,180,36,557,198,349,134,7,41,18,42.324,27.296,5.137,0.268,1.572,0.69,0.645,0.766,0.163,0.033,0.505,0.179,0.316,0.121,0.006,0.037,0.016,989,60,38,40,61,52,0,0,37.915,2.3,1.457,1.533,2.339,1.994,0.0,0.0,0.633,36,14,13,49,384,136,138,26,5,3,31,1.38,0.537,0.498,1.879,14.721,5.214,5.291,0.997,0.192,0.115,1.188,48,17,1.84,0.652,0.354,2,0,0.077,0.0,0.824,0.176
3037,Mousa Sidi Yaya Dembélé,Belgium,Tottenham Hotspur,"Center Attacking Midfield, Center Forward, Left Center Back, Left Center Midfield, Left Defensive Midfield, Left Wing Back, Right Center Midfield, Right Defensive Midfield, Right Wing",29,27,2346.4,3,1.757,22,9,1,2,19,3,0,0.115,0.067,0.844,0.345,0.038,0.077,0.409,0.136,0.08,1.243,0.864,0.136,0.0,1,26,0.038,0.997,1383,1238,962,337,49,1157,127,99,5,3,17,3,53.047,47.486,0.192,0.115,0.652,0.115,0.895,0.696,0.244,0.035,0.837,0.092,0.072,0.004,0.002,0.012,0.002,1312,101,81,48,57,31,0,0,50.324,3.874,3.107,1.841,2.186,1.189,0.0,0.0,0.802,107,39,36,60,578,186,257,26,2,2,57,4.104,1.496,1.381,2.301,22.17,7.134,9.858,0.997,0.077,0.077,2.186,77,37,2.953,1.419,0.481,3,0,0.115,0.0,0.743,0.257
4269,Aleksandar Mitrović,Serbia,Newcastle United,"Center Forward, Left Back, Left Center Forward, Right Center Forward, Right Defensive Midfield, Right Midfield",34,22,2326.0,9,11.861,80,30,18,9,15,31,33,0.348,0.459,3.095,1.161,0.696,0.348,0.375,0.112,0.148,-2.861,0.188,0.388,0.412,4,26,0.155,1.006,714,519,56,430,56,382,207,125,6,2,2,4,27.627,20.082,0.232,0.077,0.077,0.155,0.727,0.078,0.602,0.078,0.535,0.29,0.175,0.008,0.003,0.003,0.006,574,35,18,59,72,109,0,1,22.21,1.354,0.696,2.283,2.786,4.218,0.0,0.039,0.514,25,9,30,50,391,73,113,16,0,3,53,0.967,0.348,1.161,1.935,15.129,2.825,4.372,0.619,0.0,0.116,2.051,345,134,13.349,5.185,0.388,4,2,0.155,0.077,0.133,0.867
3621,Eden Hazard,Belgium,Chelsea,"Center Attacking Midfield, Center Forward, Left Center Midfield, Left Defensive Midfield, Left Midfield, Left Wing, Right Center Midfield, Right Wing",31,25,2311.5,4,2.395,36,14,8,3,8,27,1,0.156,0.093,1.402,0.545,0.311,0.117,0.389,0.111,0.067,1.605,0.222,0.75,0.028,3,65,0.117,2.531,1476,1248,183,1219,26,1115,230,131,51,10,47,12,57.469,48.592,1.986,0.389,1.83,0.467,0.846,0.124,0.826,0.018,0.755,0.156,0.089,0.035,0.007,0.032,0.008,1468,111,75,80,74,63,0,0,57.158,4.322,2.92,3.115,2.881,2.453,0.0,0.0,0.676,21,13,4,33,231,147,95,15,0,0,17,0.818,0.506,0.156,1.285,8.994,5.724,3.699,0.584,0.0,0.0,0.662,44,16,1.713,0.623,0.364,2,0,0.078,0.0,0.133,0.867
3600,Morgan Schneiderlin,France,Manchester United,"Center Defensive Midfield, Left Center Midfield, Left Defensive Midfield, Right Center Midfield, Right Defensive Midfield",29,25,2311.1,1,1.21,11,1,9,1,1,8,2,0.039,0.047,0.428,0.039,0.35,0.039,0.091,0.091,0.11,-0.21,0.091,0.727,0.182,0,9,0.0,0.35,1484,1321,182,1217,51,1116,179,189,5,0,52,1,57.791,51.443,0.195,0.0,2.025,0.039,0.89,0.123,0.82,0.034,0.752,0.121,0.127,0.003,0.0,0.035,0.001,1131,26,19,18,25,14,1,0,44.044,1.013,0.74,0.701,0.974,0.545,0.039,0.0,0.731,68,63,51,35,510,145,199,36,2,0,60,2.648,2.453,1.986,1.363,19.861,5.647,7.75,1.402,0.078,0.0,2.337,78,38,3.038,1.48,0.487,3,0,0.117,0.0,0.13,0.87
10783,Lee Cattermole,England,Sunderland,"Center Defensive Midfield, Left Center Midfield, Left Defensive Midfield, Right Center Midfield, Right Defensive Midfield",31,27,2304.2,0,0.672,10,1,4,1,1,9,0,0.0,0.026,0.391,0.039,0.156,0.039,0.1,0.0,0.067,-0.672,0.1,0.9,0.0,0,20,0.0,0.781,970,729,92,744,90,577,158,235,8,0,34,16,37.887,28.474,0.312,0.0,1.328,0.625,0.752,0.095,0.767,0.093,0.595,0.163,0.242,0.008,0.0,0.035,0.016,659,19,14,20,23,15,0,0,25.74,0.742,0.547,0.781,0.898,0.586,0.0,0.0,0.737,57,36,38,47,440,127,162,42,0,0,47,2.226,1.406,1.484,1.836,17.186,4.961,6.328,1.64,0.0,0.0,1.836,72,43,2.812,1.68,0.597,8,0,0.312,0.0,0.11,0.89
11062,Graziano Pellè,Italy,Southampton,"Center Forward, Left Center Forward, Left Wing, Right Center Forward, Right Center Midfield, Right Wing",30,23,2293.0,11,7.72,82,26,28,1,15,37,30,0.432,0.303,3.218,1.02,1.099,0.039,0.317,0.134,0.094,3.28,0.183,0.451,0.366,6,32,0.235,1.256,889,574,95,524,66,361,303,225,12,1,16,12,34.893,22.529,0.471,0.039,0.628,0.471,0.646,0.107,0.589,0.074,0.406,0.341,0.253,0.013,0.001,0.018,0.013,674,29,14,34,60,85,0,0,26.454,1.138,0.549,1.334,2.355,3.336,0.0,0.0,0.483,11,6,28,25,259,74,98,9,0,0,44,0.432,0.235,1.099,0.981,10.166,2.904,3.846,0.353,0.0,0.0,1.727,277,153,10.872,6.005,0.552,6,0,0.235,0.0,0.164,0.836
4724,Glen Johnson,England,Stoke City,"Right Back, Right Center Back",25,25,2272.4,0,1.033,18,5,3,1,11,7,0,0.0,0.041,0.713,0.198,0.119,0.04,0.278,0.0,0.057,-1.033,0.611,0.389,0.0,3,19,0.119,0.753,1205,945,92,817,33,685,239,281,37,3,21,6,47.725,37.427,1.465,0.119,0.832,0.238,0.784,0.076,0.678,0.027,0.568,0.198,0.233,0.031,0.002,0.017,0.005,874,72,38,12,24,19,0,0,34.615,2.852,1.505,0.475,0.951,0.753,0.0,0.0,0.528,46,30,41,59,215,129,105,36,0,2,14,1.822,1.188,1.624,2.337,8.515,5.109,4.159,1.426,0.0,0.079,0.554,29,16,1.149,0.634,0.552,1,0,0.04,0.0,0.111,0.889
3464,James McArthur,Scotland,Crystal Palace,"Center Attacking Midfield, Left Center Midfield, Left Defensive Midfield, Right Center Midfield, Right Defensive Midfield",28,26,2265.8,2,1.179,16,5,7,0,7,8,1,0.079,0.047,0.636,0.199,0.278,0.0,0.312,0.125,0.074,0.821,0.438,0.5,0.062,2,21,0.079,0.834,1067,900,236,713,63,725,173,169,6,0,36,2,42.382,35.749,0.238,0.0,1.43,0.079,0.843,0.221,0.668,0.059,0.679,0.162,0.158,0.006,0.0,0.034,0.002,818,33,20,29,34,17,2,1,32.492,1.311,0.794,1.152,1.351,0.675,0.079,0.04,0.606,51,38,29,74,516,183,183,52,2,0,45,2.026,1.509,1.152,2.939,20.496,7.269,7.269,2.065,0.079,0.0,1.787,100,41,3.972,1.629,0.41,5,0,0.199,0.0,0.252,0.748
4891,Ibrahim Afellay,Netherlands,Stoke City,"Center Attacking Midfield, Left Center Midfield, Left Defensive Midfield, Left Midfield, Left Wing, Right Center Midfield, Right Defensive Midfield, Right Midfield, Right Wing",31,24,2249.8,2,2.213,39,9,12,1,16,22,1,0.08,0.089,1.56,0.36,0.48,0.04,0.231,0.051,0.057,-0.213,0.41,0.564,0.026,2,21,0.08,0.84,1331,1146,160,1110,38,1023,156,152,30,0,59,5,53.245,45.844,1.2,0.0,2.36,0.2,0.861,0.12,0.834,0.029,0.769,0.117,0.114,0.023,0.0,0.044,0.004,1203,59,40,42,41,38,0,0,48.124,2.36,1.6,1.68,1.64,1.52,0.0,0.0,0.678,28,11,13,32,346,158,128,16,1,0,25,1.12,0.44,0.52,1.28,13.841,6.321,5.12,0.64,0.04,0.0,1.0,32,14,1.28,0.56,0.438,3,1,0.12,0.04,0.135,0.865
4280,Winston Reid,New Zealand,West Ham United,"Center Back, Left Center Back, Right Center Back",24,24,2241.5,1,1.58,18,5,5,0,2,5,11,0.04,0.063,0.723,0.201,0.201,0.0,0.278,0.056,0.088,-0.58,0.111,0.278,0.611,1,5,0.04,0.201,826,691,95,622,71,556,85,185,0,0,23,0,33.165,27.745,0.0,0.0,0.923,0.0,0.837,0.115,0.753,0.086,0.673,0.103,0.224,0.0,0.0,0.028,0.0,538,2,2,29,5,3,0,0,21.602,0.08,0.08,1.164,0.201,0.12,0.0,0.0,1.0,49,41,177,51,248,64,103,16,0,2,24,1.967,1.646,7.107,2.048,9.958,2.57,4.136,0.642,0.0,0.08,0.964,111,66,4.457,2.65,0.595,5,0,0.201,0.0,0.134,0.866
6409,Adam Smith,England,AFC Bournemouth,"Left Back, Left Midfield, Right Back, Right Center Back, Right Midfield",31,22,2230.6,2,0.522,15,4,1,0,3,11,1,0.081,0.021,0.605,0.161,0.04,0.0,0.267,0.133,0.035,1.478,0.2,0.733,0.067,0,14,0.0,0.565,1274,1045,108,825,43,729,296,249,43,2,16,1,51.403,42.164,1.735,0.081,0.646,0.04,0.82,0.085,0.648,0.034,0.572,0.232,0.195,0.034,0.002,0.013,0.001,946,56,35,55,37,38,0,0,38.169,2.259,1.412,2.219,1.493,1.533,0.0,0.0,0.625,67,27,49,50,538,108,168,35,1,0,38,2.703,1.089,1.977,2.017,21.707,4.358,6.778,1.412,0.04,0.0,1.533,78,33,3.147,1.331,0.423,5,0,0.202,0.0,0.117,0.883
3842,Shane Long,Ireland,Southampton,"Center Attacking Midfield, Center Forward, Left Attacking Midfield, Left Center Forward, Left Wing, Right Center Forward, Right Wing",28,23,2215.2,10,7.984,63,25,19,5,9,31,22,0.406,0.324,2.56,1.016,0.772,0.203,0.397,0.159,0.127,2.016,0.143,0.492,0.349,4,34,0.163,1.381,649,418,74,401,52,339,169,141,44,3,9,6,26.368,16.983,1.788,0.122,0.366,0.244,0.644,0.114,0.618,0.08,0.522,0.26,0.217,0.068,0.005,0.014,0.009,498,29,12,45,40,81,0,0,20.233,1.178,0.488,1.828,1.625,3.291,0.0,0.0,0.414,24,15,18,34,359,73,97,21,1,1,42,0.975,0.609,0.731,1.381,14.586,2.966,3.941,0.853,0.041,0.041,1.706,265,123,10.767,4.997,0.464,2,0,0.081,0.0,0.161,0.839
3594,Danny Rose,England,Tottenham Hotspur,"Left Back, Left Wing Back",24,24,2212.0,1,0.9,26,4,10,1,24,1,1,0.041,0.037,1.058,0.163,0.407,0.041,0.154,0.038,0.035,0.1,0.923,0.038,0.038,3,23,0.122,0.936,1433,1077,933,142,56,818,287,328,56,7,33,3,58.305,43.82,2.278,0.285,1.343,0.122,0.752,0.651,0.099,0.039,0.571,0.2,0.229,0.039,0.005,0.023,0.002,990,52,27,50,21,24,1,0,40.28,2.116,1.099,2.034,0.854,0.976,0.041,0.0,0.519,70,32,78,48,299,126,140,22,1,3,42,2.848,1.302,3.174,1.953,12.165,5.127,5.696,0.895,0.041,0.122,1.709,62,33,2.523,1.343,0.532,7,0,0.285,0.0,0.87,0.13
3475,Per Mertesacker,Germany,Arsenal,"Center Attacking Midfield, Left Wing, Right Center Back",24,24,2211.6,0,1.237,8,2,1,0,1,0,7,0.0,0.05,0.326,0.081,0.041,0.0,0.25,0.0,0.155,-1.237,0.125,0.0,0.875,0,1,0.0,0.041,1238,1116,230,882,67,964,131,143,0,0,16,1,50.38,45.415,0.0,0.0,0.651,0.041,0.901,0.186,0.712,0.054,0.779,0.106,0.116,0.0,0.0,0.013,0.001,824,2,2,9,2,7,1,0,33.532,0.081,0.081,0.366,0.081,0.285,0.041,0.0,1.0,20,16,136,25,87,61,38,5,2,2,8,0.814,0.651,5.534,1.017,3.54,2.482,1.546,0.203,0.081,0.081,0.326,105,82,4.273,3.337,0.781,1,1,0.041,0.041,0.208,0.792
4090,Adam David Lallana,England,Liverpool,"Center Attacking Midfield, Center Forward, Left Center Forward, Left Center Midfield, Left Midfield, Left Wing, Right Attacking Midfield, Right Center Forward, Right Center Midfield, Right Midfield, Right Wing",30,23,2189.2,4,3.886,42,16,12,2,22,16,4,0.164,0.16,1.727,0.658,0.493,0.082,0.381,0.095,0.093,0.114,0.524,0.381,0.095,7,51,0.288,2.097,1046,817,275,677,57,752,150,144,43,4,18,12,43.002,33.588,1.768,0.164,0.74,0.493,0.781,0.263,0.647,0.054,0.719,0.143,0.138,0.041,0.004,0.017,0.011,948,73,43,36,49,62,0,2,38.973,3.001,1.768,1.48,2.014,2.549,0.0,0.082,0.589,61,17,34,55,607,134,211,41,3,0,33,2.508,0.699,1.398,2.261,24.954,5.509,8.674,1.686,0.123,0.0,1.357,76,21,3.124,0.863,0.276,2,0,0.082,0.0,0.3,0.7
16072,Vurnon Anita,Curaçao,Newcastle United,"Center Defensive Midfield, Left Back, Left Center Midfield, Left Defensive Midfield, Right Back, Right Center Midfield, Right Defensive Midfield",28,24,2186.7,1,0.286,8,2,5,0,3,5,0,0.041,0.012,0.329,0.082,0.206,0.0,0.25,0.125,0.036,0.714,0.375,0.625,0.0,3,12,0.123,0.494,1134,864,102,830,56,640,220,274,16,0,27,1,46.673,35.56,0.659,0.0,1.111,0.041,0.762,0.09,0.732,0.049,0.564,0.194,0.242,0.014,0.0,0.024,0.001,740,24,13,15,15,11,0,0,30.457,0.988,0.535,0.617,0.617,0.453,0.0,0.0,0.542,80,39,59,66,534,143,219,36,2,1,34,3.293,1.605,2.428,2.716,21.978,5.886,9.014,1.482,0.082,0.041,1.399,49,23,2.017,0.947,0.469,6,0,0.247,0.0,0.112,0.888
3509,Thibaut Courtois,Belgium,Chelsea,"Center Attacking Midfield, Goalkeeper, Right Defensive Midfield",23,23,2179.9,0,0.0,0,0,0,0,0,0,0,0.0,0.0,0.0,0.0,0.0,0.0,0.0,0.0,0.0,0.0,0.0,0.0,0.0,0,0,0.0,0.0,638,370,359,122,1,215,36,387,0,0,27,0,26.341,15.276,0.0,0.0,1.115,0.0,0.58,0.563,0.191,0.002,0.337,0.056,0.607,0.0,0.0,0.042,0.0,226,0,0,3,0,0,1,0,9.331,0.0,0.0,0.124,0.0,0.0,0.041,0.0,0.0,0,0,2,1,4,112,0,0,0,0,2,0.0,0.0,0.083,0.041,0.165,4.624,0.0,0.0,0.0,0.0,0.083,0,0,0.0,0.0,0.0,1,2,0.041,0.083,0.746,0.254
5108,Glyn Oliver Myhill,Wales,West Bromwich Albion,Goalkeeper,23,23,2176.8,0,0.0,0,0,0,0,0,0,0,0.0,0.0,0.0,0.0,0.0,0.0,0.0,0.0,0.0,0.0,0.0,0.0,0.0,0,0,0.0,0.0,661,310,49,472,0,94,22,545,0,0,16,0,27.329,12.817,0.0,0.0,0.662,0.0,0.469,0.074,0.714,0.0,0.142,0.033,0.825,0.0,0.0,0.024,0.0,239,0,0,3,0,0,1,0,9.881,0.0,0.0,0.124,0.0,0.0,0.041,0.0,0.0,0,0,0,3,0,112,0,1,0,0,0,0.0,0.0,0.0,0.124,0.0,4.631,0.0,0.041,0.0,0.0,0.0,0,0,0.0,0.0,0.0,2,0,0.083,0.0,0.094,0.906
3589,Yannick Bolasie Yala,"Congo, (Kinshasa)",Crystal Palace,"Center Attacking Midfield, Center Forward, Left Center Forward, Left Midfield, Left Wing, Right Center Forward, Right Midfield, Right Wing",26,23,2174.9,5,4.332,58,27,13,2,14,40,4,0.207,0.179,2.4,1.117,0.538,0.083,0.466,0.086,0.075,0.668,0.241,0.69,0.069,3,26,0.124,1.076,653,402,123,458,23,343,151,159,109,7,31,3,27.022,16.635,4.511,0.29,1.283,0.124,0.616,0.188,0.701,0.035,0.525,0.231,0.243,0.167,0.011,0.047,0.005,801,135,73,40,66,70,0,0,33.146,5.586,3.021,1.655,2.731,2.897,0.0,0.0,0.541,26,10,28,34,281,134,95,16,1,3,32,1.076,0.414,1.159,1.407,11.628,5.545,3.931,0.662,0.041,0.124,1.324,90,35,3.724,1.448,0.389,2,0,0.083,0.0,0.216,0.784
3288,Miguel Ángel Britos Cabrera,Uruguay,Watford,"Left Center Back, Right Center Back",24,24,2170.4,0,0.652,7,0,2,0,2,0,5,0.0,0.027,0.29,0.0,0.083,0.0,0.0,0.0,0.093,-0.652,0.286,0.0,0.714,0,0,0.0,0.0,772,529,532,125,75,359,82,331,1,0,22,1,32.013,21.936,0.041,0.0,0.912,0.041,0.685,0.689,0.162,0.097,0.465,0.106,0.429,0.001,0.0,0.028,0.001,446,8,7,18,6,3,1,0,18.494,0.332,0.29,0.746,0.249,0.124,0.041,0.0,0.875,30,27,178,35,171,73,70,9,1,3,21,1.244,1.12,7.381,1.451,7.091,3.027,2.903,0.373,0.041,0.124,0.871,130,89,5.391,3.691,0.685,7,0,0.29,0.0,0.81,0.19
3076,Ayoze Pérez Gutiérrez,Spain,Newcastle United,"Center Attacking Midfield, Center Forward, Left Attacking Midfield, Left Center Forward, Left Center Midfield, Left Defensive Midfield, Left Midfield, Left Wing, Right Center Forward, Right Center Midfield, Right Defensive Midfield, Right Wing",34,22,2150.5,6,3.685,51,16,20,2,6,44,1,0.251,0.154,2.134,0.67,0.837,0.084,0.314,0.118,0.072,2.315,0.118,0.863,0.02,2,28,0.084,1.172,658,463,63,564,12,431,95,132,34,1,25,5,27.538,19.377,1.423,0.042,1.046,0.209,0.704,0.096,0.857,0.018,0.655,0.144,0.201,0.052,0.002,0.038,0.008,778,108,58,52,74,74,0,1,32.56,4.52,2.427,2.176,3.097,3.097,0.0,0.042,0.537,58,34,17,64,580,143,175,43,4,1,41,2.427,1.423,0.711,2.678,24.273,5.985,7.324,1.8,0.167,0.042,1.716,63,14,2.637,0.586,0.222,4,0,0.167,0.0,0.102,0.898
42700,Micah Richards,England,Aston Villa,"Center Back, Right Back, Right Center Back",24,23,2143.5,1,1.712,14,2,2,1,1,1,12,0.042,0.072,0.588,0.084,0.084,0.042,0.143,0.071,0.122,-0.712,0.071,0.071,0.857,1,7,0.042,0.294,783,654,47,585,71,522,102,159,2,0,7,2,32.876,27.46,0.084,0.0,0.294,0.084,0.835,0.06,0.747,0.091,0.667,0.13,0.203,0.003,0.0,0.009,0.003,551,30,22,31,19,10,0,0,23.135,1.26,0.924,1.302,0.798,0.42,0.0,0.0,0.733,43,28,131,45,198,80,90,12,2,3,17,1.805,1.176,5.5,1.889,8.314,3.359,3.779,0.504,0.084,0.126,0.714,117,86,4.913,3.611,0.735,3,0,0.126,0.0,0.076,0.924
3349,Michail Antonio,Jamaica,West Ham United,"Left Midfield, Left Wing, Right Back, Right Center Back, Right Midfield, Right Wing, Right Wing Back",26,23,2138.4,8,5.605,56,20,11,4,17,22,16,0.337,0.236,2.357,0.842,0.463,0.168,0.357,0.143,0.1,2.395,0.304,0.393,0.286,3,22,0.126,0.926,708,460,76,437,34,344,148,216,56,4,30,3,29.798,19.36,2.357,0.168,1.263,0.126,0.65,0.107,0.617,0.048,0.486,0.209,0.305,0.079,0.006,0.042,0.004,690,94,59,37,57,70,1,2,29.04,3.956,2.483,1.557,2.399,2.946,0.042,0.084,0.628,50,51,60,56,341,125,139,21,8,7,27,2.104,2.146,2.525,2.357,14.352,5.261,5.85,0.884,0.337,0.295,1.136,114,59,4.798,2.483,0.518,3,0,0.126,0.0,0.168,0.832
9485,Craig Gardner,England,West Bromwich Albion,"Center Attacking Midfield, Center Forward, Left Back, Left Center Back, Left Center Forward, Left Center Midfield, Left Midfield, Left Wing, Right Back, Right Center Midfield, Right Defensive Midfield, Right Midfield, Right Wing, Right Wing Back",34,20,2135.8,3,3.893,50,10,18,2,15,28,7,0.126,0.164,2.107,0.421,0.758,0.084,0.2,0.06,0.078,-0.893,0.3,0.56,0.14,3,26,0.126,1.096,745,420,97,536,50,333,130,282,44,2,34,4,31.393,17.698,1.854,0.084,1.433,0.169,0.564,0.13,0.719,0.067,0.447,0.174,0.379,0.059,0.003,0.046,0.005,489,22,9,27,20,39,0,1,20.606,0.927,0.379,1.138,0.843,1.643,0.0,0.042,0.409,57,20,32,63,511,96,172,39,2,1,48,2.402,0.843,1.348,2.655,21.533,4.045,7.248,1.643,0.084,0.042,2.023,118,53,4.972,2.233,0.449,5,0,0.211,0.0,0.166,0.834
20287,John Terry,England,Chelsea,"Center Attacking Midfield, Center Back, Left Center Back",24,24,2127.8,1,1.154,10,2,3,0,0,3,7,0.042,0.049,0.423,0.085,0.127,0.0,0.2,0.1,0.115,-0.154,0.0,0.3,0.7,0,3,0.0,0.127,933,853,319,473,84,673,146,114,0,0,15,0,39.463,36.08,0.0,0.0,0.634,0.0,0.914,0.342,0.507,0.09,0.721,0.156,0.122,0.0,0.0,0.016,0.0,482,3,1,6,1,0,1,1,20.387,0.127,0.042,0.254,0.042,0.0,0.042,0.042,0.333,28,27,120,38,116,42,61,7,1,1,10,1.184,1.142,5.076,1.607,4.906,1.776,2.58,0.296,0.042,0.042,0.423,102,65,4.314,2.749,0.637,5,2,0.211,0.085,0.401,0.599
4746,Younes Kaboul,France,Sunderland,Left Center Back,23,22,2124.1,0,0.756,11,5,1,0,0,2,8,0.0,0.032,0.466,0.212,0.042,0.0,0.455,0.0,0.069,-0.756,0.0,0.182,0.727,1,6,0.042,0.254,692,465,155,417,74,360,64,268,7,3,18,2,29.321,19.702,0.297,0.127,0.763,0.085,0.672,0.224,0.603,0.107,0.52,0.092,0.387,0.01,0.004,0.026,0.003,430,14,12,8,7,6,1,0,18.219,0.593,0.508,0.339,0.297,0.254,0.042,0.0,0.857,43,39,191,57,286,79,66,12,0,4,17,1.822,1.652,8.093,2.415,12.118,3.347,2.796,0.508,0.0,0.169,0.72,163,89,6.906,3.771,0.546,5,1,0.212,0.042,0.27,0.73
10503,Billy Jones,England,Sunderland,"Left Back, Left Center Back, Right Back, Right Center Back, Right Wing Back",24,23,2121.0,1,1.821,13,4,4,0,3,8,2,0.042,0.077,0.552,0.17,0.17,0.0,0.308,0.077,0.14,-0.821,0.231,0.615,0.154,0,10,0.0,0.424,847,588,110,400,59,319,269,259,18,1,12,0,35.941,24.95,0.764,0.042,0.509,0.0,0.694,0.13,0.472,0.07,0.377,0.318,0.306,0.021,0.001,0.014,0.0,444,17,12,15,19,16,0,0,18.84,0.721,0.509,0.636,0.806,0.679,0.0,0.0,0.706,81,19,59,67,522,93,135,30,0,1,39,3.437,0.806,2.504,2.843,22.15,3.946,5.728,1.273,0.0,0.042,1.655,104,70,4.413,2.97,0.673,8,0,0.339,0.0,0.217,0.783
16890,John O''Shea,Ireland,Sunderland,"Center Back, Center Defensive Midfield, Left Center Back, Right Center Back, Right Center Midfield",28,23,2116.2,0,0.436,8,3,1,0,1,0,7,0.0,0.019,0.34,0.128,0.043,0.0,0.375,0.0,0.054,-0.436,0.125,0.0,0.875,0,1,0.0,0.043,611,448,126,367,75,315,96,200,1,0,21,2,25.985,19.053,0.043,0.0,0.893,0.085,0.733,0.206,0.601,0.123,0.516,0.157,0.327,0.002,0.0,0.034,0.003,327,1,1,12,4,2,1,0,13.907,0.043,0.043,0.51,0.17,0.085,0.043,0.0,1.0,32,31,175,31,185,58,63,13,1,1,23,1.361,1.318,7.443,1.318,7.868,2.467,2.679,0.553,0.043,0.043,0.978,121,82,5.146,3.487,0.678,2,0,0.085,0.0,0.257,0.743
3810,Shinji Okazaki,Japan,Leicester City,"Center Attacking Midfield, Left Center Forward, Left Midfield, Right Center Forward, Right Center Midfield, Right Midfield",36,28,2115.6,5,7.122,44,11,17,4,15,16,13,0.213,0.303,1.872,0.468,0.723,0.17,0.25,0.114,0.162,-2.122,0.341,0.364,0.295,0,17,0.0,0.723,521,389,97,301,56,324,119,78,10,3,3,1,22.164,16.548,0.425,0.128,0.128,0.043,0.747,0.186,0.578,0.107,0.622,0.228,0.15,0.019,0.006,0.006,0.002,481,45,23,57,68,72,0,0,20.462,1.914,0.978,2.425,2.893,3.063,0.0,0.0,0.511,37,11,17,43,515,86,131,23,4,1,32,1.574,0.468,0.723,1.829,21.909,3.659,5.573,0.978,0.17,0.043,1.361,255,74,10.848,3.148,0.29,1,0,0.043,0.0,0.261,0.739
3958,Pedro Eliezer Rodríguez Ledesma,Spain,Chelsea,"Left Center Midfield, Left Defensive Midfield, Left Midfield, Left Wing, Right Midfield, Right Wing, Right Wing Back",29,24,2112.6,7,5.979,59,15,11,5,21,36,2,0.298,0.255,2.513,0.639,0.469,0.213,0.254,0.119,0.101,1.021,0.356,0.61,0.034,2,41,0.085,1.747,1049,835,237,776,18,772,148,129,47,5,36,3,44.689,35.572,2.002,0.213,1.534,0.128,0.796,0.226,0.74,0.017,0.736,0.141,0.123,0.045,0.005,0.034,0.003,1106,99,59,58,42,49,0,1,47.117,4.218,2.513,2.471,1.789,2.087,0.0,0.043,0.596,41,14,6,57,382,174,142,36,4,0,26,1.747,0.596,0.256,2.428,16.274,7.413,6.049,1.534,0.17,0.0,1.108,41,5,1.747,0.213,0.122,3,0,0.128,0.0,0.241,0.759
20527,Jonas Olsson,Sweden,West Bromwich Albion,"Left Back, Left Center Back, Right Wing",28,25,2107.6,1,1.062,6,2,1,0,1,0,5,0.043,0.045,0.256,0.085,0.043,0.0,0.333,0.167,0.177,-0.062,0.167,0.0,0.833,1,4,0.043,0.171,575,399,431,40,63,282,68,225,0,1,12,3,24.554,17.038,0.0,0.043,0.512,0.128,0.694,0.75,0.07,0.11,0.49,0.118,0.391,0.0,0.002,0.021,0.005,313,3,2,8,1,3,2,0,13.366,0.128,0.085,0.342,0.043,0.128,0.085,0.0,0.667,18,18,165,58,159,47,46,11,0,1,23,0.769,0.769,7.046,2.477,6.79,2.007,1.964,0.47,0.0,0.043,0.982,103,81,4.398,3.459,0.786,5,0,0.214,0.0,0.915,0.085
3501,Philippe Coutinho Correia,Brazil,Liverpool,"Center Attacking Midfield, Center Midfield, Left Attacking Midfield, Left Center Midfield, Left Midfield, Left Wing, Right Back, Right Midfield, Right Wing",26,24,2104.8,8,7.128,111,29,27,0,15,95,1,0.342,0.305,4.746,1.24,1.155,0.0,0.261,0.072,0.064,0.872,0.135,0.856,0.009,5,48,0.214,2.052,1147,872,91,999,32,772,174,201,27,3,35,23,49.045,37.286,1.155,0.128,1.497,0.983,0.76,0.079,0.871,0.028,0.673,0.152,0.175,0.024,0.003,0.031,0.02,1126,93,51,38,60,52,0,0,48.147,3.977,2.181,1.625,2.566,2.223,0.0,0.0,0.548,32,24,8,49,383,139,152,39,1,0,14,1.368,1.026,0.342,2.095,16.377,5.944,6.499,1.668,0.043,0.0,0.599,46,9,1.967,0.385,0.196,4,1,0.171,0.043,0.088,0.912
3533,Xherdan Shaqiri,Switzerland,Stoke City,"Center Attacking Midfield, Left Center Forward, Left Midfield, Right Defensive Midfield, Right Midfield, Right Wing",27,27,2097.9,3,2.463,39,12,10,1,36,3,0,0.129,0.106,1.673,0.515,0.429,0.043,0.308,0.077,0.063,0.537,0.923,0.077,0.0,5,48,0.215,2.059,835,577,644,159,20,473,130,232,81,5,50,14,35.822,24.753,3.475,0.215,2.145,0.601,0.691,0.771,0.19,0.024,0.566,0.156,0.278,0.097,0.006,0.06,0.017,850,86,42,33,49,61,0,2,36.465,3.689,1.802,1.416,2.102,2.617,0.0,0.086,0.488,19,11,5,12,253,124,73,13,0,0,30,0.815,0.472,0.215,0.515,10.854,5.32,3.132,0.558,0.0,0.0,1.287,27,5,1.158,0.215,0.185,3,0,0.129,0.0,0.808,0.192
3389,Eliaquim Mangala,France,Manchester City,Left Center Back,23,23,2091.0,0,0.787,6,2,0,1,0,0,5,0.0,0.034,0.258,0.086,0.0,0.043,0.333,0.0,0.131,-0.787,0.0,0.0,0.833,0,0,0.0,0.0,1011,894,555,379,40,823,76,112,0,0,18,0,43.515,38.479,0.0,0.0,0.775,0.0,0.884,0.549,0.375,0.04,0.814,0.075,0.111,0.0,0.0,0.018,0.0,750,8,6,8,11,5,0,0,32.281,0.344,0.258,0.344,0.473,0.215,0.0,0.0,0.75,37,33,129,29,238,95,110,20,2,1,41,1.593,1.42,5.552,1.248,10.244,4.089,4.735,0.861,0.086,0.043,1.765,87,58,3.745,2.496,0.667,8,0,0.344,0.0,0.594,0.406
3089,Kevin De Bruyne,Belgium,Manchester City,"Center Attacking Midfield, Center Forward, Left Center Forward, Left Center Midfield, Left Midfield, Left Wing, Right Center Forward, Right Midfield, Right Wing",25,22,2085.6,7,4.502,48,25,16,0,9,39,0,0.302,0.194,2.071,1.079,0.69,0.0,0.521,0.146,0.094,2.498,0.188,0.812,0.0,9,78,0.388,3.366,1314,946,127,1124,29,916,174,224,89,11,65,15,56.703,40.823,3.841,0.475,2.805,0.647,0.72,0.097,0.855,0.022,0.697,0.132,0.17,0.068,0.008,0.049,0.011,1107,73,43,23,39,49,0,1,47.77,3.15,1.856,0.993,1.683,2.114,0.0,0.043,0.589,30,18,15,35,450,126,162,43,4,1,20,1.295,0.777,0.647,1.51,19.419,5.437,6.991,1.856,0.173,0.043,0.863,59,17,2.546,0.734,0.288,2,0,0.086,0.0,0.105,0.895
3645,Gary Cahill,England,Chelsea,"Center Attacking Midfield, Left Center Back, Right Center Back",23,21,2064.8,2,1.084,14,3,2,0,2,4,8,0.087,0.047,0.61,0.131,0.087,0.0,0.214,0.143,0.077,0.916,0.143,0.286,0.571,0,2,0.0,0.087,743,643,80,555,56,538,85,120,0,0,11,1,32.386,28.027,0.0,0.0,0.479,0.044,0.865,0.108,0.747,0.075,0.724,0.114,0.162,0.0,0.0,0.015,0.001,492,4,4,20,6,3,0,0,21.445,0.174,0.174,0.872,0.262,0.131,0.0,0.0,1.0,31,17,150,57,192,82,59,7,1,1,24,1.351,0.741,6.538,2.485,8.369,3.574,2.572,0.305,0.044,0.044,1.046,145,92,6.32,4.01,0.634,2,0,0.087,0.0,0.128,0.872
4751,Michael Carrick,England,Manchester United,"Center Attacking Midfield, Center Defensive Midfield, Left Center Midfield, Left Defensive Midfield, Right Center Back, Right Center Midfield, Right Defensive Midfield",28,22,2059.0,0,0.305,7,1,2,0,2,5,0,0.0,0.013,0.306,0.044,0.087,0.0,0.143,0.0,0.044,-0.305,0.286,0.714,0.0,0,8,0.0,0.35,1562,1353,288,1177,67,1157,158,247,6,0,67,9,68.276,59.14,0.262,0.0,2.929,0.393,0.866,0.184,0.754,0.043,0.741,0.101,0.158,0.004,0.0,0.043,0.006,1176,12,7,19,19,10,1,0,51.404,0.525,0.306,0.831,0.831,0.437,0.044,0.0,0.583,43,37,46,38,269,106,165,26,3,1,16,1.88,1.617,2.011,1.661,11.758,4.633,7.212,1.136,0.131,0.044,0.699,46,25,2.011,1.093,0.543,4,0,0.175,0.0,0.197,0.803
7780,Lucas Pezzini Leiva,Brazil,Liverpool,"Center Defensive Midfield, Left Center Back, Left Center Midfield, Left Defensive Midfield, Left Midfield, Left Wing, Right Center Back, Right Center Midfield, Right Defensive Midfield",27,21,2050.2,0,0.554,10,3,4,0,0,8,2,0.0,0.024,0.439,0.132,0.176,0.0,0.3,0.0,0.055,-0.554,0.0,0.8,0.2,1,21,0.044,0.922,1478,1239,126,1170,121,1071,162,245,4,1,37,11,64.881,54.39,0.176,0.044,1.624,0.483,0.838,0.085,0.792,0.082,0.725,0.11,0.166,0.003,0.001,0.025,0.007,1023,20,16,21,13,16,1,1,44.908,0.878,0.702,0.922,0.571,0.702,0.044,0.044,0.8,98,32,65,68,528,132,255,61,0,1,60,4.302,1.405,2.853,2.985,23.178,5.795,11.194,2.678,0.0,0.044,2.634,122,73,5.356,3.205,0.598,7,0,0.307,0.0,0.097,0.903
6870,José Manuel Jurado Marín,Spain,Watford,"Center Attacking Midfield, Center Defensive Midfield, Left Defensive Midfield, Left Midfield, Left Wing, Right Center Forward, Right Center Midfield, Right Midfield, Right Wing",27,27,2049.2,0,1.585,36,10,13,0,4,31,1,0.0,0.07,1.581,0.439,0.571,0.0,0.278,0.0,0.044,-1.585,0.111,0.861,0.028,0,39,0.0,1.713,1035,831,175,808,24,757,135,143,34,3,24,10,45.457,36.497,1.493,0.132,1.054,0.439,0.803,0.169,0.781,0.023,0.731,0.13,0.138,0.033,0.003,0.023,0.01,961,86,52,44,49,47,0,0,42.207,3.777,2.284,1.932,2.152,2.064,0.0,0.0,0.605,34,17,9,37,343,156,108,25,3,1,15,1.493,0.747,0.395,1.625,15.064,6.851,4.743,1.098,0.132,0.044,0.659,47,12,2.064,0.527,0.255,3,0,0.132,0.0,0.176,0.824
3535,Roberto Firmino Barbosa de Oliveira,Brazil,Liverpool,"Center Attacking Midfield, Center Forward, Left Center Forward, Left Center Midfield, Left Defensive Midfield, Left Wing, Right Attacking Midfield, Right Center Forward, Right Center Midfield, Right Wing",31,24,2045.5,10,7.352,65,27,13,4,21,38,6,0.44,0.323,2.86,1.188,0.572,0.176,0.415,0.154,0.113,2.648,0.323,0.585,0.092,7,44,0.308,1.936,1045,778,133,816,46,764,161,120,31,5,11,12,45.979,34.231,1.364,0.22,0.484,0.528,0.744,0.127,0.781,0.044,0.731,0.154,0.115,0.03,0.005,0.011,0.011,971,90,55,23,71,63,1,1,42.723,3.96,2.42,1.012,3.124,2.772,0.044,0.044,0.611,74,13,11,57,614,123,240,38,3,0,32,3.256,0.572,0.484,2.508,27.015,5.412,10.56,1.672,0.132,0.0,1.408,108,33,4.752,1.452,0.306,1,0,0.044,0.0,0.153,0.847
3329,Cédric Ricardo Alves Soares,Portugal,Southampton,"Left Center Midfield, Right Back, Right Wing Back",24,23,2044.8,0,0.294,10,1,5,0,1,8,1,0.0,0.013,0.44,0.044,0.22,0.0,0.1,0.0,0.029,-0.294,0.1,0.8,0.1,2,25,0.088,1.1,1155,771,124,734,49,444,281,430,95,3,35,4,50.836,33.935,4.181,0.132,1.54,0.176,0.668,0.107,0.635,0.042,0.384,0.243,0.372,0.082,0.003,0.03,0.003,799,37,28,16,26,15,1,0,35.167,1.629,1.232,0.704,1.144,0.66,0.044,0.0,0.757,69,21,73,63,351,114,106,15,0,3,23,3.037,0.924,3.213,2.773,15.449,5.018,4.665,0.66,0.0,0.132,1.012,70,31,3.081,1.364,0.443,3,0,0.132,0.0,0.144,0.856
3316,James Tomkins,England,West Ham United,"Left Back, Left Center Back, Right Back, Right Center Back, Right Center Forward",25,23,2044.7,0,0.501,8,1,4,0,2,5,1,0.0,0.022,0.352,0.044,0.176,0.0,0.125,0.0,0.063,-0.501,0.25,0.625,0.125,0,10,0.0,0.44,963,747,103,647,60,528,160,275,13,0,19,2,42.388,32.88,0.572,0.0,0.836,0.088,0.776,0.107,0.672,0.062,0.548,0.166,0.286,0.013,0.0,0.02,0.002,554,9,5,16,7,5,1,0,24.385,0.396,0.22,0.704,0.308,0.22,0.044,0.0,0.556,67,21,129,49,271,78,108,22,0,2,18,2.949,0.924,5.678,2.157,11.928,3.433,4.754,0.968,0.0,0.088,0.792,84,58,3.697,2.553,0.69,4,0,0.176,0.0,0.139,0.861
10966,Wes Hoolahan,Ireland,Norwich City,"Center Attacking Midfield, Left Attacking Midfield, Left Center Midfield, Left Midfield, Left Wing, Right Center Midfield, Right Midfield",30,25,2042.8,4,3.532,26,8,7,0,20,4,2,0.176,0.156,1.145,0.352,0.308,0.0,0.308,0.154,0.136,0.468,0.769,0.154,0.077,7,45,0.308,1.983,1180,938,1011,116,22,849,163,168,49,1,36,13,51.987,41.326,2.159,0.044,1.586,0.573,0.795,0.857,0.098,0.019,0.719,0.138,0.142,0.042,0.001,0.031,0.011,1127,57,33,48,58,45,0,2,49.652,2.511,1.454,2.115,2.555,1.983,0.0,0.088,0.579,32,15,6,41,469,161,145,52,0,0,22,1.41,0.661,0.264,1.806,20.663,7.093,6.388,2.291,0.0,0.0,0.969,42,8,1.85,0.352,0.19,1,0,0.044,0.0,0.896,0.104
43081,Almen Abdi,Switzerland,Watford,"Center Attacking Midfield, Left Center Midfield, Left Defensive Midfield, Left Midfield, Left Wing, Right Back, Right Defensive Midfield, Right Midfield, Right Wing",32,25,2036.2,2,2.359,39,10,17,0,7,32,0,0.088,0.104,1.724,0.442,0.751,0.0,0.256,0.051,0.06,-0.359,0.179,0.821,0.0,0,30,0.0,1.326,1020,814,101,824,44,652,169,199,25,1,20,6,45.084,35.979,1.105,0.044,0.884,0.265,0.798,0.099,0.808,0.043,0.639,0.166,0.195,0.025,0.001,0.02,0.006,788,21,15,27,35,39,1,0,34.83,0.928,0.663,1.193,1.547,1.724,0.044,0.0,0.714,85,20,25,70,504,142,205,59,5,0,42,3.757,0.884,1.105,3.094,22.277,6.276,9.061,2.608,0.221,0.0,1.856,73,36,3.227,1.591,0.493,4,0,0.177,0.0,0.112,0.888
9463,Alexander Banor Tettey,Norway,Norwich City,"Center Defensive Midfield, Left Center Midfield, Left Defensive Midfield, Right Center Midfield, Right Defensive Midfield",23,23,2034.2,2,0.852,20,3,9,0,7,13,0,0.088,0.038,0.885,0.133,0.398,0.0,0.15,0.1,0.043,1.148,0.35,0.65,0.0,0,6,0.0,0.265,1097,920,130,809,112,749,146,202,1,0,16,1,48.535,40.704,0.044,0.0,0.708,0.044,0.839,0.119,0.737,0.102,0.683,0.133,0.184,0.001,0.0,0.015,0.001,767,24,19,11,18,10,0,0,33.935,1.062,0.841,0.487,0.796,0.442,0.0,0.0,0.792,51,16,67,33,355,136,161,31,1,0,47,2.256,0.708,2.964,1.46,15.706,6.017,7.123,1.372,0.044,0.0,2.079,66,40,2.92,1.77,0.606,10,0,0.442,0.0,0.143,0.857
3456,Kurt Happy Zouma,France,Chelsea,"Center Back, Left Center Back, Right Back, Right Center Back, Right Center Midfield",23,21,2019.3,1,1.542,16,1,9,2,2,10,4,0.045,0.069,0.713,0.045,0.401,0.089,0.062,0.062,0.096,-0.542,0.125,0.625,0.25,0,0,0.0,0.0,736,610,88,529,52,516,81,139,4,1,20,0,32.803,27.188,0.178,0.045,0.891,0.0,0.829,0.12,0.719,0.071,0.701,0.11,0.189,0.005,0.001,0.027,0.0,450,8,4,9,3,5,1,0,20.056,0.357,0.178,0.401,0.134,0.223,0.045,0.0,0.5,28,24,169,35,153,53,56,3,0,4,10,1.248,1.07,7.532,1.56,6.819,2.362,2.496,0.134,0.0,0.178,0.446,127,89,5.66,3.967,0.701,0,0,0.0,0.0,0.143,0.857
3306,Nathan Aké,Netherlands,Watford,"Left Back, Left Center Back, Left Midfield, Left Wing, Right Back, Right Center Forward",24,20,2010.1,1,1.832,17,5,10,1,14,1,2,0.045,0.082,0.761,0.224,0.448,0.045,0.294,0.059,0.108,-0.832,0.824,0.059,0.118,0,7,0.0,0.313,905,615,485,84,71,366,199,340,22,1,10,1,40.52,27.536,0.985,0.045,0.448,0.045,0.68,0.536,0.093,0.078,0.404,0.22,0.376,0.024,0.001,0.011,0.001,455,12,7,12,13,16,0,0,20.372,0.537,0.313,0.537,0.582,0.716,0.0,0.0,0.583,79,24,112,73,302,79,95,22,3,5,31,3.537,1.075,5.015,3.268,13.522,3.537,4.254,0.985,0.134,0.224,1.388,71,48,3.179,2.149,0.676,4,1,0.179,0.045,0.854,0.146
3471,Dejan Lovren,Croatia,Liverpool,"Center Attacking Midfield, Center Back, Left Center Back, Right Center Back",24,22,1991.2,0,1.505,22,6,5,1,4,6,12,0.0,0.068,0.994,0.271,0.226,0.045,0.273,0.0,0.068,-1.505,0.182,0.273,0.545,0,8,0.0,0.362,1078,917,236,681,93,748,113,217,3,0,27,3,48.724,41.447,0.136,0.0,1.22,0.136,0.851,0.219,0.632,0.086,0.694,0.105,0.201,0.003,0.0,0.025,0.003,690,3,2,13,3,5,0,0,31.187,0.136,0.09,0.588,0.136,0.226,0.0,0.0,0.667,38,26,169,43,211,66,93,20,0,2,24,1.718,1.175,7.639,1.944,9.537,2.983,4.203,0.904,0.0,0.09,1.085,140,113,6.328,5.107,0.807,2,0,0.09,0.0,0.259,0.741
4587,Matteo Darmian,Italy,Manchester United,"Left Back, Right Back, Right Center Back, Right Wing Back",28,24,1988.5,1,0.182,7,1,0,0,3,4,0,0.045,0.008,0.317,0.045,0.0,0.0,0.143,0.143,0.026,0.818,0.429,0.571,0.0,0,11,0.0,0.498,1157,908,160,755,47,689,263,205,39,7,20,1,52.366,41.096,1.765,0.317,0.905,0.045,0.785,0.138,0.653,0.041,0.596,0.227,0.177,0.034,0.006,0.017,0.001,799,19,10,23,17,11,1,0,36.163,0.86,0.453,1.041,0.769,0.498,0.045,0.0,0.526,88,37,74,36,347,66,134,31,3,0,31,3.983,1.675,3.349,1.629,15.705,2.987,6.065,1.403,0.136,0.0,1.403,56,29,2.535,1.313,0.518,8,0,0.362,0.0,0.177,0.823
3233,Raheem Sterling,England,Manchester City,"Center Attacking Midfield, Center Forward, Left Attacking Midfield, Left Center Forward, Left Midfield, Left Wing, Right Center Forward, Right Midfield, Right Wing",31,23,1988.1,6,6.412,51,21,11,4,9,39,3,0.272,0.29,2.309,0.951,0.498,0.181,0.412,0.118,0.126,-0.412,0.176,0.765,0.059,2,35,0.091,1.584,904,727,134,729,21,724,89,91,44,10,8,5,40.923,32.911,1.992,0.453,0.362,0.226,0.804,0.148,0.806,0.023,0.801,0.098,0.101,0.049,0.011,0.009,0.006,1023,83,48,58,63,69,0,0,46.311,3.757,2.173,2.626,2.852,3.124,0.0,0.0,0.578,34,28,7,31,311,121,132,21,3,0,27,1.539,1.268,0.317,1.403,14.079,5.478,5.976,0.951,0.136,0.0,1.222,41,11,1.856,0.498,0.268,0,0,0.0,0.0,0.157,0.843
3096,Rob Elliot,Ireland,Newcastle United,Goalkeeper,21,21,1983.3,0,0.0,0,0,0,0,0,0,0,0.0,0.0,0.0,0.0,0.0,0.0,0.0,0.0,0.0,0.0,0.0,0.0,0.0,0,1,0.0,0.045,688,382,410,127,1,133,19,536,0,0,26,0,31.221,17.335,0.0,0.0,1.18,0.0,0.555,0.596,0.185,0.001,0.193,0.028,0.779,0.0,0.0,0.038,0.0,250,0,0,5,0,0,0,0,11.345,0.0,0.0,0.227,0.0,0.0,0.0,0.0,0.0,0,0,0,1,2,93,0,2,0,1,0,0.0,0.0,0.0,0.045,0.091,4.22,0.0,0.091,0.0,0.045,0.0,0,0,0.0,0.0,0.0,1,0,0.045,0.0,0.764,0.236
18872,Martin Škrtel,Slovakia,Liverpool,"Center Back, Right Center Back",22,21,1978.4,1,0.507,10,3,2,0,0,3,7,0.045,0.023,0.455,0.136,0.091,0.0,0.3,0.1,0.051,0.493,0.0,0.3,0.7,0,5,0.0,0.227,1146,1005,121,896,81,860,97,189,1,1,22,0,52.133,45.719,0.045,0.045,1.001,0.0,0.877,0.106,0.782,0.071,0.75,0.085,0.165,0.001,0.001,0.019,0.0,790,2,2,6,2,5,1,0,35.938,0.091,0.091,0.273,0.091,0.227,0.045,0.0,1.0,31,24,193,38,136,84,58,7,0,3,21,1.41,1.092,8.78,1.729,6.187,3.821,2.638,0.318,0.0,0.136,0.955,114,84,5.186,3.821,0.737,5,0,0.227,0.0,0.119,0.881
3346,Joshua King,Norway,AFC Bournemouth,"Center Attacking Midfield, Center Forward, Left Center Forward, Left Midfield, Right Center Forward, Right Center Midfield, Right Midfield",31,24,1976.3,6,5.836,56,21,14,4,7,41,8,0.273,0.266,2.55,0.956,0.638,0.182,0.375,0.107,0.104,0.164,0.125,0.732,0.143,2,23,0.091,1.047,457,338,58,335,20,319,88,50,23,3,5,5,20.812,15.392,1.047,0.137,0.228,0.228,0.74,0.127,0.733,0.044,0.698,0.193,0.109,0.05,0.007,0.011,0.011,600,103,57,31,76,100,0,0,27.324,4.691,2.596,1.412,3.461,4.554,0.0,0.0,0.553,33,10,19,28,593,104,157,14,0,1,36,1.503,0.455,0.865,1.275,27.005,4.736,7.15,0.638,0.0,0.046,1.639,114,40,5.192,1.822,0.351,1,0,0.046,0.0,0.147,0.853
3595,Manuel Lanzini,Argentina,West Ham United,"Center Attacking Midfield, Center Defensive Midfield, Left Center Midfield, Left Defensive Midfield, Left Midfield, Left Wing, Right Center Midfield, Right Midfield, Right Wing",26,23,1975.0,5,3.447,48,10,8,1,5,43,0,0.228,0.157,2.187,0.456,0.365,0.046,0.208,0.104,0.072,1.553,0.104,0.896,0.0,2,34,0.091,1.549,1119,969,81,1005,18,886,132,101,24,7,21,6,50.992,44.157,1.094,0.319,0.957,0.273,0.866,0.072,0.898,0.016,0.792,0.118,0.09,0.021,0.006,0.019,0.005,1122,86,51,39,45,27,0,2,51.129,3.919,2.324,1.777,2.051,1.23,0.0,0.091,0.593,36,25,5,25,278,151,114,32,2,0,13,1.641,1.139,0.228,1.139,12.668,6.881,5.195,1.458,0.091,0.0,0.592,33,6,1.504,0.273,0.182,3,0,0.137,0.0,0.076,0.924
3065,Paul Dummett,Wales,Newcastle United,"Left Back, Left Wing Back",23,23,1974.3,1,0.336,5,1,2,0,4,0,1,0.046,0.015,0.228,0.046,0.091,0.0,0.2,0.2,0.067,0.664,0.8,0.0,0.2,0,3,0.0,0.137,880,633,563,33,58,371,197,312,17,0,19,0,40.115,28.856,0.775,0.0,0.866,0.0,0.719,0.64,0.038,0.066,0.422,0.224,0.355,0.019,0.0,0.022,0.0,445,6,6,11,6,7,0,0,20.286,0.274,0.274,0.501,0.274,0.319,0.0,0.0,1.0,60,27,123,60,320,41,77,34,0,0,17,2.735,1.231,5.607,2.735,14.587,1.869,3.51,1.55,0.0,0.0,0.775,107,70,4.878,3.191,0.654,3,0,0.137,0.0,0.945,0.055
7171,Fabio Borini,Italy,Sunderland,"Center Attacking Midfield, Center Defensive Midfield, Center Forward, Left Center Forward, Left Midfield, Left Wing, Right Center Midfield, Right Midfield, Right Wing",26,22,1961.8,5,4.822,49,18,18,1,9,37,2,0.229,0.221,2.248,0.826,0.826,0.046,0.367,0.102,0.098,0.178,0.184,0.755,0.041,2,17,0.092,0.78,600,398,97,405,55,350,116,134,26,1,19,5,27.526,18.259,1.193,0.046,0.872,0.229,0.663,0.162,0.675,0.092,0.583,0.193,0.223,0.043,0.002,0.032,0.008,559,40,17,52,62,56,0,0,25.645,1.835,0.78,2.386,2.844,2.569,0.0,0.0,0.425,32,26,30,43,380,103,128,37,1,2,32,1.468,1.193,1.376,1.973,17.433,4.725,5.872,1.697,0.046,0.092,1.468,106,35,4.863,1.606,0.33,6,0,0.275,0.0,0.193,0.807
3605,Sung-Yeung Ki,Korea (South),Swansea City,"Center Attacking Midfield, Left Center Midfield, Left Defensive Midfield, Left Midfield, Left Wing, Right Center Midfield, Right Defensive Midfield",28,20,1942.4,2,2.258,24,6,6,0,8,11,5,0.093,0.105,1.112,0.278,0.278,0.0,0.25,0.083,0.094,-0.258,0.333,0.458,0.208,1,22,0.046,1.019,1189,1074,158,967,40,939,127,123,6,0,58,8,55.092,49.763,0.278,0.0,2.687,0.371,0.903,0.133,0.813,0.034,0.79,0.107,0.103,0.005,0.0,0.049,0.007,994,20,13,26,25,19,1,0,46.056,0.927,0.602,1.205,1.158,0.88,0.046,0.0,0.65,31,18,23,23,332,124,104,22,2,1,23,1.436,0.834,1.066,1.066,15.383,5.745,4.819,1.019,0.093,0.046,1.066,53,26,2.456,1.205,0.491,4,0,0.185,0.0,0.145,0.855
3483,Mamadou Sakho,France,Liverpool,"Left Center Back, Right Center Back",22,21,1940.8,1,0.924,6,1,0,2,1,0,5,0.046,0.043,0.278,0.046,0.0,0.093,0.167,0.167,0.154,0.076,0.167,0.0,0.833,0,4,0.0,0.185,1244,1092,903,193,78,954,104,186,0,0,24,0,57.688,50.639,0.0,0.0,1.113,0.0,0.878,0.726,0.155,0.063,0.767,0.084,0.15,0.0,0.0,0.019,0.0,889,3,3,16,9,8,0,1,41.225,0.139,0.139,0.742,0.417,0.371,0.0,0.046,1.0,34,32,150,45,125,135,49,5,0,4,10,1.577,1.484,6.956,2.087,5.797,6.26,2.272,0.232,0.0,0.185,0.464,163,113,7.559,5.24,0.693,1,0,0.046,0.0,0.824,0.176
3340,Kyle Naughton,England,Swansea City,"Center Attacking Midfield, Left Back, Left Wing, Right Back, Right Wing, Right Wing Back",27,18,1935.6,0,0.408,9,2,3,0,0,9,0,0.0,0.019,0.418,0.093,0.139,0.0,0.222,0.0,0.045,-0.408,0.0,1.0,0.0,3,19,0.139,0.883,1388,1082,65,1000,60,749,310,329,39,6,21,4,64.538,50.31,1.813,0.279,0.976,0.186,0.78,0.047,0.72,0.043,0.54,0.223,0.237,0.028,0.004,0.015,0.003,940,22,11,22,19,18,1,0,43.707,1.023,0.511,1.023,0.883,0.837,0.046,0.0,0.5,48,19,66,37,291,93,98,35,1,5,24,2.232,0.883,3.069,1.72,13.531,4.324,4.557,1.627,0.046,0.232,1.116,88,47,4.092,2.185,0.534,2,1,0.093,0.046,0.061,0.939
20046,Phil Jagielka,England,Everton,"Center Back, Left Center Back, Right Center Back",21,21,1932.3,0,0.66,11,1,2,0,0,4,7,0.0,0.031,0.512,0.047,0.093,0.0,0.091,0.0,0.06,-0.66,0.0,0.364,0.636,0,3,0.0,0.14,1062,895,172,774,68,681,124,257,2,0,42,0,49.464,41.686,0.093,0.0,1.956,0.0,0.843,0.162,0.729,0.064,0.641,0.117,0.242,0.002,0.0,0.04,0.0,736,6,4,14,3,5,0,0,34.28,0.279,0.186,0.652,0.14,0.233,0.0,0.0,0.667,37,29,174,45,193,89,61,15,0,2,10,1.723,1.351,8.104,2.096,8.989,4.145,2.841,0.699,0.0,0.093,0.466,127,79,5.915,3.68,0.622,0,0,0.0,0.0,0.181,0.819
9930,Ryan Bennett,England,Norwich City,"Left Back, Left Center Back, Right Back, Right Center Back",22,20,1923.0,0,0.829,9,3,4,0,0,4,5,0.0,0.039,0.421,0.14,0.187,0.0,0.333,0.0,0.092,-0.829,0.0,0.444,0.556,0,4,0.0,0.187,606,447,60,435,64,306,91,209,0,0,20,1,28.362,20.92,0.0,0.0,0.936,0.047,0.738,0.099,0.718,0.106,0.505,0.15,0.345,0.0,0.0,0.033,0.002,301,1,1,7,0,2,0,1,14.087,0.047,0.047,0.328,0.0,0.094,0.0,0.047,1.0,23,22,154,32,120,28,36,10,0,1,16,1.076,1.03,7.207,1.498,5.616,1.31,1.685,0.468,0.0,0.047,0.749,121,79,5.663,3.697,0.653,7,0,0.328,0.0,0.12,0.88
9452,Gary O''Neil,England,Norwich City,"Center Attacking Midfield, Left Center Midfield, Left Defensive Midfield, Right Center Midfield, Right Defensive Midfield, Right Wing",27,19,1920.2,0,0.686,11,0,5,0,1,10,0,0.0,0.032,0.516,0.0,0.234,0.0,0.0,0.0,0.062,-0.686,0.091,0.909,0.0,0,8,0.0,0.375,977,734,24,849,72,590,120,267,16,1,60,3,45.792,34.403,0.75,0.047,2.812,0.141,0.751,0.025,0.869,0.074,0.604,0.123,0.273,0.016,0.001,0.061,0.003,686,33,22,19,21,15,0,0,32.153,1.547,1.031,0.891,0.984,0.703,0.0,0.0,0.667,57,31,53,49,385,136,142,25,0,0,43,2.672,1.453,2.484,2.297,18.045,6.374,6.656,1.172,0.0,0.0,2.015,67,34,3.14,1.594,0.507,7,1,0.328,0.047,0.028,0.972
7153,Jordan Veretout,France,Aston Villa,"Center Attacking Midfield, Center Forward, Left Attacking Midfield, Left Center Midfield, Left Defensive Midfield, Left Midfield, Right Attacking Midfield, Right Center Midfield, Right Defensive Midfield, Right Midfield",25,21,1904.9,0,1.262,20,7,8,0,5,15,0,0.0,0.06,0.945,0.331,0.378,0.0,0.35,0.0,0.063,-1.262,0.25,0.75,0.0,5,40,0.236,1.89,1090,854,182,842,29,766,125,199,40,3,38,6,51.499,40.349,1.89,0.142,1.795,0.283,0.783,0.167,0.772,0.027,0.703,0.115,0.183,0.037,0.003,0.035,0.006,858,14,11,28,24,29,1,0,40.538,0.661,0.52,1.323,1.134,1.37,0.047,0.0,0.786,33,14,26,34,424,118,97,26,0,0,26,1.559,0.661,1.228,1.606,20.033,5.575,4.583,1.228,0.0,0.0,1.228,51,17,2.41,0.803,0.333,4,0,0.189,0.0,0.179,0.821
3658,DeAndre Yedlin,United States of America,Sunderland,"Right Back, Right Center Back, Right Wing Back",23,21,1902.8,0,0.461,4,1,1,1,0,3,1,0.0,0.022,0.189,0.047,0.047,0.047,0.25,0.0,0.115,-0.461,0.0,0.75,0.25,1,12,0.047,0.568,797,522,12,489,45,304,185,308,27,3,10,1,37.697,24.69,1.277,0.142,0.473,0.047,0.655,0.015,0.614,0.056,0.381,0.232,0.386,0.034,0.004,0.013,0.001,439,41,23,13,17,22,0,0,20.764,1.939,1.088,0.615,0.804,1.041,0.0,0.0,0.561,42,26,75,74,370,75,126,21,0,4,30,1.987,1.23,3.547,3.5,17.501,3.547,5.96,0.993,0.0,0.189,1.419,70,35,3.311,1.655,0.5,3,0,0.142,0.0,0.024,0.976
3973,Àngel Rangel Zaragoza,Spain,Swansea City,"Center Attacking Midfield, Left Wing, Right Back, Right Center Midfield, Right Wing",23,20,1899.7,0,0.684,14,0,6,1,1,12,1,0.0,0.032,0.663,0.0,0.284,0.047,0.0,0.0,0.049,-0.684,0.071,0.857,0.071,0,13,0.0,0.616,1584,1268,154,1062,78,880,394,310,36,1,23,3,75.043,60.073,1.706,0.047,1.09,0.142,0.801,0.097,0.67,0.049,0.556,0.249,0.196,0.023,0.001,0.015,0.002,965,22,14,17,14,12,2,1,45.718,1.042,0.663,0.805,0.663,0.569,0.095,0.047,0.636,41,36,91,50,216,94,119,17,3,2,18,1.942,1.706,4.311,2.369,10.233,4.453,5.638,0.805,0.142,0.095,0.853,91,51,4.311,2.416,0.56,6,0,0.284,0.0,0.126,0.874
6746,Gabriel Armando de Abreu,Brazil,Arsenal,"Center Attacking Midfield, Center Forward, Left Center Back, Right Center Back, Right Defensive Midfield",21,18,1892.3,1,1.042,12,3,1,0,1,1,10,0.048,0.05,0.571,0.143,0.048,0.0,0.25,0.083,0.087,-0.042,0.083,0.083,0.833,0,1,0.0,0.048,1074,978,108,860,64,846,98,130,1,1,23,1,51.081,46.515,0.048,0.048,1.094,0.048,0.911,0.101,0.801,0.06,0.788,0.091,0.121,0.001,0.001,0.021,0.001,787,7,5,14,5,8,3,0,37.431,0.333,0.238,0.666,0.238,0.38,0.143,0.0,0.714,45,45,136,34,133,77,68,10,0,2,10,2.14,2.14,6.468,1.617,6.326,3.662,3.234,0.476,0.0,0.095,0.476,102,65,4.851,3.091,0.637,4,1,0.19,0.048,0.112,0.888
5475,John Michael Nchekwube Obinna,Nigeria,Chelsea,"Center Attacking Midfield, Center Defensive Midfield, Left Center Back, Left Center Midfield, Left Defensive Midfield, Right Center Back, Right Center Midfield, Right Defensive Midfield, Right Wing",25,19,1886.8,0,0.914,7,1,4,1,0,5,2,0.0,0.044,0.334,0.048,0.191,0.048,0.143,0.0,0.131,-0.914,0.0,0.714,0.286,1,5,0.048,0.238,1226,1115,121,1055,30,1028,101,97,3,0,17,4,58.48,53.185,0.143,0.0,0.811,0.191,0.909,0.099,0.861,0.024,0.838,0.082,0.079,0.002,0.0,0.014,0.003,955,18,15,15,9,10,2,0,45.553,0.859,0.715,0.715,0.429,0.477,0.095,0.0,0.833,55,35,43,45,394,123,172,36,2,2,41,2.623,1.669,2.051,2.146,18.794,5.867,8.204,1.717,0.095,0.095,1.956,57,21,2.719,1.002,0.368,6,0,0.286,0.0,0.102,0.898
4630,Saido Berahino,Burundi,West Bromwich Albion,"Center Attacking Midfield, Center Defensive Midfield, Center Forward, Left Center Back, Left Center Forward, Left Center Midfield, Left Defensive Midfield, Left Midfield, Left Wing, Right Center Forward, Right Center Midfield, Right Wing",31,17,1885.7,4,6.222,36,10,12,5,10,20,6,0.191,0.297,1.718,0.477,0.573,0.239,0.278,0.111,0.173,-2.222,0.278,0.556,0.167,0,18,0.0,0.859,473,356,63,376,19,320,98,55,12,2,15,0,22.575,16.991,0.573,0.095,0.716,0.0,0.753,0.133,0.795,0.04,0.677,0.207,0.116,0.025,0.004,0.032,0.0,524,44,30,28,54,59,0,1,25.009,2.1,1.432,1.336,2.577,2.816,0.0,0.048,0.682,19,8,7,35,265,76,67,13,0,0,20,0.907,0.382,0.334,1.67,12.648,3.627,3.198,0.62,0.0,0.0,0.955,66,15,3.15,0.716,0.227,0,0,0.0,0.0,0.156,0.844
3541,Chris Brunt,Northern Ireland,West Bromwich Albion,"Left Back, Left Defensive Midfield, Left Midfield, Left Wing, Right Center Midfield, Right Midfield",22,20,1884.0,0,0.614,17,4,4,0,11,6,0,0.0,0.029,0.812,0.191,0.191,0.0,0.235,0.0,0.036,-0.614,0.647,0.353,0.0,3,19,0.143,0.908,851,563,535,90,59,331,167,353,45,0,50,2,40.653,26.895,2.15,0.0,2.389,0.096,0.662,0.629,0.106,0.069,0.389,0.196,0.415,0.053,0.0,0.059,0.002,466,17,11,7,12,13,1,0,22.261,0.812,0.525,0.334,0.573,0.621,0.048,0.0,0.647,30,15,81,44,205,72,58,19,2,2,23,1.433,0.717,3.869,2.102,9.793,3.439,2.771,0.908,0.096,0.096,1.099,53,34,2.532,1.624,0.642,7,0,0.334,0.0,0.85,0.15
3576,Martin Olsson,Sweden,Norwich City,"Left Back, Left Center Back, Left Midfield, Left Wing Back",24,20,1873.1,1,0.213,7,6,4,0,6,0,1,0.048,0.01,0.336,0.288,0.192,0.0,0.857,0.143,0.03,0.787,0.857,0.0,0.143,2,8,0.096,0.384,723,446,416,54,52,261,186,276,50,4,17,1,34.739,21.43,2.402,0.192,0.817,0.048,0.617,0.575,0.075,0.072,0.361,0.257,0.382,0.069,0.006,0.024,0.001,437,16,6,20,18,18,0,0,20.997,0.769,0.288,0.961,0.865,0.865,0.0,0.0,0.375,35,28,78,43,202,90,74,13,4,0,28,1.682,1.345,3.748,2.066,9.706,4.324,3.556,0.625,0.192,0.0,1.345,71,40,3.411,1.922,0.563,2,0,0.096,0.0,0.887,0.113
4807,Cameron Jerome,England,Norwich City,"Center Attacking Midfield, Center Forward, Left Back, Left Center Forward, Left Midfield, Left Wing, Right Center Forward, Right Center Midfield",34,19,1865.2,3,7.3,49,11,19,4,6,23,20,0.145,0.352,2.364,0.531,0.917,0.193,0.224,0.061,0.149,-4.3,0.122,0.469,0.408,2,8,0.097,0.386,434,269,32,235,64,198,125,111,13,3,7,4,20.941,12.98,0.627,0.145,0.338,0.193,0.62,0.074,0.541,0.147,0.456,0.288,0.256,0.03,0.007,0.016,0.009,342,39,15,11,34,58,0,2,16.502,1.882,0.724,0.531,1.641,2.799,0.0,0.097,0.385,14,4,12,22,225,44,61,5,0,0,37,0.676,0.193,0.579,1.062,10.857,2.123,2.943,0.241,0.0,0.0,1.785,214,112,10.326,5.404,0.523,2,0,0.097,0.0,0.128,0.872
3309,Sebastian Prödl,Austria,Watford,"Left Center Back, Right Center Back",21,19,1864.5,2,1.175,12,3,3,0,1,3,8,0.097,0.057,0.579,0.145,0.145,0.0,0.25,0.167,0.098,0.825,0.083,0.25,0.667,0,2,0.0,0.097,538,397,52,395,56,274,86,178,1,1,18,0,25.969,19.163,0.048,0.048,0.869,0.0,0.738,0.097,0.734,0.104,0.509,0.16,0.331,0.002,0.002,0.033,0.0,282,1,0,6,1,2,1,0,13.612,0.048,0.0,0.29,0.048,0.097,0.048,0.0,0.0,30,23,107,32,125,33,57,10,1,1,23,1.448,1.11,5.165,1.545,6.034,1.593,2.751,0.483,0.048,0.048,1.11,99,56,4.779,2.703,0.566,5,0,0.241,0.0,0.118,0.882
40122,Oscar dos Santos Emboaba Júnior,Brazil,Chelsea,"Center Attacking Midfield, Center Midfield, Left Back, Left Defensive Midfield, Left Wing, Left Wing Back, Right Center Midfield, Right Wing",27,20,1846.3,3,5.11,51,15,13,2,7,42,2,0.146,0.249,2.486,0.731,0.634,0.097,0.294,0.059,0.1,-2.11,0.137,0.824,0.039,3,30,0.146,1.462,1096,882,89,919,43,752,168,176,38,10,46,9,53.426,42.994,1.852,0.487,2.242,0.439,0.805,0.081,0.839,0.039,0.686,0.153,0.161,0.035,0.009,0.042,0.008,985,74,39,42,45,39,0,0,48.015,3.607,1.901,2.047,2.194,1.901,0.0,0.0,0.527,63,15,20,34,397,103,150,36,1,0,22,3.071,0.731,0.975,1.657,19.352,5.021,7.312,1.755,0.049,0.0,1.072,53,19,2.584,0.926,0.358,4,0,0.195,0.0,0.091,0.909
3064,David Josué Jiménez Silva,Spain,Manchester City,"Center Attacking Midfield, Left Defensive Midfield, Left Midfield, Left Wing, Right Attacking Midfield, Right Center Forward, Right Center Midfield, Right Midfield, Right Wing",24,22,1838.6,2,2.835,29,4,7,0,26,2,1,0.098,0.139,1.42,0.196,0.343,0.0,0.138,0.069,0.098,-0.835,0.897,0.069,0.034,10,60,0.49,2.937,1488,1226,1283,166,21,1137,161,190,42,5,39,9,72.838,60.013,2.056,0.245,1.909,0.441,0.824,0.862,0.112,0.014,0.764,0.108,0.128,0.028,0.003,0.026,0.006,1301,50,31,39,51,30,0,0,63.684,2.448,1.517,1.909,2.496,1.469,0.0,0.0,0.62,38,18,5,24,326,125,143,30,2,2,22,1.86,0.881,0.245,1.175,15.958,6.119,7.0,1.469,0.098,0.098,1.077,38,13,1.86,0.636,0.342,1,0,0.049,0.0,0.886,0.114
3670,Jonathan Walters,Ireland,Stoke City,"Center Defensive Midfield, Center Forward, Left Back, Left Center Forward, Left Wing, Right Defensive Midfield, Right Midfield, Right Wing",27,18,1821.2,5,5.531,33,13,10,8,4,18,11,0.247,0.273,1.631,0.642,0.494,0.395,0.394,0.152,0.168,-0.531,0.121,0.545,0.333,2,21,0.099,1.038,537,343,47,338,62,275,135,127,27,0,10,3,26.537,16.95,1.334,0.0,0.494,0.148,0.639,0.088,0.629,0.115,0.512,0.251,0.236,0.05,0.0,0.019,0.006,426,34,16,26,30,49,0,2,21.052,1.68,0.791,1.285,1.483,2.421,0.0,0.099,0.471,9,10,19,31,222,69,61,13,0,0,14,0.445,0.494,0.939,1.532,10.971,3.41,3.014,0.642,0.0,0.0,0.692,247,107,12.206,5.288,0.433,1,0,0.049,0.0,0.125,0.875
4035,Ryan Shawcross,England,Stoke City,"Center Attacking Midfield, Right Center Back",20,20,1819.8,0,0.975,8,0,4,0,0,2,6,0.0,0.048,0.396,0.0,0.198,0.0,0.0,0.0,0.122,-0.975,0.0,0.25,0.75,0,1,0.0,0.049,590,448,85,414,57,359,53,178,2,0,11,0,29.179,22.156,0.099,0.0,0.544,0.0,0.759,0.144,0.702,0.097,0.608,0.09,0.302,0.003,0.0,0.019,0.0,375,7,4,2,1,4,0,0,18.546,0.346,0.198,0.099,0.049,0.198,0.0,0.0,0.571,44,26,132,32,181,43,76,15,0,1,20,2.176,1.286,6.528,1.583,8.952,2.127,3.759,0.742,0.0,0.049,0.989,114,72,5.638,3.561,0.632,4,1,0.198,0.049,0.17,0.83
2966,Stéphane Sessègnon,Benin,West Bromwich Albion,"Center Attacking Midfield, Center Forward, Left Midfield, Left Wing, Right Midfield, Right Wing",25,21,1818.0,2,1.251,28,8,8,0,4,24,0,0.099,0.062,1.386,0.396,0.396,0.0,0.286,0.071,0.045,0.749,0.143,0.857,0.0,2,28,0.099,1.386,638,463,21,565,22,411,127,100,51,9,15,3,31.584,22.921,2.525,0.446,0.743,0.149,0.726,0.033,0.886,0.034,0.644,0.199,0.157,0.08,0.014,0.024,0.005,722,84,50,59,59,60,0,0,35.743,4.158,2.475,2.921,2.921,2.97,0.0,0.0,0.595,21,18,15,29,220,145,90,7,8,3,22,1.04,0.891,0.743,1.436,10.891,7.178,4.455,0.347,0.396,0.149,1.089,57,18,2.822,0.891,0.316,1,0,0.05,0.0,0.041,0.959
20521,Bafétimbi Gomis,France,Swansea City,"Center Attacking Midfield, Center Forward, Left Center Forward, Left Center Midfield, Left Defensive Midfield, Left Wing, Right Center Forward, Right Wing",33,18,1811.7,6,7.628,59,17,11,1,13,35,11,0.298,0.379,2.931,0.845,0.546,0.05,0.288,0.102,0.129,-1.628,0.22,0.593,0.186,0,14,0.0,0.695,499,398,70,361,14,321,107,71,6,1,13,1,24.789,19.771,0.298,0.05,0.646,0.05,0.798,0.14,0.723,0.028,0.643,0.214,0.142,0.012,0.002,0.026,0.002,536,47,32,26,47,78,0,2,26.627,2.335,1.59,1.292,2.335,3.875,0.0,0.099,0.681,11,4,17,18,207,55,80,8,2,0,23,0.546,0.199,0.845,0.894,10.283,2.732,3.974,0.397,0.099,0.0,1.143,129,54,6.408,2.683,0.419,0,0,0.0,0.0,0.173,0.827
19362,Rudy Gestede,Benin,Aston Villa,"Center Attacking Midfield, Center Forward, Left Back, Left Center Forward, Left Center Midfield, Left Wing, Right Center Forward, Right Center Midfield, Right Defensive Midfield, Right Wing",32,14,1798.8,5,5.239,63,20,15,2,4,26,33,0.25,0.262,3.152,1.001,0.751,0.1,0.317,0.079,0.083,-0.239,0.063,0.413,0.524,1,12,0.05,0.6,594,348,15,259,90,204,223,167,5,0,3,4,29.72,17.412,0.25,0.0,0.15,0.2,0.586,0.025,0.436,0.152,0.343,0.375,0.281,0.008,0.0,0.005,0.007,288,20,13,14,23,62,0,1,14.41,1.001,0.65,0.7,1.151,3.102,0.0,0.05,0.65,10,3,24,28,190,39,58,5,1,0,25,0.5,0.15,1.201,1.401,9.506,1.951,2.902,0.25,0.05,0.0,1.251,396,254,19.813,12.708,0.641,2,0,0.1,0.0,0.062,0.938
9539,Vito Mannone,Italy,Sunderland,Goalkeeper,19,19,1796.7,0,0.0,0,0,0,0,0,0,0,0.0,0.0,0.0,0.0,0.0,0.0,0.0,0.0,0.0,0.0,0.0,0.0,0.0,0,0,0.0,0.0,633,277,12,467,0,115,19,499,0,0,22,0,31.708,13.875,0.0,0.0,1.102,0.0,0.438,0.019,0.738,0.0,0.182,0.03,0.788,0.0,0.0,0.035,0.0,256,0,0,5,0,0,0,0,12.824,0.0,0.0,0.25,0.0,0.0,0.0,0.0,0.0,0,0,0,0,2,111,0,1,0,0,0,0.0,0.0,0.0,0.0,0.1,5.56,0.0,0.05,0.0,0.0,0.0,0,0,0.0,0.0,0.0,2,0,0.1,0.0,0.025,0.975
3437,Francis Joseph Coquelin,France,Arsenal,"Left Defensive Midfield, Left Wing, Right Center Back, Right Center Midfield, Right Defensive Midfield, Right Wing",26,21,1794.7,0,0.236,9,0,7,0,3,6,0,0.0,0.012,0.451,0.0,0.351,0.0,0.0,0.0,0.026,-0.236,0.333,0.667,0.0,0,6,0.0,0.301,1104,988,115,922,48,861,117,126,4,0,32,7,55.363,49.546,0.201,0.0,1.605,0.351,0.895,0.104,0.835,0.043,0.78,0.106,0.114,0.004,0.0,0.029,0.006,924,36,30,36,23,12,0,0,46.336,1.805,1.504,1.805,1.153,0.602,0.0,0.0,0.833,78,52,29,42,365,144,195,30,3,1,33,3.912,2.608,1.454,2.106,18.304,7.221,9.779,1.504,0.15,0.05,1.655,41,26,2.056,1.304,0.634,7,1,0.351,0.05,0.113,0.887
40118,Ikechi Anya,Scotland,Watford,"Left Back, Left Center Midfield, Left Defensive Midfield, Left Midfield, Left Wing, Right Back, Right Midfield, Right Wing",28,17,1786.4,0,0.735,10,1,4,0,6,3,1,0.0,0.037,0.504,0.05,0.202,0.0,0.1,0.0,0.074,-0.735,0.6,0.3,0.1,1,16,0.05,0.806,866,620,195,461,63,467,158,241,47,2,9,1,43.63,31.236,2.368,0.101,0.453,0.05,0.716,0.225,0.532,0.073,0.539,0.182,0.278,0.054,0.002,0.01,0.001,602,28,17,20,20,31,0,0,30.329,1.411,0.856,1.008,1.008,1.562,0.0,0.0,0.607,16,17,41,46,201,100,76,8,0,2,3,0.806,0.856,2.066,2.318,10.127,5.038,3.829,0.403,0.0,0.101,0.151,50,22,2.519,1.108,0.44,0,0,0.0,0.0,0.302,0.698
16003,Fernando Francisco Reges,Brazil,Manchester City,"Center Attacking Midfield, Center Defensive Midfield, Left Center Midfield, Left Defensive Midfield, Left Midfield, Left Wing, Right Center Forward, Right Center Midfield, Right Defensive Midfield",24,17,1777.8,2,2.765,16,6,6,0,3,5,8,0.101,0.14,0.81,0.304,0.304,0.0,0.375,0.125,0.173,-0.765,0.188,0.312,0.5,0,5,0.0,0.253,910,809,74,753,56,720,87,103,0,0,29,2,46.068,40.955,0.0,0.0,1.468,0.101,0.889,0.081,0.827,0.062,0.791,0.096,0.113,0.0,0.0,0.032,0.002,724,22,20,16,15,12,0,0,36.652,1.114,1.012,0.81,0.759,0.607,0.0,0.0,0.909,61,46,36,39,416,101,159,38,2,0,33,3.088,2.329,1.822,1.974,21.06,5.113,8.049,1.924,0.101,0.0,1.671,71,37,3.594,1.873,0.521,4,0,0.202,0.0,0.092,0.908
4913,Bojan Krkíc Pérez,Spain,Stoke City,"Center Attacking Midfield, Center Forward, Right Center Midfield, Right Defensive Midfield, Right Midfield, Right Wing",27,22,1748.7,7,4.829,37,15,9,0,6,28,3,0.36,0.249,1.904,0.772,0.463,0.0,0.405,0.189,0.131,2.171,0.162,0.757,0.081,1,27,0.051,1.39,758,609,61,675,9,589,91,78,19,2,22,11,39.012,31.343,0.978,0.103,1.132,0.566,0.803,0.08,0.891,0.012,0.777,0.12,0.103,0.025,0.003,0.029,0.015,817,88,44,35,36,50,0,0,42.048,4.529,2.265,1.801,1.853,2.573,0.0,0.0,0.5,11,12,4,22,285,96,75,31,0,0,10,0.566,0.618,0.206,1.132,14.668,4.941,3.86,1.595,0.0,0.0,0.515,21,6,1.081,0.309,0.286,2,0,0.103,0.0,0.087,0.913
3449,Wayne Routledge,England,Swansea City,"Left Back, Left Center Forward, Left Midfield, Left Wing, Right Center Forward, Right Midfield, Right Wing",28,21,1726.4,2,2.735,18,9,10,1,3,15,0,0.104,0.143,0.938,0.469,0.521,0.052,0.5,0.111,0.152,-0.735,0.167,0.833,0.0,1,28,0.052,1.46,722,501,31,666,12,456,140,126,42,4,22,7,37.639,26.118,2.19,0.209,1.147,0.365,0.694,0.043,0.922,0.017,0.632,0.194,0.175,0.058,0.006,0.03,0.01,678,42,24,28,54,59,1,1,35.345,2.19,1.251,1.46,2.815,3.076,0.052,0.052,0.571,28,11,12,30,331,79,148,14,1,2,30,1.46,0.573,0.626,1.564,17.256,4.118,7.715,0.73,0.052,0.104,1.564,70,12,3.649,0.626,0.171,3,0,0.156,0.0,0.048,0.952
3272,Oriol Romeu Vidal,Spain,Southampton,"Center Attacking Midfield, Center Defensive Midfield, Left Center Midfield, Left Defensive Midfield, Right Attacking Midfield, Right Center Midfield, Right Defensive Midfield, Right Wing",29,17,1710.4,1,2.508,29,8,14,1,11,14,4,0.053,0.132,1.526,0.421,0.737,0.053,0.276,0.034,0.086,-1.508,0.379,0.483,0.138,0,11,0.0,0.579,830,701,143,594,53,570,105,155,1,0,22,5,43.674,36.886,0.053,0.0,1.158,0.263,0.845,0.172,0.716,0.064,0.687,0.127,0.187,0.001,0.0,0.027,0.006,635,27,19,22,14,14,0,0,33.413,1.421,1.0,1.158,0.737,0.737,0.0,0.0,0.704,80,26,31,52,428,99,156,43,3,0,33,4.21,1.368,1.631,2.736,22.521,5.209,8.209,2.263,0.158,0.0,1.736,79,37,4.157,1.947,0.468,7,0,0.368,0.0,0.202,0.798
3970,Fraser Forster,England,Southampton,Goalkeeper,18,18,1701.8,0,0.0,0,0,0,0,0,0,0,0.0,0.0,0.0,0.0,0.0,0.0,0.0,0.0,0.0,0.0,0.0,0.0,0.0,0,0,0.0,0.0,487,256,69,338,0,91,10,386,0,0,16,0,25.755,13.539,0.0,0.0,0.846,0.0,0.526,0.142,0.694,0.0,0.187,0.021,0.793,0.0,0.0,0.033,0.0,191,1,1,0,0,0,0,0,10.101,0.053,0.053,0.0,0.0,0.0,0.0,0.0,1.0,0,0,0,0,1,54,0,1,0,0,0,0.0,0.0,0.0,0.0,0.053,2.856,0.0,0.053,0.0,0.0,0.0,0,0,0.0,0.0,0.0,0,0,0.0,0.0,0.17,0.83
3304,Harry Arter,Ireland,AFC Bournemouth,"Center Attacking Midfield, Left Center Midfield, Left Defensive Midfield, Right Center Midfield, Right Defensive Midfield",21,21,1701.4,1,1.029,36,7,10,0,28,8,0,0.053,0.054,1.904,0.37,0.529,0.0,0.194,0.028,0.029,-0.029,0.778,0.222,0.0,0,24,0.0,1.27,1042,888,554,447,24,784,129,129,6,0,41,8,55.119,46.973,0.317,0.0,2.169,0.423,0.852,0.532,0.429,0.023,0.752,0.124,0.124,0.006,0.0,0.039,0.008,895,38,21,24,28,30,1,0,47.343,2.01,1.111,1.27,1.481,1.587,0.053,0.0,0.553,58,17,14,32,468,124,189,35,4,0,26,3.068,0.899,0.741,1.693,24.756,6.559,9.998,1.851,0.212,0.0,1.375,23,8,1.217,0.423,0.348,7,0,0.37,0.0,0.561,0.439
3293,Jesse Lingard,England,Manchester United,"Center Attacking Midfield, Left Center Midfield, Left Midfield, Left Wing, Right Center Forward, Right Center Midfield, Right Defensive Midfield, Right Midfield, Right Wing, Right Wing Back",25,19,1701.3,4,3.195,31,13,10,3,6,24,1,0.212,0.169,1.64,0.688,0.529,0.159,0.419,0.129,0.103,0.805,0.194,0.774,0.032,1,15,0.053,0.794,771,635,62,645,25,585,109,77,22,1,5,6,40.786,33.592,1.164,0.053,0.265,0.317,0.824,0.08,0.837,0.032,0.759,0.141,0.1,0.029,0.001,0.006,0.008,703,35,12,23,33,41,0,0,37.189,1.852,0.635,1.217,1.746,2.169,0.0,0.0,0.343,39,20,13,34,395,85,150,17,3,2,27,2.063,1.058,0.688,1.799,20.896,4.497,7.935,0.899,0.159,0.106,1.428,43,6,2.275,0.317,0.14,3,0,0.159,0.0,0.092,0.908
23663,Dieumerci Mbokani Bezua,"Congo, (Kinshasa)",Norwich City,"Center Attacking Midfield, Center Forward, Left Center Back, Left Center Forward, Left Midfield, Left Wing, Right Center Back, Right Center Forward, Right Midfield, Right Wing",29,15,1700.4,7,6.024,37,17,13,4,7,18,12,0.371,0.319,1.958,0.9,0.688,0.212,0.459,0.189,0.163,0.976,0.189,0.486,0.324,1,22,0.053,1.164,472,329,44,263,44,250,108,114,9,2,3,4,24.982,17.414,0.476,0.106,0.159,0.212,0.697,0.093,0.557,0.093,0.53,0.229,0.242,0.019,0.004,0.006,0.008,417,39,25,51,51,71,0,2,22.071,2.064,1.323,2.699,2.699,3.758,0.0,0.106,0.641,17,5,23,15,158,72,63,6,0,1,18,0.9,0.265,1.217,0.794,8.363,3.811,3.335,0.318,0.0,0.053,0.953,323,135,17.096,7.145,0.418,0,0,0.0,0.0,0.154,0.846
27146,Aly Cissokho,France,Aston Villa,"Left Back, Left Wing Back, Right Center Forward",18,18,1689.5,0,0.088,4,3,1,0,3,1,0,0.0,0.005,0.213,0.16,0.053,0.0,0.75,0.0,0.022,-0.088,0.75,0.25,0.0,0,9,0.0,0.479,934,657,644,47,28,445,215,274,65,2,15,2,49.754,34.999,3.463,0.107,0.799,0.107,0.703,0.69,0.05,0.03,0.476,0.23,0.293,0.07,0.002,0.016,0.002,601,11,6,6,6,3,0,0,32.015,0.586,0.32,0.32,0.32,0.16,0.0,0.0,0.545,29,28,84,54,207,58,67,15,0,2,16,1.545,1.492,4.475,2.877,11.027,3.09,3.569,0.799,0.0,0.107,0.852,50,36,2.664,1.918,0.72,3,1,0.16,0.053,0.931,0.069
3683,Tom Cleverley,England,Everton,"Center Attacking Midfield, Center Defensive Midfield, Left Center Midfield, Left Defensive Midfield, Left Midfield, Left Wing, Right Defensive Midfield, Right Wing",22,17,1686.4,2,1.439,24,7,14,0,5,18,1,0.107,0.077,1.281,0.374,0.747,0.0,0.292,0.083,0.06,0.561,0.208,0.75,0.042,4,22,0.213,1.174,974,768,73,825,34,619,159,196,43,1,29,6,51.981,40.987,2.295,0.053,1.548,0.32,0.789,0.075,0.847,0.035,0.636,0.163,0.201,0.044,0.001,0.03,0.006,746,23,14,22,12,14,0,0,39.813,1.227,0.747,1.174,0.64,0.747,0.0,0.0,0.609,55,16,21,30,436,98,164,39,1,2,14,2.935,0.854,1.121,1.601,23.269,5.23,8.752,2.081,0.053,0.107,0.747,48,19,2.562,1.014,0.396,1,0,0.053,0.0,0.085,0.915
11117,Scott Sinclair,England,Aston Villa,"Center Attacking Midfield, Center Forward, Left Center Forward, Left Center Midfield, Left Wing, Right Center Forward, Right Midfield, Right Wing, Right Wing Back",27,19,1671.4,2,3.116,17,7,5,0,3,11,3,0.108,0.168,0.915,0.377,0.269,0.0,0.412,0.118,0.183,-1.116,0.176,0.647,0.176,0,4,0.0,0.215,354,285,61,275,6,279,48,27,15,0,4,1,19.062,15.346,0.808,0.0,0.215,0.054,0.805,0.172,0.777,0.017,0.788,0.136,0.076,0.042,0.0,0.011,0.003,467,62,33,23,48,65,0,3,25.147,3.339,1.777,1.238,2.585,3.5,0.0,0.162,0.532,17,7,2,27,205,64,64,9,0,0,5,0.915,0.377,0.108,1.454,11.039,3.446,3.446,0.485,0.0,0.0,0.269,38,8,2.046,0.431,0.211,0,0,0.0,0.0,0.183,0.817
3328,James Ward-Prowse,England,Southampton,"Center Attacking Midfield, Left Center Midfield, Left Defensive Midfield, Left Wing, Right Center Midfield, Right Defensive Midfield, Right Midfield, Right Wing",33,14,1655.8,2,2.266,29,8,11,0,5,23,1,0.109,0.123,1.576,0.435,0.598,0.0,0.276,0.069,0.078,-0.266,0.172,0.793,0.034,4,31,0.217,1.685,807,615,82,653,57,462,125,220,39,0,33,4,43.864,33.428,2.12,0.0,1.794,0.217,0.762,0.102,0.809,0.071,0.572,0.155,0.273,0.048,0.0,0.041,0.005,540,14,10,9,21,17,0,1,29.351,0.761,0.544,0.489,1.141,0.924,0.0,0.054,0.714,16,10,33,38,305,105,102,19,2,0,29,0.87,0.544,1.794,2.065,16.578,5.707,5.544,1.033,0.109,0.0,1.576,50,17,2.718,0.924,0.34,5,0,0.272,0.0,0.114,0.886
5489,Mile Jedinak,Australia,Crystal Palace,"Center Attacking Midfield, Center Defensive Midfield, Center Forward, Left Defensive Midfield, Left Wing, Right Back, Right Center Midfield, Right Defensive Midfield",27,16,1644.1,0,0.905,14,1,6,0,1,7,6,0.0,0.05,0.766,0.055,0.328,0.0,0.071,0.0,0.065,-0.905,0.071,0.5,0.429,0,9,0.0,0.493,828,604,69,544,128,392,166,270,8,1,20,3,45.326,33.064,0.438,0.055,1.095,0.164,0.729,0.083,0.657,0.155,0.473,0.2,0.326,0.01,0.001,0.024,0.004,404,6,5,19,9,9,0,0,22.115,0.328,0.274,1.04,0.493,0.493,0.0,0.0,0.833,55,41,81,35,394,95,118,28,3,0,43,3.011,2.244,4.434,1.916,21.568,5.2,6.459,1.533,0.164,0.0,2.354,181,121,9.908,6.624,0.669,6,0,0.328,0.0,0.113,0.887
3380,Christian Benteke Liolo,Belgium,Liverpool,"Center Attacking Midfield, Center Forward, Left Center Forward, Left Center Midfield, Right Center Back, Right Center Forward, Right Center Midfield, Right Midfield, Right Wing",29,14,1635.5,9,11.004,64,19,21,5,8,36,20,0.495,0.606,3.522,1.046,1.156,0.275,0.297,0.141,0.172,-2.004,0.125,0.562,0.312,3,26,0.165,1.431,493,344,33,272,62,238,123,132,5,1,6,1,27.129,18.93,0.275,0.055,0.33,0.055,0.698,0.067,0.552,0.126,0.483,0.249,0.268,0.01,0.002,0.012,0.002,321,21,11,27,39,60,0,1,17.664,1.156,0.605,1.486,2.146,3.302,0.0,0.055,0.524,12,3,14,6,162,48,61,6,0,1,32,0.66,0.165,0.77,0.33,8.915,2.641,3.357,0.33,0.0,0.055,1.761,250,132,13.757,7.264,0.528,2,0,0.11,0.0,0.117,0.883
3953,Aaron Lennon,England,Everton,"Center Attacking Midfield, Center Forward, Left Attacking Midfield, Left Midfield, Left Wing, Right Center Forward, Right Defensive Midfield, Right Midfield, Right Wing, Right Wing Back",25,17,1617.9,5,1.953,18,11,7,1,2,16,0,0.278,0.109,1.001,0.612,0.389,0.056,0.611,0.278,0.108,3.047,0.111,0.889,0.0,0,21,0.0,1.168,516,402,48,453,7,384,91,41,26,8,4,2,28.704,22.362,1.446,0.445,0.223,0.111,0.779,0.093,0.878,0.014,0.744,0.176,0.079,0.05,0.016,0.008,0.004,517,39,19,26,18,23,0,0,28.76,2.169,1.057,1.446,1.001,1.279,0.0,0.0,0.487,30,14,12,32,327,63,112,28,0,0,16,1.669,0.779,0.668,1.78,18.19,3.505,6.23,1.558,0.0,0.0,0.89,17,0,0.946,0.0,0.0,1,0,0.056,0.0,0.096,0.904
6871,Costel Fane Pantilimon,Romania,Sunderland,Goalkeeper,17,17,1603.3,0,0.0,0,0,0,0,0,0,0,0.0,0.0,0.0,0.0,0.0,0.0,0.0,0.0,0.0,0.0,0.0,0.0,0.0,0,1,0.0,0.056,560,281,10,427,0,119,25,416,0,0,7,0,31.435,15.774,0.0,0.0,0.393,0.0,0.502,0.018,0.762,0.0,0.212,0.045,0.743,0.0,0.0,0.012,0.0,224,0,0,3,0,0,1,0,12.574,0.0,0.0,0.168,0.0,0.0,0.056,0.0,0.0,0,0,0,0,6,89,0,2,0,0,2,0.0,0.0,0.0,0.0,0.337,4.996,0.0,0.112,0.0,0.0,0.112,0,0,0.0,0.0,0.0,3,0,0.168,0.0,0.023,0.977
20201,Maarten Stekelenburg,Netherlands,Southampton,Goalkeeper,17,17,1602.5,0,0.0,0,0,0,0,0,0,0,0.0,0.0,0.0,0.0,0.0,0.0,0.0,0.0,0.0,0.0,0.0,0.0,0.0,0,1,0.0,0.056,467,289,34,350,0,168,23,276,0,0,4,0,26.228,16.231,0.0,0.0,0.225,0.0,0.619,0.073,0.749,0.0,0.36,0.049,0.591,0.0,0.0,0.009,0.0,205,0,0,2,0,0,0,0,11.513,0.0,0.0,0.112,0.0,0.0,0.0,0.0,0.0,0,0,0,1,3,78,0,0,0,0,0,0.0,0.0,0.0,0.056,0.168,4.381,0.0,0.0,0.0,0.0,0.0,0,0,0.0,0.0,0.0,0,0,0.0,0.0,0.089,0.911
3606,Ander Herrera Agüera,Spain,Manchester United,"Center Attacking Midfield, Center Defensive Midfield, Left Attacking Midfield, Left Center Midfield, Left Defensive Midfield, Right Center Midfield, Right Defensive Midfield, Right Midfield",27,17,1596.9,3,2.825,24,6,8,1,2,21,1,0.169,0.159,1.353,0.338,0.451,0.056,0.25,0.125,0.118,0.175,0.083,0.875,0.042,2,22,0.113,1.24,1122,919,139,925,34,832,150,140,22,4,27,6,63.235,51.794,1.24,0.225,1.522,0.338,0.819,0.124,0.824,0.03,0.742,0.134,0.125,0.02,0.004,0.024,0.005,935,35,21,29,35,35,0,0,52.696,1.973,1.184,1.634,1.973,1.973,0.0,0.0,0.6,57,25,27,31,364,97,174,36,2,0,31,3.212,1.409,1.522,1.747,20.515,5.467,9.807,2.029,0.113,0.0,1.747,26,7,1.465,0.395,0.269,4,0,0.225,0.0,0.13,0.87
4631,Leon Britton,England,Swansea City,"Center Attacking Midfield, Center Defensive Midfield, Left Center Midfield, Left Defensive Midfield, Left Wing, Right Center Midfield, Right Defensive Midfield",25,19,1576.9,0,0.127,5,0,3,0,2,3,0,0.0,0.007,0.285,0.0,0.171,0.0,0.0,0.0,0.025,-0.127,0.4,0.6,0.0,0,4,0.0,0.228,1002,884,146,804,41,803,116,83,2,0,5,3,57.188,50.453,0.114,0.0,0.285,0.171,0.882,0.146,0.802,0.041,0.801,0.116,0.083,0.002,0.0,0.005,0.003,815,21,16,22,20,27,0,0,46.515,1.199,0.913,1.256,1.141,1.541,0.0,0.0,0.762,42,42,23,31,327,118,145,27,1,0,15,2.397,2.397,1.313,1.769,18.663,6.735,8.276,1.541,0.057,0.0,0.856,29,12,1.655,0.685,0.414,4,0,0.228,0.0,0.155,0.845
2988,Memphis Depay,Netherlands,Manchester United,"Center Attacking Midfield, Center Forward, Left Center Forward, Left Defensive Midfield, Left Midfield, Left Wing, Right Midfield, Right Wing",29,16,1576.4,2,4.382,56,17,6,3,4,49,3,0.114,0.25,3.197,0.971,0.343,0.171,0.304,0.036,0.078,-2.382,0.071,0.875,0.054,0,12,0.0,0.685,751,547,98,601,26,493,116,142,63,5,32,5,42.876,31.229,3.597,0.285,1.827,0.285,0.728,0.13,0.8,0.035,0.656,0.154,0.189,0.084,0.007,0.043,0.007,782,66,33,39,66,62,1,0,44.646,3.768,1.884,2.227,3.768,3.54,0.057,0.0,0.5,12,8,10,20,187,87,91,10,1,0,22,0.685,0.457,0.571,1.142,10.676,4.967,5.195,0.571,0.057,0.0,1.256,35,10,1.998,0.571,0.286,2,0,0.114,0.0,0.136,0.864
16181,Jordy Clasie,Netherlands,Southampton,"Center Defensive Midfield, Left Center Midfield, Left Defensive Midfield, Right Center Midfield, Right Defensive Midfield",22,20,1574.4,0,0.54,14,1,6,0,4,10,0,0.0,0.031,0.8,0.057,0.343,0.0,0.071,0.0,0.039,-0.54,0.286,0.714,0.0,0,10,0.0,0.572,828,665,52,701,58,512,120,196,9,0,33,6,47.332,38.014,0.514,0.0,1.886,0.343,0.803,0.063,0.847,0.07,0.618,0.145,0.237,0.011,0.0,0.04,0.007,544,11,6,9,12,7,0,0,31.098,0.629,0.343,0.514,0.686,0.4,0.0,0.0,0.545,42,29,31,36,433,80,154,51,5,1,24,2.401,1.658,1.772,2.058,24.752,4.573,8.803,2.915,0.286,0.057,1.372,44,14,2.515,0.8,0.318,5,0,0.286,0.0,0.073,0.927
3962,Diafra Sakho,Senegal,West Ham United,"Center Attacking Midfield, Center Forward, Left Center Forward, Left Midfield, Right Center Forward, Right Midfield, Right Wing",21,18,1571.8,5,7.352,46,19,16,4,7,28,11,0.286,0.421,2.634,1.088,0.916,0.229,0.413,0.109,0.16,-2.352,0.152,0.609,0.239,1,13,0.057,0.744,360,227,13,246,29,187,82,91,23,3,5,1,20.613,12.998,1.317,0.172,0.286,0.057,0.631,0.036,0.683,0.081,0.519,0.228,0.253,0.064,0.008,0.014,0.003,388,50,22,31,62,72,0,5,22.217,2.863,1.26,1.775,3.55,4.123,0.0,0.286,0.44,15,6,21,24,255,77,84,6,2,1,20,0.859,0.344,1.202,1.374,14.601,4.409,4.81,0.344,0.115,0.057,1.145,222,77,12.712,4.409,0.347,3,0,0.172,0.0,0.068,0.932
3518,Leighton Baines,England,Everton,"Left Back, Left Wing Back",18,16,1556.3,2,1.174,8,3,1,0,7,1,0,0.116,0.068,0.463,0.173,0.058,0.0,0.375,0.25,0.147,0.826,0.875,0.125,0.0,1,21,0.058,1.214,1023,793,738,86,43,583,196,244,55,1,35,1,59.16,45.859,3.181,0.058,2.024,0.058,0.775,0.721,0.084,0.042,0.57,0.192,0.239,0.054,0.001,0.034,0.001,666,16,8,20,8,8,0,0,38.514,0.925,0.463,1.157,0.463,0.463,0.0,0.0,0.5,30,24,59,41,287,55,96,14,4,1,6,1.735,1.388,3.412,2.371,16.597,3.181,5.552,0.81,0.231,0.058,0.347,36,16,2.082,0.925,0.444,0,0,0.0,0.0,0.895,0.105
4271,Andy Carroll,England,West Ham United,"Center Back, Center Defensive Midfield, Center Forward, Left Center Forward, Left Defensive Midfield, Left Wing, Right Center Forward, Right Wing",27,13,1534.7,9,6.285,55,22,15,0,23,6,26,0.528,0.369,3.225,1.29,0.88,0.0,0.4,0.164,0.114,2.715,0.418,0.109,0.473,1,15,0.059,0.88,433,266,151,97,54,160,155,118,8,2,8,4,25.393,15.599,0.469,0.117,0.469,0.235,0.614,0.349,0.224,0.125,0.37,0.358,0.273,0.018,0.005,0.018,0.009,281,22,10,29,20,46,1,2,16.479,1.29,0.586,1.701,1.173,2.698,0.059,0.117,0.455,9,5,31,24,164,55,60,6,1,1,43,0.528,0.293,1.818,1.407,9.618,3.225,3.519,0.352,0.059,0.059,2.522,287,163,16.831,9.559,0.568,2,0,0.117,0.0,0.628,0.372
3482,James Collins,Wales,West Ham United,"Center Attacking Midfield, Center Back, Left Center Back, Left Wing, Right Back, Right Center Back",19,16,1525.3,0,0.95,13,3,3,0,3,2,8,0.0,0.056,0.767,0.177,0.177,0.0,0.231,0.0,0.073,-0.95,0.231,0.154,0.615,0,1,0.0,0.059,555,435,26,443,58,333,47,175,1,0,19,0,32.748,25.667,0.059,0.0,1.121,0.0,0.784,0.047,0.798,0.105,0.6,0.085,0.315,0.002,0.0,0.034,0.0,322,4,3,7,1,3,1,0,19.0,0.236,0.177,0.413,0.059,0.177,0.059,0.0,0.75,18,24,172,41,105,38,44,11,0,3,13,1.062,1.416,10.149,2.419,6.196,2.242,2.596,0.649,0.0,0.177,0.767,111,78,6.55,4.602,0.703,3,1,0.177,0.059,0.061,0.939
3041,Ciaran Clark,Ireland,Aston Villa,"Left Center Back, Right Back, Right Center Back, Right Wing",18,16,1523.5,1,1.231,10,2,1,0,2,0,8,0.059,0.073,0.591,0.118,0.059,0.0,0.2,0.1,0.123,-0.231,0.2,0.0,0.8,0,3,0.0,0.177,584,445,414,80,55,374,43,167,2,1,9,2,34.5,26.288,0.118,0.059,0.532,0.118,0.762,0.709,0.137,0.094,0.64,0.074,0.286,0.003,0.002,0.015,0.003,395,8,6,10,4,10,1,0,23.334,0.473,0.354,0.591,0.236,0.591,0.059,0.0,0.75,23,32,123,37,174,57,57,8,0,2,17,1.359,1.89,7.266,2.186,10.279,3.367,3.367,0.473,0.0,0.118,1.004,100,63,5.907,3.722,0.63,5,0,0.295,0.0,0.839,0.161
26696,Arouna Koné,Côte d'Ivoire,Everton,"Center Forward, Left Back, Left Center Forward, Left Wing, Right Back, Right Center Forward, Right Wing",25,16,1521.6,5,4.593,37,14,10,5,7,23,7,0.296,0.272,2.188,0.828,0.591,0.296,0.378,0.135,0.124,0.407,0.189,0.622,0.189,3,12,0.177,0.71,592,495,84,450,22,471,68,53,9,1,3,2,35.016,29.278,0.532,0.059,0.177,0.118,0.836,0.142,0.76,0.037,0.796,0.115,0.09,0.015,0.002,0.005,0.003,634,57,33,18,42,52,0,0,37.5,3.371,1.952,1.065,2.484,3.076,0.0,0.0,0.579,29,10,10,25,180,83,98,14,0,0,19,1.715,0.591,0.591,1.479,10.647,4.909,5.797,0.828,0.0,0.0,1.124,75,28,4.436,1.656,0.373,1,0,0.059,0.0,0.161,0.839
3463,Junior Stanislas,England,AFC Bournemouth,"Left Center Forward, Left Center Midfield, Left Midfield, Right Center Midfield, Right Midfield",21,17,1491.5,3,2.406,46,12,10,2,6,39,1,0.181,0.145,2.776,0.724,0.603,0.121,0.261,0.065,0.052,0.594,0.13,0.848,0.022,2,33,0.121,1.991,776,547,65,652,23,541,98,137,43,2,29,8,46.825,33.007,2.595,0.121,1.75,0.483,0.705,0.084,0.84,0.03,0.697,0.126,0.177,0.055,0.003,0.037,0.01,694,62,34,16,37,30,1,0,41.877,3.741,2.052,0.965,2.233,1.81,0.06,0.0,0.548,25,15,16,33,265,83,106,19,2,2,16,1.509,0.905,0.965,1.991,15.991,5.008,6.396,1.146,0.121,0.121,0.965,47,16,2.836,0.965,0.34,1,0,0.06,0.0,0.093,0.907
6800,Carles Gil de Pareja Vicent,Spain,Aston Villa,"Center Attacking Midfield, Center Defensive Midfield, Center Forward, Left Midfield, Left Wing, Right Attacking Midfield, Right Center Midfield, Right Midfield, Right Wing",23,17,1483.0,2,1.018,18,5,5,0,17,1,0,0.121,0.062,1.092,0.303,0.303,0.0,0.278,0.111,0.057,0.982,0.944,0.056,0.0,1,23,0.061,1.396,809,655,660,127,16,603,99,107,33,2,23,2,49.096,39.751,2.003,0.121,1.396,0.121,0.81,0.816,0.157,0.02,0.745,0.122,0.132,0.041,0.002,0.028,0.002,792,63,37,31,40,38,0,0,48.065,3.823,2.245,1.881,2.428,2.306,0.0,0.0,0.587,23,7,8,27,290,89,78,26,0,0,8,1.396,0.425,0.486,1.639,17.599,5.401,4.734,1.578,0.0,0.0,0.486,19,3,1.153,0.182,0.158,3,0,0.182,0.0,0.841,0.159
3339,Asmir Begović,Bosnia and Herzegovina,Chelsea,"Center Attacking Midfield, Goalkeeper, Right Defensive Midfield",17,15,1476.7,0,0.0,0,0,0,0,0,0,0,0.0,0.0,0.0,0.0,0.0,0.0,0.0,0.0,0.0,0.0,0.0,0.0,0.0,0,0,0.0,0.0,410,226,23,290,0,149,12,249,0,0,8,0,24.988,13.774,0.0,0.0,0.488,0.0,0.551,0.056,0.707,0.0,0.363,0.029,0.607,0.0,0.0,0.02,0.0,174,0,0,4,0,0,2,0,10.605,0.0,0.0,0.244,0.0,0.0,0.122,0.0,0.0,0,0,0,0,6,55,1,2,0,0,0,0.0,0.0,0.0,0.0,0.366,3.352,0.061,0.122,0.0,0.0,0.0,0,0,0.0,0.0,0.0,0,0,0.0,0.0,0.073,0.927
3520,Jeffrey Schlupp,Ghana,Leicester City,"Left Back, Left Center Forward, Left Midfield, Left Wing, Right Center Forward, Right Midfield, Right Wing",24,14,1470.8,1,2.136,25,6,2,0,23,1,1,0.061,0.131,1.53,0.367,0.122,0.0,0.24,0.04,0.085,-1.136,0.92,0.04,0.04,2,17,0.122,1.04,557,390,373,74,26,307,93,157,34,6,19,2,34.083,23.865,2.081,0.367,1.163,0.122,0.7,0.67,0.133,0.047,0.551,0.167,0.282,0.061,0.011,0.034,0.004,504,49,31,25,31,33,0,0,30.84,2.998,1.897,1.53,1.897,2.019,0.0,0.0,0.633,47,13,29,42,195,79,74,15,0,0,18,2.876,0.795,1.775,2.57,11.932,4.834,4.528,0.918,0.0,0.0,1.101,55,28,3.366,1.713,0.509,4,0,0.245,0.0,0.841,0.159
3726,Gerard Deulofeu Lázaro,Spain,Everton,"Center Attacking Midfield, Center Forward, Right Center Midfield, Right Midfield, Right Wing",26,16,1447.0,2,1.552,12,8,3,0,1,11,0,0.124,0.097,0.746,0.498,0.187,0.0,0.667,0.167,0.129,0.448,0.083,0.917,0.0,9,37,0.56,2.301,691,428,37,623,8,407,145,139,88,3,21,6,42.979,26.621,5.473,0.187,1.306,0.373,0.619,0.054,0.902,0.012,0.589,0.21,0.201,0.127,0.004,0.03,0.009,734,66,36,17,51,44,0,0,45.653,4.105,2.239,1.057,3.172,2.737,0.0,0.0,0.545,14,14,3,18,204,89,89,18,1,0,4,0.871,0.871,0.187,1.12,12.688,5.536,5.536,1.12,0.062,0.0,0.249,13,1,0.809,0.062,0.077,2,0,0.124,0.0,0.057,0.943
5685,Carlos Alberto Sánchez Moreno,Colombia,Aston Villa,"Center Defensive Midfield, Left Center Midfield, Left Defensive Midfield, Right Center Forward, Right Center Midfield, Right Defensive Midfield",20,16,1435.6,0,0.48,13,4,4,0,5,6,2,0.0,0.03,0.815,0.251,0.251,0.0,0.308,0.0,0.037,-0.48,0.385,0.462,0.154,0,3,0.0,0.188,795,646,155,561,47,504,127,164,2,0,36,0,49.84,40.499,0.125,0.0,2.257,0.0,0.813,0.195,0.706,0.059,0.634,0.16,0.206,0.003,0.0,0.045,0.0,595,30,22,9,7,11,1,0,37.301,1.881,1.379,0.564,0.439,0.69,0.063,0.0,0.733,53,17,49,36,287,117,113,26,1,1,28,3.323,1.066,3.072,2.257,17.992,7.335,7.084,1.63,0.063,0.063,1.755,68,40,4.263,2.508,0.588,3,0,0.188,0.0,0.22,0.78
3668,Theo Walcott,England,Arsenal,"Center Forward, Left Defensive Midfield, Left Wing, Right Defensive Midfield, Right Wing",28,15,1432.7,5,6.701,46,22,13,5,7,33,6,0.314,0.421,2.89,1.382,0.817,0.314,0.478,0.109,0.146,-1.701,0.152,0.717,0.13,2,15,0.126,0.942,333,249,27,283,15,239,51,43,20,0,3,1,20.919,15.642,1.256,0.0,0.188,0.063,0.748,0.081,0.85,0.045,0.718,0.153,0.129,0.06,0.0,0.009,0.003,403,48,26,28,41,28,0,1,25.316,3.015,1.633,1.759,2.576,1.759,0.0,0.063,0.542,12,9,9,20,152,59,43,9,0,0,3,0.754,0.565,0.565,1.256,9.548,3.706,2.701,0.565,0.0,0.0,0.188,33,8,2.073,0.503,0.242,0,0,0.0,0.0,0.097,0.903
7063,Jefferson Antonio Montero Vite,Ecuador,Swansea City,"Center Defensive Midfield, Left Midfield, Left Wing, Right Midfield, Right Wing",23,14,1415.4,0,1.822,21,6,4,0,3,17,1,0.0,0.116,1.335,0.382,0.254,0.0,0.286,0.0,0.087,-1.822,0.143,0.81,0.048,2,26,0.127,1.653,492,316,158,293,18,272,78,142,89,6,12,0,31.284,20.093,5.659,0.382,0.763,0.0,0.642,0.321,0.596,0.037,0.553,0.159,0.289,0.181,0.012,0.024,0.0,588,84,39,43,42,45,1,0,37.389,5.341,2.48,2.734,2.671,2.861,0.064,0.0,0.464,22,5,5,22,193,64,63,22,1,0,13,1.399,0.318,0.318,1.399,12.272,4.07,4.006,1.399,0.064,0.0,0.827,30,13,1.908,0.827,0.433,0,0,0.0,0.0,0.342,0.658
3646,Marc Pugh,England,AFC Bournemouth,"Left Center Forward, Left Midfield, Right Midfield",26,15,1411.6,3,2.684,22,9,5,0,3,16,3,0.191,0.171,1.403,0.574,0.319,0.0,0.409,0.136,0.122,0.316,0.136,0.727,0.136,2,14,0.128,0.893,555,407,89,411,25,381,77,97,32,5,17,0,35.385,25.949,2.04,0.319,1.084,0.0,0.733,0.16,0.741,0.045,0.686,0.139,0.175,0.058,0.009,0.031,0.0,575,60,28,28,49,44,0,0,36.661,3.825,1.785,1.785,3.124,2.805,0.0,0.0,0.467,30,12,16,25,225,70,65,26,0,1,12,1.913,0.765,1.02,1.594,14.345,4.463,4.144,1.658,0.0,0.064,0.765,48,16,3.06,1.02,0.333,1,0,0.064,0.0,0.177,0.823
4053,Ben Foster,England,West Bromwich Albion,Goalkeeper,15,15,1410.9,0,0.0,0,0,0,0,0,0,0,0.0,0.0,0.0,0.0,0.0,0.0,0.0,0.0,0.0,0.0,0.0,0.0,0.0,0,0,0.0,0.0,408,202,251,79,0,51,13,344,0,0,15,0,26.026,12.885,0.0,0.0,0.957,0.0,0.495,0.615,0.194,0.0,0.125,0.032,0.843,0.0,0.0,0.037,0.0,121,0,0,0,0,0,0,0,7.718,0.0,0.0,0.0,0.0,0.0,0.0,0.0,0.0,0,0,3,1,4,72,0,1,0,0,0,0.0,0.0,0.191,0.064,0.255,4.593,0.0,0.064,0.0,0.0,0.0,0,0,0.0,0.0,0.0,1,0,0.064,0.0,0.761,0.239
3490,James Morrison,Scotland,West Bromwich Albion,"Center Attacking Midfield, Left Center Midfield, Left Defensive Midfield, Left Midfield, Left Wing, Right Center Midfield, Right Defensive Midfield, Right Midfield",18,17,1395.9,3,2.45,24,11,11,0,5,17,2,0.193,0.158,1.547,0.709,0.709,0.0,0.458,0.125,0.102,0.55,0.208,0.708,0.083,2,18,0.129,1.161,615,496,76,493,24,407,91,117,7,2,15,8,39.652,31.979,0.451,0.129,0.967,0.516,0.807,0.124,0.802,0.039,0.662,0.148,0.19,0.011,0.003,0.024,0.013,535,36,20,13,24,22,0,0,34.494,2.321,1.289,0.838,1.547,1.418,0.0,0.0,0.556,30,16,16,30,252,103,97,24,4,1,10,1.934,1.032,1.032,1.934,16.248,6.641,6.254,1.547,0.258,0.064,0.645,41,16,2.643,1.032,0.39,3,0,0.193,0.0,0.137,0.863
16457,Jeremain Lens,Netherlands,Sunderland,"Center Attacking Midfield, Center Forward, Left Attacking Midfield, Left Center Midfield, Left Midfield, Left Wing, Right Center Forward, Right Center Midfield, Right Midfield, Right Wing",20,14,1392.1,3,2.102,28,9,10,1,10,17,1,0.194,0.136,1.81,0.582,0.647,0.065,0.321,0.107,0.075,0.898,0.357,0.607,0.036,3,17,0.194,1.099,474,277,64,366,23,249,83,142,49,3,40,8,30.644,17.908,3.168,0.194,2.586,0.517,0.584,0.135,0.772,0.049,0.525,0.175,0.3,0.103,0.006,0.084,0.017,500,64,34,34,49,38,0,1,32.325,4.138,2.198,2.198,3.168,2.457,0.0,0.065,0.531,36,4,9,22,320,70,103,23,1,0,30,2.327,0.259,0.582,1.422,20.688,4.526,6.659,1.487,0.065,0.0,1.94,47,17,3.039,1.099,0.362,5,1,0.323,0.065,0.162,0.838
13286,Lamine Koné,Côte d'Ivoire,Sunderland,Right Center Back,15,15,1378.7,2,1.636,10,4,5,1,2,4,4,0.131,0.107,0.653,0.261,0.326,0.065,0.4,0.2,0.164,0.364,0.2,0.4,0.4,1,3,0.065,0.196,405,260,49,285,40,196,51,158,2,0,12,1,26.438,16.973,0.131,0.0,0.783,0.065,0.642,0.121,0.704,0.099,0.484,0.126,0.39,0.005,0.0,0.03,0.002,245,5,4,6,4,6,0,0,15.993,0.326,0.261,0.392,0.261,0.392,0.0,0.0,0.8,25,42,115,34,135,57,61,6,0,2,6,1.632,2.742,7.507,2.219,8.813,3.721,3.982,0.392,0.0,0.131,0.392,105,67,6.854,4.374,0.638,0,0,0.0,0.0,0.15,0.85
20641,Connor Wickham,England,Crystal Palace,"Center Attacking Midfield, Center Forward, Left Center Forward, Left Center Midfield, Left Midfield, Right Center Forward",21,15,1370.0,5,4.751,35,9,12,1,12,12,11,0.328,0.312,2.299,0.591,0.788,0.066,0.257,0.143,0.136,0.249,0.343,0.343,0.314,3,13,0.197,0.854,409,266,50,218,48,167,133,109,18,1,15,0,26.869,17.474,1.182,0.066,0.985,0.0,0.65,0.122,0.533,0.117,0.408,0.325,0.267,0.044,0.002,0.037,0.0,325,24,17,23,35,64,0,0,21.35,1.577,1.117,1.511,2.299,4.204,0.0,0.0,0.708,17,1,21,17,258,47,85,10,0,2,32,1.117,0.066,1.38,1.117,16.949,3.088,5.584,0.657,0.0,0.131,2.102,214,88,14.058,5.781,0.411,1,0,0.066,0.0,0.212,0.788
5540,Valon Behrami,Switzerland,Watford,"Center Attacking Midfield, Left Center Midfield, Left Defensive Midfield, Left Midfield, Left Wing, Right Center Midfield, Right Defensive Midfield, Right Midfield",21,14,1367.7,0,0.02,1,0,1,0,0,1,0,0.0,0.001,0.066,0.0,0.066,0.0,0.0,0.0,0.02,-0.02,0.0,1.0,0.0,1,5,0.066,0.329,519,411,66,392,40,367,69,83,1,1,1,2,34.152,27.045,0.066,0.066,0.066,0.132,0.792,0.127,0.755,0.077,0.707,0.133,0.16,0.002,0.002,0.002,0.004,372,9,3,19,15,4,0,0,24.479,0.592,0.197,1.25,0.987,0.263,0.0,0.0,0.333,64,24,18,39,434,83,163,40,1,0,40,4.211,1.579,1.184,2.566,28.559,5.462,10.726,2.632,0.066,0.0,2.632,50,18,3.29,1.184,0.36,3,1,0.197,0.066,0.144,0.856
9528,Steven Naismith,Scotland,"Everton, Norwich City","Center Attacking Midfield, Center Defensive Midfield, Center Forward, Left Center Midfield, Left Midfield, Left Wing, Right Center Forward, Right Wing",23,15,1366.6,4,3.21,26,8,8,2,5,17,4,0.263,0.211,1.712,0.527,0.527,0.132,0.308,0.154,0.123,0.79,0.192,0.654,0.154,1,19,0.066,1.251,506,371,61,351,65,323,102,81,9,4,3,7,33.324,24.433,0.593,0.263,0.198,0.461,0.733,0.121,0.694,0.128,0.638,0.202,0.16,0.018,0.008,0.006,0.014,423,31,11,43,28,32,0,1,27.857,2.042,0.724,2.832,1.844,2.107,0.0,0.066,0.355,25,14,9,33,296,52,93,14,0,1,31,1.646,0.922,0.593,2.173,19.494,3.425,6.125,0.922,0.0,0.066,2.042,97,32,6.388,2.107,0.33,3,0,0.198,0.0,0.152,0.848
3086,Ben Davies,Wales,Tottenham Hotspur,"Left Back, Left Center Back",17,14,1362.4,0,0.561,9,2,3,0,9,0,0,0.0,0.037,0.595,0.132,0.198,0.0,0.222,0.0,0.062,-0.561,1.0,0.0,0.0,2,16,0.132,1.057,890,670,537,62,71,428,225,237,28,1,16,1,58.793,44.26,1.85,0.066,1.057,0.066,0.753,0.603,0.07,0.08,0.481,0.253,0.266,0.031,0.001,0.018,0.001,516,10,6,10,13,13,0,0,34.087,0.661,0.396,0.661,0.859,0.859,0.0,0.0,0.6,29,11,69,30,194,65,76,20,3,3,19,1.916,0.727,4.558,1.982,12.816,4.294,5.021,1.321,0.198,0.198,1.255,76,41,5.021,2.708,0.539,3,0,0.198,0.0,0.898,0.102
3603,Mame Biram Diouf,Senegal,Stoke City,"Center Attacking Midfield, Center Forward, Left Midfield, Left Wing, Right Back, Right Center Forward, Right Midfield, Right Wing",26,12,1361.8,5,4.856,32,15,10,3,6,10,16,0.33,0.321,2.115,0.991,0.661,0.198,0.469,0.156,0.152,0.144,0.188,0.312,0.5,1,8,0.066,0.529,272,199,60,147,23,149,62,61,5,0,5,0,17.976,13.152,0.33,0.0,0.33,0.0,0.732,0.221,0.54,0.085,0.548,0.228,0.224,0.018,0.0,0.018,0.0,249,21,12,28,13,47,0,1,16.456,1.388,0.793,1.85,0.859,3.106,0.0,0.066,0.571,18,8,17,20,212,53,53,8,1,2,23,1.19,0.529,1.124,1.322,14.011,3.503,3.503,0.529,0.066,0.132,1.52,107,46,7.072,3.04,0.43,3,0,0.198,0.0,0.296,0.704
16334,Graham Dorrans,Scotland,Norwich City,"Center Attacking Midfield, Left Defensive Midfield, Left Wing, Right Center Midfield, Right Defensive Midfield, Right Wing",21,14,1345.2,0,0.656,16,3,7,0,1,14,1,0.0,0.044,1.07,0.201,0.468,0.0,0.188,0.0,0.041,-0.656,0.062,0.875,0.062,1,16,0.067,1.07,761,647,129,577,33,548,102,111,5,0,26,4,50.914,43.287,0.335,0.0,1.74,0.268,0.85,0.17,0.758,0.043,0.72,0.134,0.146,0.007,0.0,0.034,0.005,635,18,13,7,17,11,0,0,42.484,1.204,0.87,0.468,1.137,0.736,0.0,0.0,0.722,22,15,15,21,237,97,95,22,0,1,23,1.472,1.004,1.004,1.405,15.856,6.49,6.356,1.472,0.0,0.067,1.539,34,18,2.275,1.204,0.529,2,0,0.134,0.0,0.18,0.82
3532,Jordan Brian Henderson,England,Liverpool,"Center Defensive Midfield, Left Center Midfield, Left Defensive Midfield, Left Midfield, Left Wing, Right Center Midfield, Right Defensive Midfield, Right Wing",17,15,1342.8,2,2.207,26,6,17,0,2,24,0,0.134,0.148,1.743,0.402,1.139,0.0,0.231,0.077,0.085,-0.207,0.077,0.923,0.0,2,18,0.134,1.206,1007,780,138,798,37,641,127,239,32,0,55,8,67.493,52.279,2.145,0.0,3.686,0.536,0.775,0.137,0.792,0.037,0.637,0.126,0.237,0.032,0.0,0.055,0.008,757,22,12,12,9,17,0,0,50.737,1.475,0.804,0.804,0.603,1.139,0.0,0.0,0.545,42,18,29,26,304,95,148,17,0,0,11,2.815,1.206,1.944,1.743,20.375,6.367,9.92,1.139,0.0,0.0,0.737,37,25,2.48,1.676,0.676,1,0,0.067,0.0,0.146,0.854
11386,Santiago Cazorla González,Spain,Arsenal,"Center Attacking Midfield, Left Center Midfield, Left Defensive Midfield, Left Wing, Right Defensive Midfield",15,15,1334.9,0,1.784,24,6,9,1,10,14,0,0.0,0.12,1.618,0.405,0.607,0.067,0.25,0.0,0.074,-1.784,0.417,0.583,0.0,3,39,0.202,2.629,1300,1128,455,803,32,982,132,186,23,2,40,20,87.647,76.051,1.551,0.135,2.697,1.348,0.868,0.35,0.618,0.025,0.755,0.102,0.143,0.018,0.002,0.031,0.015,1090,45,35,15,21,11,0,0,73.489,3.034,2.36,1.011,1.416,0.742,0.0,0.0,0.778,25,11,17,29,185,119,75,32,1,1,18,1.686,0.742,1.146,1.955,12.473,8.023,5.057,2.157,0.067,0.067,1.214,11,2,0.742,0.135,0.182,4,1,0.27,0.067,0.363,0.637
21254,Carl Jenkinson,England,West Ham United,"Center Attacking Midfield, Goalkeeper, Left Back, Left Center Back, Left Midfield, Right Back, Right Midfield",20,13,1322.9,2,0.793,7,3,1,0,1,6,0,0.136,0.054,0.476,0.204,0.068,0.0,0.429,0.286,0.113,1.207,0.143,0.857,0.0,0,6,0.0,0.408,706,517,59,444,40,361,151,194,23,2,7,0,48.031,35.173,1.565,0.136,0.476,0.0,0.732,0.084,0.629,0.057,0.511,0.214,0.275,0.033,0.003,0.01,0.0,433,14,4,5,11,13,0,0,29.458,0.952,0.272,0.34,0.748,0.884,0.0,0.0,0.286,29,8,56,24,141,71,50,17,1,1,15,1.973,0.544,3.81,1.633,9.593,4.83,3.402,1.157,0.068,0.068,1.02,43,25,2.925,1.701,0.581,3,1,0.204,0.068,0.118,0.882
4346,Gilbert Gianelli Imbula Wanga,"Congo, (Kinshasa)",Stoke City,"Center Attacking Midfield, Left Center Midfield, Left Defensive Midfield, Right Center Midfield, Right Defensive Midfield",14,14,1320.9,2,0.774,21,5,3,0,20,0,1,0.136,0.053,1.431,0.341,0.204,0.0,0.238,0.095,0.037,1.226,0.952,0.0,0.048,0,11,0.0,0.749,779,682,682,69,17,627,68,84,4,1,11,8,53.077,46.468,0.273,0.068,0.749,0.545,0.875,0.875,0.089,0.022,0.805,0.087,0.108,0.005,0.001,0.014,0.01,729,61,40,22,25,19,0,0,49.671,4.156,2.725,1.499,1.703,1.295,0.0,0.0,0.656,15,12,7,16,242,96,77,13,0,0,24,1.022,0.818,0.477,1.09,16.489,6.541,5.246,0.886,0.0,0.0,1.635,30,14,2.044,0.954,0.467,4,0,0.273,0.0,0.911,0.089
3598,Wilfried Guemiand Bony,Côte d'Ivoire,Manchester City,"Center Attacking Midfield, Center Forward, Left Center Back, Left Center Forward, Left Wing, Right Center Back, Right Center Forward, Right Midfield, Right Wing",26,13,1293.2,4,7.28,61,18,17,4,10,26,25,0.278,0.507,4.245,1.253,1.183,0.278,0.295,0.066,0.119,-3.28,0.164,0.426,0.41,3,11,0.209,0.766,398,317,64,261,22,269,81,48,3,1,2,6,27.699,22.062,0.209,0.07,0.139,0.418,0.796,0.161,0.656,0.055,0.676,0.204,0.121,0.008,0.003,0.005,0.015,369,25,15,23,30,43,0,0,25.68,1.74,1.044,1.601,2.088,2.993,0.0,0.0,0.6,10,2,8,14,98,48,49,6,0,0,18,0.696,0.139,0.557,0.974,6.82,3.341,3.41,0.418,0.0,0.0,1.253,129,67,8.978,4.663,0.519,2,0,0.139,0.0,0.205,0.795
6300,Sebastián Coates Nión,Uruguay,Sunderland,"Center Attacking Midfield, Right Center Back",16,14,1291.6,0,0.81,7,2,0,0,0,0,7,0.0,0.056,0.488,0.139,0.0,0.0,0.286,0.0,0.116,-0.81,0.0,0.0,1.0,1,2,0.07,0.139,417,292,17,325,37,199,66,152,1,0,8,2,29.057,20.347,0.07,0.0,0.557,0.139,0.7,0.041,0.779,0.089,0.477,0.158,0.365,0.002,0.0,0.019,0.005,251,8,6,5,3,4,0,0,17.49,0.557,0.418,0.348,0.209,0.279,0.0,0.0,0.75,51,25,79,27,179,55,55,17,1,0,20,3.554,1.742,5.505,1.881,12.473,3.832,3.832,1.185,0.07,0.0,1.394,71,48,4.947,3.345,0.676,4,0,0.279,0.0,0.05,0.95
3602,Faustino Marcos Alberto Rojo,Argentina,Manchester United,"Left Attacking Midfield, Left Back, Left Center Back",16,15,1291.0,0,0.291,8,1,3,0,6,0,2,0.0,0.02,0.558,0.07,0.209,0.0,0.125,0.0,0.036,-0.291,0.75,0.0,0.25,1,10,0.07,0.697,902,649,627,46,53,456,196,250,43,1,17,0,62.881,45.244,2.998,0.07,1.185,0.0,0.72,0.695,0.051,0.059,0.506,0.217,0.277,0.048,0.001,0.019,0.0,545,2,1,13,13,2,0,0,37.994,0.139,0.07,0.906,0.906,0.139,0.0,0.0,0.5,44,19,55,24,225,52,89,25,0,1,22,3.067,1.325,3.834,1.673,15.686,3.625,6.204,1.743,0.0,0.07,1.534,76,46,5.298,3.207,0.605,3,0,0.209,0.0,0.932,0.068
30702,Brendan Joel Zibusiso Galloway,Zimbabwe,Everton,Left Back,15,14,1270.9,0,0.939,9,0,4,2,8,0,1,0.0,0.066,0.637,0.0,0.283,0.142,0.0,0.0,0.104,-0.939,0.889,0.0,0.111,1,5,0.071,0.354,527,424,382,23,14,331,122,74,6,1,1,1,37.32,30.026,0.425,0.071,0.071,0.071,0.805,0.725,0.044,0.027,0.628,0.231,0.14,0.011,0.002,0.002,0.002,380,14,3,30,5,16,0,0,26.91,0.991,0.212,2.124,0.354,1.133,0.0,0.0,0.214,50,11,29,33,243,65,79,18,0,0,12,3.541,0.779,2.054,2.337,17.208,4.603,5.594,1.275,0.0,0.0,0.85,24,11,1.7,0.779,0.458,2,0,0.142,0.0,0.944,0.056
42900,Cheik Ismaël Tioté,Côte d'Ivoire,Newcastle United,"Center Defensive Midfield, Left Center Midfield, Left Defensive Midfield, Left Wing, Right Center Midfield, Right Defensive Midfield, Right Wing",20,16,1262.4,0,0.046,2,0,1,0,0,2,0,0.0,0.003,0.143,0.0,0.071,0.0,0.0,0.0,0.023,-0.046,0.0,1.0,0.0,0,8,0.0,0.57,850,731,102,660,58,619,89,142,0,0,20,2,60.599,52.115,0.0,0.0,1.426,0.143,0.86,0.12,0.776,0.068,0.728,0.105,0.167,0.0,0.0,0.024,0.002,592,21,14,14,19,7,0,0,42.205,1.497,0.998,0.998,1.355,0.499,0.0,0.0,0.667,52,39,46,36,297,95,112,27,4,0,39,3.707,2.78,3.279,2.567,21.174,6.773,7.985,1.925,0.285,0.0,2.78,75,45,5.347,3.208,0.6,5,0,0.356,0.0,0.134,0.866
18751,Jack Rodwell,England,Sunderland,"Center Attacking Midfield, Center Defensive Midfield, Center Forward, Left Center Back, Left Center Midfield, Left Defensive Midfield, Left Wing, Left Wing Back, Right Center Midfield, Right Defensive Midfield, Right Wing Back",22,9,1254.3,1,2.531,27,8,10,0,7,14,6,0.072,0.182,1.937,0.574,0.718,0.0,0.296,0.037,0.094,-1.531,0.259,0.519,0.222,0,14,0.0,1.005,462,347,192,196,41,276,73,113,2,1,8,2,33.15,24.898,0.144,0.072,0.574,0.144,0.751,0.416,0.424,0.089,0.597,0.158,0.245,0.004,0.002,0.017,0.004,324,12,8,9,12,10,0,0,23.248,0.861,0.574,0.646,0.861,0.718,0.0,0.0,0.667,23,8,19,17,194,51,63,12,1,1,23,1.65,0.574,1.363,1.22,13.92,3.659,4.52,0.861,0.072,0.072,1.65,63,37,4.52,2.655,0.587,5,0,0.359,0.0,0.487,0.513
3635,Jordon Ibe,England,Liverpool,"Center Attacking Midfield, Left Attacking Midfield, Left Center Midfield, Left Midfield, Left Wing, Right Center Back, Right Defensive Midfield, Right Midfield, Right Wing, Right Wing Back",27,12,1253.7,1,1.269,30,6,4,0,11,19,0,0.072,0.091,2.154,0.431,0.287,0.0,0.2,0.033,0.042,-0.269,0.367,0.633,0.0,1,19,0.072,1.364,559,442,80,446,12,415,70,74,31,7,12,1,40.129,31.73,2.225,0.503,0.861,0.072,0.791,0.143,0.798,0.021,0.742,0.125,0.132,0.055,0.013,0.021,0.002,600,77,44,17,44,30,0,0,43.073,5.528,3.159,1.22,3.159,2.154,0.0,0.0,0.571,13,5,2,12,203,90,69,10,1,0,13,0.933,0.359,0.144,0.861,14.573,6.461,4.953,0.718,0.072,0.0,0.933,20,3,1.436,0.215,0.15,0,0,0.0,0.0,0.164,0.836
18414,Bastian Schweinsteiger,Germany,Manchester United,"Center Attacking Midfield, Left Center Midfield, Left Defensive Midfield, Right Defensive Midfield, Right Wing",18,13,1253.4,1,1.378,12,3,6,1,3,7,2,0.072,0.099,0.862,0.215,0.431,0.072,0.25,0.083,0.115,-0.378,0.25,0.583,0.167,0,9,0.0,0.646,1086,924,109,908,39,803,108,175,7,0,26,5,77.98,66.348,0.503,0.0,1.867,0.359,0.851,0.1,0.836,0.036,0.739,0.099,0.161,0.006,0.0,0.024,0.005,891,23,17,24,26,19,0,0,63.978,1.652,1.221,1.723,1.867,1.364,0.0,0.0,0.739,42,10,23,30,243,88,112,15,2,0,25,3.016,0.718,1.652,2.154,17.449,6.319,8.042,1.077,0.144,0.0,1.795,63,26,4.524,1.867,0.413,3,0,0.215,0.0,0.109,0.891
3101,Vincent Kompany,Belgium,Manchester City,Right Center Back,14,13,1231.1,2,0.75,11,3,1,1,0,2,9,0.146,0.055,0.804,0.219,0.073,0.073,0.273,0.182,0.068,1.25,0.0,0.182,0.818,0,3,0.0,0.219,679,572,17,610,36,485,67,127,1,0,27,0,49.639,41.816,0.073,0.0,1.974,0.0,0.842,0.025,0.898,0.053,0.714,0.099,0.187,0.001,0.0,0.04,0.0,497,11,8,5,1,4,0,0,36.333,0.804,0.585,0.366,0.073,0.292,0.0,0.0,0.727,21,21,90,18,96,59,50,15,0,1,15,1.535,1.535,6.579,1.316,7.018,4.313,3.655,1.097,0.0,0.073,1.097,45,39,3.29,2.851,0.867,5,0,0.366,0.0,0.027,0.973
16309,Joel Robles Blázquez,Spain,Everton,Goalkeeper,13,13,1230.5,0,0.0,0,0,0,0,0,0,0,0.0,0.0,0.0,0.0,0.0,0.0,0.0,0.0,0.0,0.0,0.0,0.0,0.0,0,0,0.0,0.0,475,250,13,355,1,137,29,309,0,0,11,0,34.742,18.285,0.0,0.0,0.805,0.0,0.526,0.027,0.747,0.002,0.288,0.061,0.651,0.0,0.0,0.023,0.0,219,1,1,2,0,0,0,0,16.018,0.073,0.073,0.146,0.0,0.0,0.0,0.0,1.0,0,0,1,1,2,70,0,1,0,1,0,0.0,0.0,0.073,0.073,0.146,5.12,0.0,0.073,0.0,0.073,0.0,0,0,0.0,0.0,0.0,1,0,0.073,0.0,0.035,0.965
3081,Jamaal Lascelles,England,Newcastle United,"Center Attacking Midfield, Center Forward, Left Back, Left Center Back, Left Defensive Midfield, Right Back, Right Center Back, Right Center Midfield",18,10,1225.6,2,0.839,4,4,1,0,0,1,3,0.147,0.062,0.294,0.294,0.073,0.0,1.0,0.5,0.21,1.161,0.0,0.25,0.75,0,2,0.0,0.147,461,383,81,314,44,298,52,111,2,0,9,1,33.853,28.125,0.147,0.0,0.661,0.073,0.831,0.176,0.681,0.095,0.646,0.113,0.241,0.004,0.0,0.02,0.002,302,5,3,3,5,8,1,0,22.177,0.367,0.22,0.22,0.367,0.587,0.073,0.0,0.6,12,31,103,25,99,49,41,5,1,3,12,0.881,2.276,7.564,1.836,7.27,3.598,3.011,0.367,0.073,0.22,0.881,81,64,5.948,4.7,0.79,1,1,0.073,0.073,0.205,0.795
6560,Marc Muniesa Martínez,Spain,Stoke City,"Center Attacking Midfield, Left Back, Left Center Back, Right Back",15,12,1211.6,0,0.057,3,0,1,0,3,0,0,0.0,0.004,0.223,0.0,0.074,0.0,0.0,0.0,0.019,-0.057,1.0,0.0,0.0,0,4,0.0,0.297,558,458,453,52,24,366,92,100,10,0,14,0,41.449,34.021,0.743,0.0,1.04,0.0,0.821,0.812,0.093,0.043,0.656,0.165,0.179,0.018,0.0,0.025,0.0,385,12,6,7,7,5,0,0,28.599,0.891,0.446,0.52,0.52,0.371,0.0,0.0,0.5,29,26,45,34,184,49,56,19,0,0,11,2.154,1.931,3.343,2.526,13.668,3.64,4.16,1.411,0.0,0.0,0.817,33,17,2.451,1.263,0.515,2,0,0.149,0.0,0.898,0.102
42902,Adam Johnson,England,Sunderland,"Center Attacking Midfield, Center Back, Center Defensive Midfield, Left Center Midfield, Left Midfield, Left Wing, Right Center Back, Right Center Midfield, Right Midfield, Right Wing",19,11,1210.1,2,1.762,16,3,6,0,13,3,0,0.149,0.131,1.19,0.223,0.446,0.0,0.188,0.125,0.11,0.238,0.812,0.188,0.0,5,30,0.372,2.231,600,443,515,63,15,362,69,169,22,3,44,11,44.624,32.948,1.636,0.223,3.272,0.818,0.738,0.858,0.105,0.025,0.603,0.115,0.282,0.037,0.005,0.073,0.018,543,24,14,16,24,18,0,0,40.385,1.785,1.041,1.19,1.785,1.339,0.0,0.0,0.583,11,10,7,23,137,74,55,14,2,1,8,0.818,0.744,0.521,1.711,10.189,5.504,4.091,1.041,0.149,0.074,0.595,17,6,1.264,0.446,0.353,3,0,0.223,0.0,0.889,0.111
3297,Andros Townsend,England,"Newcastle United, Tottenham Hotspur","Left Wing, Right Defensive Midfield, Right Midfield, Right Wing",16,12,1206.4,4,1.44,29,16,3,0,21,8,0,0.298,0.107,2.163,1.194,0.224,0.0,0.552,0.138,0.05,2.56,0.724,0.276,0.0,2,30,0.149,2.238,481,334,340,118,10,306,69,106,47,3,16,0,35.884,24.917,3.506,0.224,1.194,0.0,0.694,0.707,0.245,0.021,0.636,0.143,0.22,0.098,0.006,0.033,0.0,534,73,46,16,43,35,0,0,39.838,5.446,3.432,1.194,3.208,2.611,0.0,0.0,0.63,30,23,12,29,277,74,73,40,1,0,10,2.238,1.716,0.895,2.163,20.665,5.521,5.446,2.984,0.075,0.0,0.746,25,3,1.865,0.224,0.12,0,0,0.0,0.0,0.741,0.259
3897,Pedro Mba Obiang Avomo,Equatorial Guinea,West Ham United,"Center Attacking Midfield, Center Defensive Midfield, Center Midfield, Left Center Midfield, Left Defensive Midfield, Left Midfield, Left Wing, Right Center Midfield, Right Defensive Midfield, Right Midfield, Right Wing",24,11,1173.8,0,0.326,9,1,3,0,1,7,1,0.0,0.025,0.69,0.077,0.23,0.0,0.111,0.0,0.036,-0.326,0.111,0.778,0.111,1,3,0.077,0.23,478,371,56,366,22,310,75,93,4,0,23,3,36.65,28.446,0.307,0.0,1.764,0.23,0.776,0.117,0.766,0.046,0.649,0.157,0.195,0.008,0.0,0.048,0.006,366,15,9,16,9,5,0,0,28.063,1.15,0.69,1.227,0.69,0.383,0.0,0.0,0.6,43,17,31,34,286,70,105,34,3,0,23,3.297,1.303,2.377,2.607,21.929,5.367,8.051,2.607,0.23,0.0,1.764,55,35,4.217,2.684,0.636,2,0,0.153,0.0,0.133,0.867
3083,Heung-Min Son,Korea (South),Tottenham Hotspur,"Center Attacking Midfield, Center Forward, Left Attacking Midfield, Left Defensive Midfield, Left Wing, Right Defensive Midfield, Right Wing",28,13,1170.1,4,3.852,38,13,6,3,20,17,1,0.308,0.296,2.923,1.0,0.461,0.231,0.342,0.105,0.101,0.148,0.526,0.447,0.026,1,18,0.077,1.384,455,359,60,358,16,326,83,46,7,3,3,1,34.997,27.613,0.538,0.231,0.231,0.077,0.789,0.132,0.787,0.035,0.716,0.182,0.101,0.015,0.007,0.007,0.002,469,49,24,15,50,29,1,2,36.074,3.769,1.846,1.154,3.846,2.231,0.077,0.154,0.49,30,8,6,30,298,62,114,22,1,1,14,2.307,0.615,0.461,2.307,22.921,4.769,8.768,1.692,0.077,0.077,1.077,31,10,2.384,0.769,0.323,0,0,0.0,0.0,0.176,0.824
3665,Andrew Philip King,Wales,Leicester City,"Center Attacking Midfield, Center Defensive Midfield, Left Center Forward, Left Center Midfield, Left Defensive Midfield, Left Midfield, Right Center Forward, Right Center Midfield, Right Defensive Midfield, Right Midfield",25,9,1167.8,2,2.1,19,4,8,1,1,13,5,0.154,0.162,1.464,0.308,0.617,0.077,0.211,0.105,0.111,-0.1,0.053,0.684,0.263,1,9,0.077,0.694,488,375,32,394,43,282,85,121,7,2,10,2,37.609,28.9,0.539,0.154,0.771,0.154,0.768,0.066,0.807,0.088,0.578,0.174,0.248,0.014,0.004,0.02,0.004,298,10,5,9,9,7,0,0,22.966,0.771,0.385,0.694,0.694,0.539,0.0,0.0,0.5,19,9,35,25,189,61,62,8,1,1,8,1.464,0.694,2.697,1.927,14.566,4.701,4.778,0.617,0.077,0.077,0.617,64,22,4.932,1.695,0.344,2,0,0.154,0.0,0.075,0.925
3636,Charlie Adam,Scotland,Stoke City,"Center Attacking Midfield, Left Center Midfield, Left Defensive Midfield, Left Wing, Right Center Forward, Right Center Midfield, Right Defensive Midfield, Right Wing",22,12,1167.5,1,0.978,28,4,6,0,23,4,1,0.077,0.075,2.158,0.308,0.463,0.0,0.143,0.036,0.035,0.022,0.821,0.143,0.036,1,10,0.077,0.771,590,432,452,94,21,335,84,171,16,0,48,5,45.482,33.302,1.233,0.0,3.7,0.385,0.732,0.766,0.159,0.036,0.568,0.142,0.29,0.027,0.0,0.081,0.008,456,19,10,29,7,9,0,0,35.152,1.465,0.771,2.236,0.54,0.694,0.0,0.0,0.526,22,7,16,20,205,90,63,27,2,0,35,1.696,0.54,1.233,1.542,15.803,6.938,4.857,2.081,0.154,0.0,2.698,30,21,2.313,1.619,0.7,5,1,0.385,0.077,0.829,0.171
3265,José Luis Sanmartín Mato,Spain,Stoke City,"Center Attacking Midfield, Center Forward, Left Center Forward, Left Wing, Right Back, Right Wing",22,10,1163.5,4,2.578,29,16,11,0,8,13,8,0.309,0.199,2.243,1.238,0.851,0.0,0.552,0.138,0.089,1.422,0.276,0.448,0.276,1,9,0.077,0.696,376,268,56,225,36,188,104,84,12,1,7,3,29.085,20.731,0.928,0.077,0.541,0.232,0.713,0.149,0.598,0.096,0.5,0.277,0.223,0.032,0.003,0.019,0.008,268,25,10,21,20,32,0,0,20.731,1.934,0.774,1.624,1.547,2.475,0.0,0.0,0.4,11,4,9,23,265,47,69,17,0,0,22,0.851,0.309,0.696,1.779,20.498,3.636,5.337,1.315,0.0,0.0,1.702,114,57,8.818,4.409,0.5,0,0,0.0,0.0,0.212,0.788
22594,Matt Jarvis,England,"Norwich City, West Ham United","Left Attacking Midfield, Left Center Back, Left Midfield, Left Wing, Left Wing Back, Right Attacking Midfield, Right Midfield, Right Wing",22,13,1154.7,1,0.992,10,4,4,0,5,5,0,0.078,0.077,0.779,0.312,0.312,0.0,0.4,0.1,0.099,0.008,0.5,0.5,0.0,1,15,0.078,1.169,367,237,77,252,18,196,70,101,51,4,17,1,28.605,18.472,3.975,0.312,1.325,0.078,0.646,0.21,0.687,0.049,0.534,0.191,0.275,0.139,0.011,0.046,0.003,320,15,9,8,18,19,0,0,24.942,1.169,0.701,0.624,1.403,1.481,0.0,0.0,0.6,13,9,8,18,167,35,54,12,1,0,4,1.013,0.701,0.624,1.403,13.016,2.728,4.209,0.935,0.078,0.0,0.312,34,10,2.65,0.779,0.294,0,0,0.0,0.0,0.242,0.758
4317,Kevin Mirallas,Belgium,Everton,"Center Attacking Midfield, Left Attacking Midfield, Left Center Forward, Left Center Midfield, Left Midfield, Left Wing, Right Center Forward, Right Center Midfield, Right Midfield, Right Wing",23,10,1144.1,4,3.216,41,16,8,1,6,33,2,0.315,0.253,3.225,1.259,0.629,0.079,0.39,0.098,0.078,0.784,0.146,0.805,0.049,2,16,0.157,1.259,382,296,36,322,9,251,53,78,24,0,21,1,30.05,23.285,1.888,0.0,1.652,0.079,0.775,0.094,0.843,0.024,0.657,0.139,0.204,0.063,0.0,0.055,0.003,396,37,21,21,25,27,0,0,31.151,2.911,1.652,1.652,1.967,2.124,0.0,0.0,0.568,15,17,6,10,151,59,48,12,0,0,15,1.18,1.337,0.472,0.787,11.878,4.641,3.776,0.944,0.0,0.0,1.18,23,4,1.809,0.315,0.174,2,2,0.157,0.157,0.106,0.894
6631,Mathieu Flamini,France,Arsenal,"Center Attacking Midfield, Center Forward, Left Defensive Midfield, Right Center Midfield, Right Defensive Midfield, Right Wing",16,12,1142.7,0,0.919,7,2,2,0,1,5,1,0.0,0.072,0.551,0.158,0.158,0.0,0.286,0.0,0.131,-0.919,0.143,0.714,0.143,0,4,0.0,0.315,627,548,82,481,42,466,74,87,2,1,7,1,49.383,43.161,0.158,0.079,0.551,0.079,0.874,0.131,0.767,0.067,0.743,0.118,0.139,0.003,0.002,0.011,0.002,417,5,2,8,6,6,0,0,32.843,0.394,0.158,0.63,0.473,0.473,0.0,0.0,0.4,34,13,26,37,191,44,81,15,1,0,19,2.678,1.024,2.048,2.914,15.043,3.465,6.38,1.181,0.079,0.0,1.496,24,15,1.89,1.181,0.625,3,0,0.236,0.0,0.146,0.854
3590,Rhu-endly Martina,Curaçao,Southampton,"Left Back, Right Back, Right Wing Back",15,11,1140.6,1,0.125,3,2,2,0,1,2,0,0.079,0.01,0.237,0.158,0.158,0.0,0.667,0.333,0.042,0.875,0.333,0.667,0.0,1,12,0.079,0.947,581,422,45,393,24,285,121,175,33,1,12,4,45.844,33.298,2.604,0.079,0.947,0.316,0.726,0.077,0.676,0.041,0.491,0.208,0.301,0.057,0.002,0.021,0.007,378,5,3,12,6,6,1,0,29.826,0.395,0.237,0.947,0.473,0.473,0.079,0.0,0.6,34,31,40,29,175,47,59,10,1,0,15,2.683,2.446,3.156,2.288,13.809,3.709,4.655,0.789,0.079,0.0,1.184,21,6,1.657,0.473,0.286,1,0,0.079,0.0,0.104,0.896
20302,Gaël Clichy,France,Manchester City,"Left Back, Right Center Forward",14,12,1133.6,0,0.049,2,0,0,0,0,2,0,0.0,0.004,0.159,0.0,0.0,0.0,0.0,0.0,0.024,-0.049,0.0,1.0,0.0,1,11,0.079,0.873,839,662,582,109,26,554,129,156,26,1,17,1,66.611,52.558,2.064,0.079,1.35,0.079,0.789,0.694,0.13,0.031,0.66,0.154,0.186,0.031,0.001,0.02,0.001,591,14,12,8,11,10,0,0,46.921,1.112,0.953,0.635,0.873,0.794,0.0,0.0,0.857,30,42,44,22,158,51,64,12,0,1,10,2.382,3.335,3.493,1.747,12.544,4.049,5.081,0.953,0.0,0.079,0.794,21,11,1.667,0.873,0.524,0,0,0.0,0.0,0.84,0.16
24380,Tetchi Jores Charlemagne Ulrich Okore,Denmark,Aston Villa,Right Center Back,12,12,1129.8,0,0.0,0,0,0,0,0,0,0,0.0,0.0,0.0,0.0,0.0,0.0,0.0,0.0,0.0,0.0,0.0,0.0,0.0,0,1,0.0,0.08,344,277,50,263,20,241,41,62,0,0,10,1,27.403,22.066,0.0,0.0,0.797,0.08,0.805,0.145,0.765,0.058,0.701,0.119,0.18,0.0,0.0,0.029,0.003,253,4,3,10,4,8,0,0,20.154,0.319,0.239,0.797,0.319,0.637,0.0,0.0,0.75,37,17,82,25,132,36,51,9,0,3,10,2.947,1.354,6.532,1.992,10.515,2.868,4.063,0.717,0.0,0.239,0.797,51,29,4.063,2.31,0.569,1,0,0.08,0.0,0.16,0.84
3469,Bakary Sako,Mali,Crystal Palace,"Center Attacking Midfield, Center Forward, Left Center Forward, Left Defensive Midfield, Left Midfield, Left Wing, Right Midfield, Right Wing",20,11,1121.1,2,2.122,35,15,9,1,29,5,1,0.161,0.17,2.81,1.204,0.723,0.08,0.429,0.057,0.061,-0.122,0.829,0.143,0.029,1,9,0.08,0.723,423,293,313,68,16,244,78,101,29,5,23,1,33.958,23.522,2.328,0.401,1.846,0.08,0.693,0.74,0.161,0.038,0.577,0.184,0.239,0.069,0.012,0.054,0.002,408,41,21,11,38,24,0,0,32.754,3.291,1.686,0.883,3.051,1.927,0.0,0.0,0.512,20,9,13,15,180,64,59,11,0,1,16,1.606,0.723,1.044,1.204,14.45,5.138,4.736,0.883,0.0,0.08,1.284,43,18,3.452,1.445,0.419,1,0,0.08,0.0,0.824,0.176
3612,Ashley Young,England,Manchester United,"Center Forward, Left Back, Left Midfield, Left Wing, Left Wing Back, Right Back, Right Wing, Right Wing Back",18,11,1118.6,1,0.846,7,3,1,1,1,6,0,0.08,0.068,0.563,0.241,0.08,0.08,0.429,0.143,0.121,0.154,0.143,0.857,0.0,2,10,0.161,0.805,776,571,72,549,23,402,180,194,60,4,24,3,62.435,45.941,4.827,0.322,1.931,0.241,0.736,0.093,0.707,0.03,0.518,0.232,0.25,0.077,0.005,0.031,0.004,563,38,14,20,16,8,0,0,45.298,3.057,1.126,1.609,1.287,0.644,0.0,0.0,0.368,22,15,26,17,139,77,73,11,0,1,18,1.77,1.207,2.092,1.368,11.184,6.195,5.873,0.885,0.0,0.08,1.448,29,14,2.333,1.126,0.483,5,0,0.402,0.0,0.116,0.884
3052,Pablo Javier Zabaleta Girod,Argentina,Manchester City,Right Back,13,12,1108.8,0,0.094,3,1,1,1,1,2,0,0.0,0.008,0.244,0.081,0.081,0.081,0.333,0.0,0.031,-0.094,0.333,0.667,0.0,1,1,0.081,0.081,722,604,51,505,31,449,158,115,10,3,7,0,58.604,49.026,0.812,0.244,0.568,0.0,0.837,0.071,0.699,0.043,0.622,0.219,0.159,0.014,0.004,0.01,0.0,495,9,4,9,9,9,0,0,40.179,0.731,0.325,0.731,0.731,0.731,0.0,0.0,0.444,39,16,40,28,171,42,70,18,1,1,16,3.166,1.299,3.247,2.273,13.88,3.409,5.682,1.461,0.081,0.081,1.299,37,22,3.003,1.786,0.595,3,0,0.244,0.0,0.093,0.907
30289,Papiss Demba Cissé,Senegal,Newcastle United,"Center Forward, Left Center Forward, Left Wing, Right Center Forward, Right Wing",21,14,1108.6,3,3.607,24,9,8,2,4,10,9,0.244,0.293,1.948,0.731,0.649,0.162,0.375,0.125,0.15,-0.607,0.167,0.417,0.375,0,10,0.0,0.812,407,297,59,272,34,213,110,84,6,1,16,0,33.042,24.111,0.487,0.081,1.299,0.0,0.73,0.145,0.668,0.084,0.523,0.27,0.206,0.015,0.002,0.039,0.0,329,22,16,10,22,61,0,1,26.709,1.786,1.299,0.812,1.786,4.952,0.0,0.081,0.727,12,3,9,10,192,44,59,8,0,0,12,0.974,0.244,0.731,0.812,15.587,3.572,4.79,0.649,0.0,0.0,0.974,121,41,9.823,3.329,0.339,1,0,0.081,0.0,0.183,0.817
3296,Marouane Fellaini-Bakkioui,Belgium,Manchester United,"Center Attacking Midfield, Center Forward, Left Center Midfield, Left Defensive Midfield, Left Wing, Right Center Midfield, Right Defensive Midfield",18,12,1107.6,1,3.013,22,7,7,0,6,6,10,0.081,0.245,1.788,0.569,0.569,0.0,0.318,0.045,0.137,-2.013,0.273,0.273,0.455,0,10,0.0,0.813,601,494,76,421,43,418,121,62,2,1,0,0,48.835,40.141,0.163,0.081,0.0,0.0,0.822,0.126,0.7,0.072,0.696,0.201,0.103,0.003,0.002,0.0,0.0,472,21,12,15,28,22,0,1,38.353,1.706,0.975,1.219,2.275,1.788,0.0,0.081,0.571,22,10,21,26,224,90,79,7,3,1,38,1.788,0.813,1.706,2.113,18.202,7.313,6.419,0.569,0.244,0.081,3.088,127,62,10.32,5.038,0.488,2,0,0.163,0.0,0.161,0.839
3651,Matt Targett,England,Southampton,"Center Attacking Midfield, Left Back, Left Wing, Left Wing Back",14,13,1105.6,0,0.144,3,1,2,0,3,0,0,0.0,0.012,0.244,0.081,0.163,0.0,0.333,0.0,0.048,-0.144,1.0,0.0,0.0,1,5,0.081,0.407,555,412,354,49,33,277,118,160,27,0,15,0,45.179,33.538,2.198,0.0,1.221,0.0,0.742,0.638,0.088,0.059,0.499,0.213,0.288,0.049,0.0,0.027,0.0,351,5,3,13,9,4,0,0,28.573,0.407,0.244,1.058,0.733,0.326,0.0,0.0,0.6,17,17,39,26,123,58,37,13,0,3,4,1.384,1.384,3.175,2.116,10.013,4.721,3.012,1.058,0.0,0.244,0.326,35,22,2.849,1.791,0.629,1,0,0.081,0.0,0.879,0.121
3196,Wahbi Khazri,Tunisia,Sunderland,"Left Midfield, Left Wing, Right Midfield",14,13,1104.8,2,0.789,25,5,3,0,0,25,0,0.163,0.064,2.037,0.407,0.244,0.0,0.2,0.08,0.032,1.211,0.0,1.0,0.0,1,31,0.081,2.525,421,271,27,364,9,193,79,149,27,0,43,3,34.296,22.076,2.199,0.0,3.503,0.244,0.644,0.064,0.865,0.021,0.458,0.188,0.354,0.064,0.0,0.102,0.007,378,35,17,16,31,24,0,0,30.793,2.851,1.385,1.303,2.525,1.955,0.0,0.0,0.486,34,18,9,19,288,64,101,31,1,1,21,2.77,1.466,0.733,1.548,23.461,5.214,8.228,2.525,0.081,0.081,1.711,28,9,2.281,0.733,0.321,3,0,0.244,0.0,0.065,0.935
13846,Jan Kirchhoff,Germany,Sunderland,"Center Defensive Midfield, Left Wing, Right Center Back",15,14,1104.4,0,1.002,9,1,3,0,1,5,3,0.0,0.082,0.733,0.081,0.244,0.0,0.111,0.0,0.111,-1.002,0.111,0.556,0.333,0,13,0.0,1.059,569,389,81,388,58,319,106,144,3,1,11,4,46.369,31.7,0.244,0.081,0.896,0.326,0.684,0.142,0.682,0.102,0.561,0.186,0.253,0.005,0.002,0.019,0.007,412,16,14,19,17,15,0,0,33.575,1.304,1.141,1.548,1.385,1.222,0.0,0.0,0.875,49,36,46,28,258,99,99,21,2,1,27,3.993,2.934,3.749,2.282,21.025,8.068,8.068,1.711,0.163,0.081,2.2,124,61,10.105,4.971,0.492,0,0,0.0,0.0,0.173,0.827
3448,Martin Kelly,England,Crystal Palace,"Left Back, Right Back",13,11,1097.4,0,0.019,1,0,0,0,0,1,0,0.0,0.002,0.082,0.0,0.0,0.0,0.0,0.0,0.019,-0.019,0.0,1.0,0.0,0,3,0.0,0.246,540,393,83,273,30,254,126,160,13,0,9,1,44.286,32.231,1.066,0.0,0.738,0.082,0.728,0.154,0.506,0.056,0.47,0.233,0.296,0.024,0.0,0.017,0.002,280,6,4,3,4,2,0,0,22.963,0.492,0.328,0.246,0.328,0.164,0.0,0.0,0.667,35,12,50,11,143,43,56,18,0,1,11,2.87,0.984,4.101,0.902,11.728,3.527,4.593,1.476,0.0,0.082,0.902,39,20,3.198,1.64,0.513,3,0,0.246,0.0,0.232,0.768
3300,Maya Yoshida,Japan,Southampton,"Center Attacking Midfield, Left Back, Left Center Back, Left Wing Back, Right Back, Right Center Back",20,10,1095.7,1,0.526,2,2,1,0,0,1,1,0.082,0.043,0.164,0.164,0.082,0.0,1.0,0.5,0.263,0.474,0.0,0.5,0.5,0,2,0.0,0.164,567,441,118,341,43,325,83,159,4,0,14,0,46.573,36.223,0.329,0.0,1.15,0.0,0.778,0.208,0.601,0.076,0.573,0.146,0.28,0.007,0.0,0.025,0.0,367,8,6,7,6,3,1,0,30.145,0.657,0.493,0.575,0.493,0.246,0.082,0.0,0.75,16,19,62,28,100,37,31,7,1,2,8,1.314,1.561,5.093,2.3,8.214,3.039,2.546,0.575,0.082,0.164,0.657,35,20,2.875,1.643,0.571,0,0,0.0,0.0,0.257,0.743
19288,Martín Gastón Demichelis,Argentina,Manchester City,"Center Attacking Midfield, Center Back, Left Center Back, Left Center Midfield, Left Wing, Right Center Back, Right Center Forward, Right Center Midfield, Right Defensive Midfield",20,10,1082.6,0,0.302,5,0,2,0,1,2,2,0.0,0.025,0.416,0.0,0.166,0.0,0.0,0.0,0.06,-0.302,0.2,0.4,0.4,0,4,0.0,0.333,567,488,39,464,37,427,63,77,0,0,12,0,47.137,40.569,0.0,0.0,0.998,0.0,0.861,0.069,0.818,0.065,0.753,0.111,0.136,0.0,0.0,0.021,0.0,402,6,5,8,2,4,0,0,33.42,0.499,0.416,0.665,0.166,0.333,0.0,0.0,0.833,23,26,75,19,119,44,50,22,0,0,13,1.912,2.161,6.235,1.58,9.893,3.658,4.157,1.829,0.0,0.0,1.081,64,44,5.321,3.658,0.688,2,0,0.166,0.0,0.079,0.921
3671,José Leonardo Ulloa,Argentina,Leicester City,"Center Attacking Midfield, Center Defensive Midfield, Center Forward, Left Center Forward, Left Midfield, Right Back, Right Center Forward, Right Midfield",29,7,1076.3,6,6.424,33,10,4,2,3,14,16,0.502,0.537,2.759,0.836,0.334,0.167,0.303,0.182,0.195,-0.424,0.091,0.424,0.485,1,10,0.084,0.836,396,280,27,258,38,221,105,70,7,1,3,4,33.113,23.414,0.585,0.084,0.251,0.334,0.707,0.068,0.652,0.096,0.558,0.265,0.177,0.018,0.003,0.008,0.01,320,30,17,19,32,40,0,0,26.758,2.509,1.422,1.589,2.676,3.345,0.0,0.0,0.567,26,2,22,30,254,66,77,20,0,1,21,2.174,0.167,1.84,2.509,21.239,5.519,6.439,1.672,0.0,0.084,1.756,191,72,15.971,6.021,0.377,0,0,0.0,0.0,0.099,0.901
12325,Abdul Rahman Baba,Ghana,Chelsea,"Left Back, Left Center Back, Left Midfield, Right Back",15,11,1072.9,0,0.369,6,3,3,0,4,2,0,0.0,0.031,0.503,0.252,0.252,0.0,0.5,0.0,0.062,-0.369,0.667,0.333,0.0,1,3,0.084,0.252,651,524,351,170,27,427,143,81,23,0,10,1,54.609,43.956,1.929,0.0,0.839,0.084,0.805,0.539,0.261,0.041,0.656,0.22,0.124,0.035,0.0,0.015,0.002,455,13,9,6,12,9,1,0,38.168,1.091,0.755,0.503,1.007,0.755,0.084,0.0,0.692,48,25,35,28,235,63,65,20,1,0,18,4.026,2.097,2.936,2.349,19.713,5.285,5.453,1.678,0.084,0.0,1.51,30,16,2.517,1.342,0.533,1,0,0.084,0.0,0.674,0.326
28559,Enner Remberto Valencia Lastra,Ecuador,West Ham United,"Center Attacking Midfield, Center Defensive Midfield, Center Forward, Left Center Forward, Left Midfield, Left Wing, Right Midfield, Right Wing",19,10,1072.5,4,3.639,33,10,7,1,4,24,5,0.336,0.305,2.769,0.839,0.587,0.084,0.303,0.121,0.11,0.361,0.121,0.727,0.152,2,9,0.168,0.755,259,191,20,205,12,170,46,43,7,1,3,0,21.734,16.028,0.587,0.084,0.252,0.0,0.737,0.077,0.792,0.046,0.656,0.178,0.166,0.027,0.004,0.012,0.0,306,36,16,21,41,45,0,0,25.678,3.021,1.343,1.762,3.441,3.776,0.0,0.0,0.444,22,8,16,25,206,57,63,15,2,2,14,1.846,0.671,1.343,2.098,17.287,4.783,5.287,1.259,0.168,0.168,1.175,87,26,7.301,2.182,0.299,1,0,0.084,0.0,0.095,0.905
9626,Tommy Elphick,England,AFC Bournemouth,"Right Back, Right Center Back",12,11,1068.8,1,0.433,5,2,0,0,0,0,5,0.084,0.036,0.421,0.168,0.0,0.0,0.4,0.2,0.087,0.567,0.0,0.0,1.0,0,1,0.0,0.084,462,377,16,378,36,309,65,88,0,0,5,0,38.903,31.746,0.0,0.0,0.421,0.0,0.816,0.035,0.818,0.078,0.669,0.141,0.19,0.0,0.0,0.011,0.0,291,0,0,6,2,2,0,0,24.504,0.0,0.0,0.505,0.168,0.168,0.0,0.0,0.0,14,16,53,6,63,28,26,6,0,0,10,1.179,1.347,4.463,0.505,5.305,2.358,2.189,0.505,0.0,0.0,0.842,63,43,5.305,3.621,0.683,1,0,0.084,0.0,0.041,0.959
42699,Gabriel Imuetinyan Agbonlahor,England,Aston Villa,"Center Defensive Midfield, Center Forward, Left Center Forward, Left Wing, Right Wing",15,13,1066.5,1,1.435,11,6,3,1,4,4,3,0.084,0.121,0.928,0.506,0.253,0.084,0.545,0.091,0.13,-0.435,0.364,0.364,0.273,2,13,0.169,1.097,233,160,40,126,25,137,50,46,10,1,5,0,19.662,13.502,0.844,0.084,0.422,0.0,0.687,0.172,0.541,0.107,0.588,0.215,0.197,0.043,0.004,0.021,0.0,182,13,6,17,15,16,0,0,15.359,1.097,0.506,1.435,1.266,1.35,0.0,0.0,0.462,8,3,8,13,182,30,54,4,1,0,24,0.675,0.253,0.675,1.097,15.359,2.532,4.557,0.338,0.084,0.0,2.025,105,36,8.861,3.038,0.343,0,0,0.0,0.0,0.253,0.747
4831,Nacer Chadli,Belgium,Tottenham Hotspur,"Center Attacking Midfield, Center Forward, Left Center Midfield, Left Defensive Midfield, Left Wing, Right Back, Right Center Back, Right Defensive Midfield, Right Wing, Right Wing Back",29,10,1043.3,3,2.599,26,7,6,0,5,16,5,0.259,0.224,2.243,0.604,0.518,0.0,0.269,0.115,0.1,0.401,0.192,0.615,0.192,2,21,0.173,1.812,388,315,73,272,24,269,56,63,11,1,4,2,33.471,27.173,0.949,0.086,0.345,0.173,0.812,0.188,0.701,0.062,0.693,0.144,0.162,0.028,0.003,0.01,0.005,386,34,13,8,14,25,0,0,33.298,2.933,1.121,0.69,1.208,2.157,0.0,0.0,0.382,12,7,12,23,172,43,57,11,0,1,17,1.035,0.604,1.035,1.984,14.838,3.709,4.917,0.949,0.0,0.086,1.467,55,24,4.745,2.07,0.436,1,0,0.086,0.0,0.213,0.787
5836,Bryan Oviedo,Costa Rica,Everton,"Left Back, Left Midfield, Left Wing, Left Wing Back, Right Back, Right Wing",14,12,1041.5,0,0.292,5,2,2,0,4,1,0,0.0,0.025,0.432,0.173,0.173,0.0,0.4,0.0,0.058,-0.292,0.8,0.2,0.0,1,12,0.086,1.037,571,437,366,99,15,340,116,115,21,1,16,1,49.342,37.763,1.815,0.086,1.383,0.086,0.765,0.641,0.173,0.026,0.595,0.203,0.201,0.037,0.002,0.028,0.002,396,13,6,14,10,9,0,1,34.22,1.123,0.518,1.21,0.864,0.778,0.0,0.086,0.462,38,31,29,28,160,47,75,20,2,2,17,3.284,2.679,2.506,2.42,13.826,4.061,6.481,1.728,0.173,0.173,1.469,20,3,1.728,0.259,0.15,0,0,0.0,0.0,0.787,0.213
9554,Steven Fletcher,Scotland,Sunderland,"Center Defensive Midfield, Center Forward, Left Center Forward, Right Attacking Midfield, Right Center Forward, Right Midfield",16,11,1041.1,4,2.262,23,10,8,0,14,1,8,0.346,0.196,1.988,0.864,0.692,0.0,0.435,0.174,0.098,1.738,0.609,0.043,0.348,0,10,0.0,0.864,294,186,143,33,40,129,57,108,8,0,6,2,25.415,16.079,0.692,0.0,0.519,0.173,0.633,0.486,0.112,0.136,0.439,0.194,0.367,0.027,0.0,0.02,0.007,229,26,14,16,25,44,0,1,19.796,2.248,1.21,1.383,2.161,3.804,0.0,0.086,0.538,10,1,4,10,143,27,55,4,0,1,18,0.864,0.086,0.346,0.864,12.362,2.334,4.755,0.346,0.0,0.086,1.556,194,86,16.771,7.434,0.443,0,0,0.0,0.0,0.822,0.178
9014,Declan Rudd,England,Norwich City,Goalkeeper,11,11,1036.8,0,0.0,0,0,0,0,0,0,0,0.0,0.0,0.0,0.0,0.0,0.0,0.0,0.0,0.0,0.0,0.0,0.0,0.0,0,0,0.0,0.0,334,149,15,252,0,63,11,260,0,0,18,0,28.993,12.934,0.0,0.0,1.562,0.0,0.446,0.045,0.754,0.0,0.189,0.033,0.778,0.0,0.0,0.054,0.0,147,0,0,0,0,0,0,0,12.76,0.0,0.0,0.0,0.0,0.0,0.0,0.0,0.0,0,0,0,2,4,54,1,0,0,0,2,0.0,0.0,0.0,0.174,0.347,4.688,0.087,0.0,0.0,0.0,0.174,0,0,0.0,0.0,0.0,2,0,0.174,0.0,0.056,0.944
4817,Joe Ledley,Wales,Crystal Palace,"Center Attacking Midfield, Center Defensive Midfield, Left Center Midfield, Left Defensive Midfield, Left Midfield, Right Center Midfield, Right Defensive Midfield, Right Wing",19,11,1029.1,1,0.356,7,2,3,0,4,2,1,0.087,0.031,0.612,0.175,0.262,0.0,0.286,0.143,0.051,0.644,0.571,0.286,0.143,0,3,0.0,0.262,396,322,269,67,38,261,60,75,1,0,4,2,34.632,28.161,0.087,0.0,0.35,0.175,0.813,0.679,0.169,0.096,0.659,0.152,0.189,0.003,0.0,0.01,0.005,244,6,4,5,6,8,0,0,21.339,0.525,0.35,0.437,0.525,0.7,0.0,0.0,0.667,20,19,39,28,209,39,65,17,0,0,16,1.749,1.662,3.411,2.449,18.278,3.411,5.685,1.487,0.0,0.0,1.399,33,19,2.886,1.662,0.576,1,0,0.087,0.0,0.798,0.202
3963,Victor Moses,Nigeria,West Ham United,"Center Defensive Midfield, Center Forward, Left Center Midfield, Left Midfield, Left Wing, Right Back, Right Center Forward, Right Midfield, Right Wing",21,13,1025.6,1,1.838,21,4,5,2,4,16,1,0.088,0.161,1.843,0.351,0.439,0.176,0.19,0.048,0.088,-0.838,0.19,0.762,0.048,2,16,0.176,1.404,306,231,40,237,14,225,31,50,24,2,8,0,26.853,20.271,2.106,0.176,0.702,0.0,0.755,0.131,0.775,0.046,0.735,0.101,0.163,0.078,0.007,0.026,0.0,374,47,23,25,33,30,0,0,32.82,4.124,2.018,2.194,2.896,2.633,0.0,0.0,0.489,17,6,2,19,134,57,51,12,1,0,19,1.492,0.527,0.176,1.667,11.759,5.002,4.475,1.053,0.088,0.0,1.667,37,9,3.247,0.79,0.243,0,0,0.0,0.0,0.148,0.852
3529,Daniel Andre Sturridge,England,Liverpool,"Center Attacking Midfield, Center Forward, Left Center Forward, Right Center Forward",14,11,1022.3,8,5.125,48,23,11,3,33,9,6,0.704,0.451,4.226,2.025,0.968,0.264,0.479,0.167,0.107,2.875,0.688,0.188,0.125,1,6,0.088,0.528,327,250,257,57,5,252,41,34,12,2,7,5,28.788,22.009,1.056,0.176,0.616,0.44,0.765,0.786,0.174,0.015,0.771,0.125,0.104,0.037,0.006,0.021,0.015,368,37,20,14,27,27,0,0,32.398,3.257,1.761,1.233,2.377,2.377,0.0,0.0,0.541,5,4,4,9,99,30,30,3,2,0,1,0.44,0.352,0.352,0.792,8.716,2.641,2.641,0.264,0.176,0.0,0.088,36,7,3.169,0.616,0.194,0,0,0.0,0.0,0.815,0.185
9628,James Grant Chester,Wales,West Bromwich Albion,"Left Back, Left Center Back, Right Back, Right Center Back",13,9,1010.7,0,0.0,0,0,0,0,0,0,0,0.0,0.0,0.0,0.0,0.0,0.0,0.0,0.0,0.0,0.0,0.0,0.0,0.0,0,4,0.0,0.356,404,299,59,212,33,187,75,142,12,0,7,1,35.975,26.625,1.069,0.0,0.623,0.089,0.74,0.146,0.525,0.082,0.463,0.186,0.351,0.03,0.0,0.017,0.002,218,7,4,7,6,7,0,0,19.412,0.623,0.356,0.623,0.534,0.623,0.0,0.0,0.571,37,15,65,30,159,33,44,12,1,0,12,3.295,1.336,5.788,2.671,14.159,2.939,3.918,1.069,0.089,0.0,1.069,52,28,4.63,2.493,0.538,5,0,0.445,0.0,0.218,0.782
22281,Duncan Watmore,England,Sunderland,"Center Attacking Midfield, Center Defensive Midfield, Center Forward, Left Center Forward, Left Center Midfield, Left Midfield, Left Wing, Right Center Forward, Right Center Midfield, Right Midfield, Right Wing",23,7,999.4,3,1.995,17,9,3,4,7,7,3,0.27,0.18,1.531,0.81,0.27,0.36,0.529,0.176,0.117,1.005,0.412,0.412,0.176,1,10,0.09,0.901,174,113,29,133,5,117,37,20,12,4,0,2,15.669,10.176,1.081,0.36,0.0,0.18,0.649,0.167,0.764,0.029,0.672,0.213,0.115,0.069,0.023,0.0,0.011,273,40,22,18,38,40,0,1,24.585,3.602,1.981,1.621,3.422,3.602,0.0,0.09,0.55,7,4,7,18,156,67,50,9,1,0,8,0.63,0.36,0.63,1.621,14.048,6.034,4.503,0.81,0.09,0.0,0.72,40,8,3.602,0.72,0.2,0,0,0.0,0.0,0.205,0.795
3725,José Holebas,Greece,Watford,Left Back,11,11,984.9,0,0.558,13,2,3,0,9,2,2,0.0,0.051,1.188,0.183,0.274,0.0,0.154,0.0,0.043,-0.558,0.692,0.154,0.154,0,7,0.0,0.64,531,386,346,47,26,259,111,161,17,2,7,1,48.523,35.273,1.553,0.183,0.64,0.091,0.727,0.652,0.089,0.049,0.488,0.209,0.303,0.032,0.004,0.013,0.002,386,35,17,5,15,13,1,0,35.273,3.198,1.553,0.457,1.371,1.188,0.091,0.0,0.486,26,18,42,18,119,68,57,12,1,1,11,2.376,1.645,3.838,1.645,10.874,6.214,5.209,1.097,0.091,0.091,1.005,35,24,3.198,2.193,0.686,2,0,0.183,0.0,0.879,0.121
3525,Alex Oxlade-Chamberlain,England,Arsenal,"Center Attacking Midfield, Left Wing, Right Back, Right Defensive Midfield, Right Wing",22,9,984.0,1,1.476,23,5,5,1,3,20,0,0.091,0.135,2.104,0.457,0.457,0.091,0.217,0.043,0.064,-0.476,0.13,0.87,0.0,0,17,0.0,1.555,495,378,47,413,12,334,75,86,31,4,25,3,45.274,34.573,2.835,0.366,2.287,0.274,0.764,0.095,0.834,0.024,0.675,0.152,0.174,0.063,0.008,0.051,0.006,520,50,36,16,30,26,0,0,47.561,4.573,3.293,1.463,2.744,2.378,0.0,0.0,0.72,24,11,5,28,188,65,73,19,0,0,10,2.195,1.006,0.457,2.561,17.195,5.945,6.677,1.738,0.0,0.0,0.915,21,14,1.921,1.28,0.667,0,0,0.0,0.0,0.104,0.896
3278,Benik Afobe,"Congo, (Kinshasa)",AFC Bournemouth,"Center Attacking Midfield, Center Forward, Left Center Forward, Right Center Forward",15,12,957.9,4,1.949,14,5,5,1,1,8,5,0.376,0.183,1.315,0.47,0.47,0.094,0.357,0.286,0.139,2.051,0.071,0.571,0.357,0,11,0.0,1.034,224,189,39,156,9,160,41,23,2,0,2,1,21.046,17.758,0.188,0.0,0.188,0.094,0.844,0.174,0.696,0.04,0.714,0.183,0.103,0.009,0.0,0.009,0.004,231,20,8,11,18,35,0,0,21.704,1.879,0.752,1.034,1.691,3.288,0.0,0.0,0.4,6,3,9,12,197,26,48,3,1,0,16,0.564,0.282,0.846,1.127,18.509,2.443,4.51,0.282,0.094,0.0,1.503,68,18,6.389,1.691,0.265,0,0,0.0,0.0,0.196,0.804
18672,Mark Bunn,England,Aston Villa,Goalkeeper,10,10,941.1,0,0.0,0,0,0,0,0,0,0,0.0,0.0,0.0,0.0,0.0,0.0,0.0,0.0,0.0,0.0,0.0,0.0,0.0,0,0,0.0,0.0,270,131,5,201,0,40,8,222,0,0,5,0,25.821,12.528,0.0,0.0,0.478,0.0,0.485,0.019,0.744,0.0,0.148,0.03,0.822,0.0,0.0,0.019,0.0,80,0,0,0,0,0,2,0,7.651,0.0,0.0,0.0,0.0,0.0,0.191,0.0,0.0,0,1,0,1,2,49,0,1,1,0,1,0.0,0.096,0.0,0.096,0.191,4.686,0.0,0.096,0.096,0.0,0.096,0,0,0.0,0.0,0.0,2,0,0.191,0.0,0.024,0.976
5581,Joel Nathaniel Campbell Samuels,Costa Rica,Arsenal,"Center Attacking Midfield, Center Forward, Left Wing, Right Defensive Midfield, Right Wing",19,11,913.6,3,1.756,20,8,9,1,18,2,0,0.296,0.173,1.97,0.788,0.887,0.099,0.4,0.15,0.088,1.244,0.9,0.1,0.0,2,13,0.197,1.281,350,266,294,40,6,276,37,37,9,5,3,5,34.479,26.204,0.887,0.493,0.296,0.493,0.76,0.84,0.114,0.017,0.789,0.106,0.106,0.026,0.014,0.009,0.014,378,22,14,29,21,24,0,0,37.237,2.167,1.379,2.857,2.069,2.364,0.0,0.0,0.636,28,9,4,23,226,48,58,26,1,1,9,2.758,0.887,0.394,2.266,22.264,4.729,5.714,2.561,0.099,0.099,0.887,22,6,2.167,0.591,0.273,0,0,0.0,0.0,0.881,0.119
3267,Luis Antonio Valencia Mosquera,Ecuador,Manchester United,"Left Back, Left Center Back, Right Back",14,8,905.7,0,0.186,5,1,2,0,0,5,0,0.0,0.018,0.497,0.099,0.199,0.0,0.2,0.0,0.037,-0.186,0.0,1.0,0.0,3,8,0.298,0.795,709,605,10,581,13,482,128,99,28,4,8,1,70.454,60.119,2.782,0.397,0.795,0.099,0.853,0.014,0.819,0.018,0.68,0.181,0.14,0.039,0.006,0.011,0.001,530,26,22,8,8,10,0,0,52.666,2.584,2.186,0.795,0.795,0.994,0.0,0.0,0.846,28,12,20,18,145,54,57,11,0,2,19,2.782,1.192,1.987,1.789,14.409,5.366,5.664,1.093,0.0,0.199,1.888,31,17,3.08,1.689,0.548,1,0,0.099,0.0,0.017,0.983
4416,Max-Alain Gradel,Côte d'Ivoire,AFC Bournemouth,"Left Center Forward, Left Midfield, Right Midfield",14,11,905.6,1,1.504,18,6,9,1,3,14,1,0.099,0.149,1.789,0.596,0.894,0.099,0.333,0.056,0.084,-0.504,0.167,0.778,0.056,2,10,0.199,0.994,339,224,65,254,8,220,52,67,27,1,15,1,33.69,22.261,2.683,0.099,1.491,0.099,0.661,0.192,0.749,0.024,0.649,0.153,0.198,0.08,0.003,0.044,0.003,377,45,20,26,23,30,0,0,37.467,4.472,1.988,2.584,2.286,2.981,0.0,0.0,0.444,25,12,9,20,214,70,61,22,2,0,12,2.485,1.193,0.894,1.988,21.268,6.957,6.062,2.186,0.199,0.0,1.193,25,9,2.485,0.894,0.36,1,0,0.099,0.0,0.202,0.798
38412,Kolo Habib Touré,Côte d'Ivoire,Liverpool,"Center Attacking Midfield, Center Defensive Midfield, Left Center Back, Right Center Back, Right Midfield, Right Wing",14,9,894.0,1,0.291,4,2,1,0,0,2,2,0.101,0.029,0.403,0.201,0.101,0.0,0.5,0.25,0.073,0.709,0.0,0.5,0.5,0,1,0.0,0.101,457,384,63,366,20,357,33,67,1,0,5,0,46.007,38.658,0.101,0.0,0.503,0.0,0.84,0.138,0.801,0.044,0.781,0.072,0.147,0.002,0.0,0.011,0.0,335,5,4,3,0,2,0,0,33.725,0.503,0.403,0.302,0.0,0.201,0.0,0.0,0.8,21,24,67,14,79,39,36,7,0,0,3,2.114,2.416,6.745,1.409,7.953,3.926,3.624,0.705,0.0,0.0,0.302,40,19,4.027,1.913,0.475,1,0,0.101,0.0,0.146,0.854
40218,Sylvain Distin,France,AFC Bournemouth,"Goalkeeper, Left Center Back, Left Center Midfield, Right Midfield",12,9,892.6,0,0.168,2,0,1,0,1,0,1,0.0,0.017,0.202,0.0,0.101,0.0,0.0,0.0,0.084,-0.168,0.5,0.0,0.5,0,0,0.0,0.0,479,394,321,72,47,319,66,94,0,0,9,0,48.297,39.727,0.0,0.0,0.907,0.0,0.823,0.67,0.15,0.098,0.666,0.138,0.196,0.0,0.0,0.019,0.0,286,3,3,2,2,0,0,0,28.837,0.302,0.302,0.202,0.202,0.0,0.0,0.0,1.0,17,4,46,14,76,40,25,10,0,1,5,1.714,0.403,4.638,1.412,7.663,4.033,2.521,1.008,0.0,0.101,0.504,61,42,6.151,4.235,0.689,0,0,0.0,0.0,0.817,0.183
9461,Timm Klose,Switzerland,Norwich City,"Left Center Back, Right Center Back",10,10,889.5,1,0.475,4,1,1,1,2,0,2,0.101,0.048,0.405,0.101,0.101,0.101,0.25,0.25,0.119,0.525,0.5,0.0,0.5,0,0,0.0,0.0,283,188,81,137,39,121,41,121,0,0,12,2,28.634,19.022,0.0,0.0,1.214,0.202,0.664,0.286,0.484,0.138,0.428,0.145,0.428,0.0,0.0,0.042,0.007,149,1,1,6,1,1,0,0,15.076,0.101,0.101,0.607,0.101,0.101,0.0,0.0,1.0,18,26,86,25,79,20,37,8,0,0,7,1.821,2.631,8.702,2.53,7.993,2.024,3.744,0.809,0.0,0.0,0.708,81,54,8.196,5.464,0.667,3,0,0.304,0.0,0.377,0.623
9593,Lewis Grabban,England,"AFC Bournemouth, Norwich City","Center Attacking Midfield, Center Forward, Left Center Forward, Left Center Midfield, Left Midfield, Right Center Forward, Right Midfield",21,7,887.2,1,2.695,19,10,2,7,2,12,5,0.101,0.273,1.927,1.014,0.203,0.71,0.526,0.053,0.142,-1.695,0.105,0.632,0.263,0,7,0.0,0.71,327,274,21,281,5,264,42,21,9,3,3,0,33.172,27.795,0.913,0.304,0.304,0.0,0.838,0.064,0.859,0.015,0.807,0.128,0.064,0.028,0.009,0.009,0.0,335,25,13,5,32,27,0,1,33.983,2.536,1.319,0.507,3.246,2.739,0.0,0.101,0.52,8,4,2,13,219,35,68,11,1,0,12,0.812,0.406,0.203,1.319,22.216,3.55,6.898,1.116,0.101,0.0,1.217,38,11,3.855,1.116,0.289,2,0,0.203,0.0,0.073,0.927
4347,Jordan Amavi,France,Aston Villa,"Left Back, Left Wing Back",10,9,884.6,0,0.075,4,0,0,1,1,3,0,0.0,0.008,0.407,0.0,0.0,0.102,0.0,0.0,0.019,-0.075,0.25,0.75,0.0,2,8,0.203,0.814,529,398,272,112,19,257,135,137,34,1,15,0,53.821,40.493,3.459,0.102,1.526,0.0,0.752,0.514,0.212,0.036,0.486,0.255,0.259,0.064,0.002,0.028,0.0,394,49,18,14,16,12,1,0,40.086,4.985,1.831,1.424,1.628,1.221,0.102,0.0,0.367,40,14,39,22,154,60,49,19,1,7,18,4.07,1.424,3.968,2.238,15.668,6.104,4.985,1.933,0.102,0.712,1.831,44,27,4.477,2.747,0.614,2,0,0.203,0.0,0.704,0.296
9638,Jack Grealish,England,Aston Villa,"Center Attacking Midfield, Left Center Back, Left Center Midfield, Left Midfield, Left Wing, Right Center Forward, Right Wing, Right Wing Back",16,9,882.2,1,0.705,16,4,5,1,4,12,0,0.102,0.072,1.632,0.408,0.51,0.102,0.25,0.062,0.044,0.295,0.25,0.75,0.0,0,11,0.0,1.122,342,269,19,313,6,268,44,30,6,0,6,2,34.89,27.443,0.612,0.0,0.612,0.204,0.787,0.056,0.915,0.018,0.784,0.129,0.088,0.018,0.0,0.018,0.006,378,33,19,21,33,21,0,0,38.563,3.367,1.938,2.142,3.367,2.142,0.0,0.0,0.576,4,3,3,11,123,65,32,4,1,0,6,0.408,0.306,0.306,1.122,12.548,6.631,3.265,0.408,0.102,0.0,0.612,21,3,2.142,0.306,0.143,1,0,0.102,0.0,0.066,0.934
3318,Marcus Rashford,England,Manchester United,"Center Forward, Right Midfield",11,11,876.8,5,1.804,16,8,8,2,5,10,1,0.513,0.185,1.642,0.821,0.821,0.205,0.5,0.312,0.113,3.196,0.312,0.625,0.062,3,8,0.308,0.821,209,155,31,161,9,165,31,13,8,2,2,0,21.453,15.91,0.821,0.205,0.205,0.0,0.742,0.148,0.77,0.043,0.789,0.148,0.062,0.038,0.01,0.01,0.0,251,36,13,10,28,31,0,0,25.764,3.695,1.334,1.026,2.874,3.182,0.0,0.0,0.361,10,3,9,10,128,28,41,5,0,0,5,1.026,0.308,0.924,1.026,13.139,2.874,4.208,0.513,0.0,0.0,0.513,28,2,2.874,0.205,0.071,0,0,0.0,0.0,0.174,0.826
40127,Ryan Mason,England,Tottenham Hotspur,"Center Attacking Midfield, Left Center Midfield, Left Defensive Midfield, Left Wing, Right Center Midfield, Right Defensive Midfield, Right Wing",22,8,871.1,1,2.742,19,9,8,2,5,14,0,0.103,0.283,1.963,0.93,0.827,0.207,0.474,0.053,0.144,-1.742,0.263,0.737,0.0,0,12,0.0,1.24,543,453,76,432,19,389,64,90,11,0,26,4,56.101,46.803,1.136,0.0,2.686,0.413,0.834,0.14,0.796,0.035,0.716,0.118,0.166,0.02,0.0,0.048,0.007,449,15,9,11,8,8,0,0,46.39,1.55,0.93,1.136,0.827,0.827,0.0,0.0,0.6,27,4,9,23,168,46,61,18,1,0,9,2.79,0.413,0.93,2.376,17.357,4.753,6.302,1.86,0.103,0.0,0.93,28,17,2.893,1.756,0.607,3,0,0.31,0.0,0.154,0.846
15892,Jordon Mutch,England,Crystal Palace,"Center Attacking Midfield, Center Forward, Left Center Forward, Left Center Midfield, Left Defensive Midfield, Left Midfield, Right Center Midfield, Right Defensive Midfield",20,7,868.0,0,1.18,16,2,2,0,6,8,2,0.0,0.122,1.659,0.207,0.207,0.0,0.125,0.0,0.074,-1.18,0.375,0.5,0.125,0,7,0.0,0.726,357,253,46,266,24,206,59,92,21,0,19,3,37.016,26.233,2.177,0.0,1.97,0.311,0.709,0.129,0.745,0.067,0.577,0.165,0.258,0.059,0.0,0.053,0.008,286,16,12,11,16,24,0,0,29.654,1.659,1.244,1.141,1.659,2.488,0.0,0.0,0.75,24,11,8,10,207,47,58,10,2,0,12,2.488,1.141,0.829,1.037,21.463,4.873,6.014,1.037,0.207,0.0,1.244,48,17,4.977,1.763,0.354,0,0,0.0,0.0,0.16,0.84
3092,Dwight Gayle,England,Crystal Palace,"Center Attacking Midfield, Center Forward, Left Center Forward, Left Center Midfield, Left Wing, Right Center Forward, Right Center Midfield, Right Midfield, Right Wing",16,8,866.1,3,3.105,22,9,15,1,3,17,2,0.312,0.323,2.286,0.935,1.559,0.104,0.409,0.136,0.141,-0.105,0.136,0.773,0.091,0,7,0.0,0.727,154,104,19,88,12,71,43,40,7,0,4,0,16.003,10.807,0.727,0.0,0.416,0.0,0.675,0.123,0.571,0.078,0.461,0.279,0.26,0.045,0.0,0.026,0.0,151,7,3,35,14,30,0,0,15.691,0.727,0.312,3.637,1.455,3.117,0.0,0.0,0.429,11,3,6,6,158,34,55,5,0,0,19,1.143,0.312,0.623,0.623,16.418,3.533,5.715,0.52,0.0,0.0,1.974,89,30,9.248,3.117,0.337,3,1,0.312,0.104,0.173,0.827
9536,Modou Barrow,Gambia,Swansea City,"Center Attacking Midfield, Center Defensive Midfield, Center Forward, Left Attacking Midfield, Left Center Forward, Left Defensive Midfield, Left Wing, Right Center Midfield, Right Midfield, Right Wing",22,6,862.4,1,0.64,12,4,2,0,12,0,0,0.104,0.067,1.252,0.417,0.209,0.0,0.333,0.083,0.053,0.36,1.0,0.0,0.0,3,15,0.313,1.565,235,172,192,28,5,167,30,38,25,8,2,0,24.525,17.95,2.609,0.835,0.209,0.0,0.732,0.817,0.119,0.021,0.711,0.128,0.162,0.106,0.034,0.009,0.0,316,51,30,27,32,21,0,1,32.978,5.322,3.131,2.818,3.34,2.192,0.0,0.104,0.588,19,8,5,30,199,41,53,11,1,0,3,1.983,0.835,0.522,3.131,20.768,4.279,5.531,1.148,0.104,0.0,0.313,35,8,3.653,0.835,0.229,0,0,0.0,0.0,0.879,0.121
3085,Glenn Murray,England,"AFC Bournemouth, Crystal Palace","Center Attacking Midfield, Center Forward, Left Center Midfield, Right Center Forward, Right Midfield",21,8,862.3,3,4.634,27,13,4,4,4,12,11,0.313,0.484,2.818,1.357,0.417,0.417,0.481,0.111,0.172,-1.634,0.148,0.444,0.407,0,6,0.0,0.626,202,134,15,126,16,108,52,42,5,2,1,0,21.083,13.986,0.522,0.209,0.104,0.0,0.663,0.074,0.624,0.079,0.535,0.257,0.208,0.025,0.01,0.005,0.0,186,16,8,21,22,35,0,1,19.413,1.67,0.835,2.192,2.296,3.653,0.0,0.104,0.5,11,0,10,14,181,17,43,7,1,0,26,1.148,0.0,1.044,1.461,18.891,1.774,4.488,0.731,0.104,0.0,2.714,81,37,8.454,3.862,0.457,2,0,0.209,0.0,0.121,0.879
4808,Andre Wisdom,England,Norwich City,"Center Attacking Midfield, Right Back",10,9,861.6,0,0.117,2,1,0,0,1,0,1,0.0,0.012,0.209,0.104,0.0,0.0,0.5,0.0,0.058,-0.117,0.5,0.0,0.5,0,5,0.0,0.522,447,319,36,264,19,229,98,120,14,3,4,0,46.692,33.322,1.462,0.313,0.418,0.0,0.714,0.081,0.591,0.043,0.512,0.219,0.268,0.031,0.007,0.009,0.0,260,7,5,5,10,6,0,0,27.159,0.731,0.522,0.522,1.045,0.627,0.0,0.0,0.714,21,10,19,17,60,44,31,7,0,3,3,2.194,1.045,1.985,1.776,6.267,4.596,3.238,0.731,0.0,0.313,0.313,23,13,2.403,1.358,0.565,1,0,0.104,0.0,0.123,0.877
3643,Phil Bardsley,Scotland,Stoke City,"Right Back, Right Center Back",11,9,857.5,0,0.098,7,2,0,0,0,7,0,0.0,0.01,0.735,0.21,0.0,0.0,0.286,0.0,0.014,-0.098,0.0,1.0,0.0,1,3,0.105,0.315,382,289,26,253,21,187,72,123,16,0,8,1,40.093,30.332,1.679,0.0,0.84,0.105,0.757,0.068,0.662,0.055,0.49,0.188,0.322,0.042,0.0,0.021,0.003,236,4,2,16,5,6,0,0,24.77,0.42,0.21,1.679,0.525,0.63,0.0,0.0,0.5,27,14,41,19,124,24,57,9,1,1,13,2.834,1.469,4.303,1.994,13.015,2.519,5.983,0.945,0.105,0.105,1.364,24,15,2.519,1.574,0.625,1,0,0.105,0.0,0.091,0.909
10499,Ivo Daniel Ferreira Mendonca Pinto,Portugal,Norwich City,"Left Midfield, Right Back, Right Center Back, Right Wing Back",10,9,854.4,0,0.0,0,0,0,0,0,0,0,0.0,0.0,0.0,0.0,0.0,0.0,0.0,0.0,0.0,0.0,0.0,0.0,0.0,0,2,0.0,0.211,486,353,13,293,37,198,139,149,24,2,9,0,51.194,37.184,2.528,0.211,0.948,0.0,0.726,0.027,0.603,0.076,0.407,0.286,0.307,0.049,0.004,0.019,0.0,279,19,11,6,12,16,0,0,29.389,2.001,1.159,0.632,1.264,1.685,0.0,0.0,0.579,18,17,26,17,146,49,57,7,1,3,10,1.896,1.791,2.739,1.791,15.379,5.162,6.004,0.737,0.105,0.316,1.053,26,10,2.739,1.053,0.385,0,0,0.0,0.0,0.042,0.958
3611,Kevin Wimmer,Austria,Tottenham Hotspur,Left Center Back,10,9,851.5,0,0.096,1,0,1,0,0,1,0,0.0,0.01,0.106,0.0,0.106,0.0,0.0,0.0,0.096,-0.096,0.0,1.0,0.0,0,1,0.0,0.106,543,487,453,51,26,414,48,81,0,0,22,0,57.393,51.474,0.0,0.0,2.325,0.0,0.897,0.834,0.094,0.048,0.762,0.088,0.149,0.0,0.0,0.041,0.0,383,0,0,3,3,0,0,0,40.482,0.0,0.0,0.317,0.317,0.0,0.0,0.0,0.0,8,18,43,15,51,22,30,3,0,0,11,0.846,1.903,4.545,1.585,5.39,2.325,3.171,0.317,0.0,0.0,1.163,38,25,4.016,2.642,0.658,2,0,0.211,0.0,0.897,0.103
3649,Karl Darlow,England,Newcastle United,Goalkeeper,9,9,849.2,0,0.0,0,0,0,0,0,0,0,0.0,0.0,0.0,0.0,0.0,0.0,0.0,0.0,0.0,0.0,0.0,0.0,0.0,0,0,0.0,0.0,246,119,7,187,0,41,12,193,0,0,5,0,26.072,12.612,0.0,0.0,0.53,0.0,0.484,0.028,0.76,0.0,0.167,0.049,0.785,0.0,0.0,0.02,0.0,93,0,0,1,0,1,0,0,9.856,0.0,0.0,0.106,0.0,0.106,0.0,0.0,0.0,1,0,0,0,2,38,1,0,0,0,0,0.106,0.0,0.0,0.0,0.212,4.027,0.106,0.0,0.0,0.0,0.0,0,0,0.0,0.0,0.0,0,0,0.0,0.0,0.036,0.964
3722,Steven Taylor,England,Newcastle United,"Right Center Back, Right Wing",10,9,846.4,0,0.064,1,0,0,0,0,1,0,0.0,0.007,0.106,0.0,0.0,0.0,0.0,0.0,0.064,-0.064,0.0,1.0,0.0,0,1,0.0,0.106,316,273,18,270,19,243,28,45,0,0,4,1,33.601,29.029,0.0,0.0,0.425,0.106,0.864,0.057,0.854,0.06,0.769,0.089,0.142,0.0,0.0,0.013,0.003,246,2,1,4,0,2,1,0,26.158,0.213,0.106,0.425,0.0,0.213,0.106,0.0,0.5,3,11,55,22,31,26,20,3,0,0,3,0.319,1.17,5.848,2.339,3.296,2.765,2.127,0.319,0.0,0.0,0.319,20,12,2.127,1.276,0.6,1,0,0.106,0.0,0.062,0.938
3708,Kelechi Promise Iheanacho,Nigeria,Manchester City,"Center Attacking Midfield, Center Forward, Left Back, Left Center Forward, Left Defensive Midfield, Left Midfield, Left Wing, Left Wing Back, Right Center Forward, Right Defensive Midfield, Right Wing",26,7,841.4,8,5.052,29,12,6,0,26,1,1,0.856,0.54,3.102,1.284,0.642,0.0,0.414,0.276,0.174,2.948,0.897,0.034,0.034,1,13,0.107,1.391,349,268,287,29,13,256,50,43,10,2,3,1,37.331,28.667,1.07,0.214,0.321,0.107,0.768,0.822,0.083,0.037,0.734,0.143,0.123,0.029,0.006,0.009,0.003,336,17,15,6,30,43,0,0,35.94,1.818,1.604,0.642,3.209,4.599,0.0,0.0,0.882,16,4,6,10,162,46,59,10,0,0,20,1.711,0.428,0.642,1.07,17.328,4.92,6.311,1.07,0.0,0.0,2.139,64,19,6.846,2.032,0.297,1,0,0.107,0.0,0.913,0.087
36983,Juan Carlos Paredes Reasco,Ecuador,Watford,"Left Midfield, Right Back, Right Center Midfield, Right Midfield, Right Wing",17,7,824.3,0,0.128,5,1,1,0,0,5,0,0.0,0.014,0.546,0.109,0.109,0.0,0.2,0.0,0.026,-0.128,0.0,1.0,0.0,0,3,0.0,0.328,380,256,11,270,9,162,100,118,23,1,8,0,41.49,27.951,2.511,0.109,0.873,0.0,0.674,0.029,0.711,0.024,0.426,0.263,0.311,0.061,0.003,0.021,0.0,265,14,7,9,15,10,0,0,28.934,1.529,0.764,0.983,1.638,1.092,0.0,0.0,0.5,14,8,25,19,145,54,41,17,1,5,10,1.529,0.873,2.73,2.074,15.832,5.896,4.477,1.856,0.109,0.546,1.092,14,5,1.529,0.546,0.357,1,0,0.109,0.0,0.038,0.962
3568,Mohamed Naser Elsayed Elneny,Egypt,Arsenal,"Left Defensive Midfield, Right Defensive Midfield, Right Wing",11,9,821.3,0,0.975,13,2,4,1,1,12,0,0.0,0.107,1.425,0.219,0.438,0.11,0.154,0.0,0.075,-0.975,0.077,0.923,0.0,1,3,0.11,0.329,744,685,47,657,34,613,55,76,3,0,14,1,81.529,75.064,0.329,0.0,1.534,0.11,0.921,0.063,0.883,0.046,0.824,0.074,0.102,0.004,0.0,0.019,0.001,619,8,4,13,5,10,0,0,67.831,0.877,0.438,1.425,0.548,1.096,0.0,0.0,0.5,9,15,22,15,167,47,57,10,2,1,10,0.986,1.644,2.411,1.644,18.3,5.15,6.246,1.096,0.219,0.11,1.096,14,4,1.534,0.438,0.286,3,0,0.329,0.0,0.067,0.933
27853,Mauro Matías Zárate,Argentina,West Ham United,"Center Attacking Midfield, Left Midfield, Left Wing, Right Center Midfield, Right Defensive Midfield, Right Midfield, Right Wing",15,9,819.7,4,1.935,30,14,9,0,6,23,1,0.439,0.212,3.294,1.537,0.988,0.0,0.467,0.133,0.064,2.065,0.2,0.767,0.033,0,17,0.0,1.867,336,249,36,273,7,202,54,80,22,1,19,0,36.892,27.339,2.416,0.11,2.086,0.0,0.741,0.107,0.812,0.021,0.601,0.161,0.238,0.065,0.003,0.057,0.0,342,47,26,23,31,19,0,0,37.55,5.16,2.855,2.525,3.404,2.086,0.0,0.0,0.553,20,1,6,14,140,56,58,21,1,0,15,2.196,0.11,0.659,1.537,15.371,6.149,6.368,2.306,0.11,0.0,1.647,16,3,1.757,0.329,0.188,1,0,0.11,0.0,0.124,0.876
13248,Eunan O''Kane,Ireland,AFC Bournemouth,"Center Attacking Midfield, Left Center Midfield, Right Center Midfield, Right Defensive Midfield",16,6,812.4,0,0.602,8,2,3,1,1,7,0,0.0,0.067,0.886,0.222,0.332,0.111,0.25,0.0,0.075,-0.602,0.125,0.875,0.0,1,5,0.111,0.554,383,296,51,308,15,260,70,53,2,1,15,1,42.43,32.792,0.222,0.111,1.662,0.111,0.773,0.133,0.804,0.039,0.679,0.183,0.138,0.005,0.003,0.039,0.003,306,15,10,13,10,11,0,0,33.9,1.662,1.108,1.44,1.108,1.219,0.0,0.0,0.667,7,7,11,13,132,30,48,10,1,0,8,0.775,0.775,1.219,1.44,14.623,3.323,5.318,1.108,0.111,0.0,0.886,15,4,1.662,0.443,0.267,2,0,0.222,0.0,0.142,0.858
3616,Callum Wilson,England,AFC Bournemouth,"Center Forward, Left Center Forward, Right Center Forward, Right Midfield",13,9,810.9,5,3.285,18,6,4,2,4,13,1,0.555,0.365,1.998,0.666,0.444,0.222,0.333,0.278,0.182,1.715,0.222,0.722,0.056,0,8,0.0,0.888,143,104,10,115,2,103,27,13,4,3,0,1,15.871,11.543,0.444,0.333,0.0,0.111,0.727,0.07,0.804,0.014,0.72,0.189,0.091,0.028,0.021,0.0,0.007,200,33,11,18,26,27,0,1,22.198,3.663,1.221,1.998,2.886,2.997,0.0,0.111,0.333,6,2,1,14,146,32,37,2,1,0,12,0.666,0.222,0.111,1.554,16.204,3.552,4.107,0.222,0.111,0.0,1.332,40,9,4.44,0.999,0.225,0,0,0.0,0.0,0.099,0.901
23488,Mario Suárez Mata,Spain,Watford,"Left Center Midfield, Left Defensive Midfield, Right Center Midfield, Right Defensive Midfield, Right Midfield",15,8,796.8,0,0.42,9,1,4,0,3,5,1,0.0,0.047,1.017,0.113,0.452,0.0,0.111,0.0,0.047,-0.42,0.333,0.556,0.111,0,6,0.0,0.678,427,340,38,341,36,301,52,74,2,0,10,4,48.23,38.404,0.226,0.0,1.13,0.452,0.796,0.089,0.799,0.084,0.705,0.122,0.173,0.005,0.0,0.023,0.009,316,11,8,5,12,7,2,0,35.693,1.242,0.904,0.565,1.355,0.791,0.226,0.0,0.727,12,20,21,17,137,55,70,19,1,0,17,1.355,2.259,2.372,1.92,15.474,6.212,7.907,2.146,0.113,0.0,1.92,31,16,3.502,1.807,0.516,2,0,0.226,0.0,0.106,0.894
8251,Marco van Ginkel,Netherlands,Stoke City,"Center Attacking Midfield, Left Center Midfield, Left Defensive Midfield, Left Wing, Right Center Midfield, Right Defensive Midfield, Right Midfield",17,8,796.6,0,0.52,10,1,5,0,5,4,1,0.0,0.059,1.13,0.113,0.565,0.0,0.1,0.0,0.052,-0.52,0.5,0.4,0.1,0,5,0.0,0.565,387,308,50,301,19,270,48,69,5,0,11,4,43.723,34.798,0.565,0.0,1.243,0.452,0.796,0.129,0.778,0.049,0.698,0.124,0.178,0.013,0.0,0.028,0.01,276,9,5,11,7,14,0,0,31.183,1.017,0.565,1.243,0.791,1.582,0.0,0.0,0.556,28,13,24,18,218,38,68,24,1,0,19,3.163,1.469,2.712,2.034,24.63,4.293,7.683,2.712,0.113,0.0,2.147,31,15,3.502,1.695,0.484,0,0,0.0,0.0,0.153,0.847
4597,Fabian Delph,England,Manchester City,"Center Attacking Midfield, Left Center Midfield, Left Defensive Midfield, Left Midfield, Left Wing, Right Center Midfield, Right Wing",17,8,790.3,2,0.33,13,5,3,0,8,5,0,0.228,0.038,1.48,0.569,0.342,0.0,0.385,0.154,0.025,1.67,0.615,0.385,0.0,0,3,0.0,0.342,471,399,259,192,10,398,33,40,3,0,6,1,53.638,45.438,0.342,0.0,0.683,0.114,0.847,0.55,0.408,0.021,0.845,0.07,0.085,0.006,0.0,0.013,0.002,455,33,24,15,16,15,0,0,51.816,3.758,2.733,1.708,1.822,1.708,0.0,0.0,0.727,26,22,18,19,161,59,63,23,1,1,10,2.961,2.505,2.05,2.164,18.335,6.719,7.174,2.619,0.114,0.114,1.139,16,8,1.822,0.911,0.5,0,0,0.0,0.0,0.575,0.425
10931,Joe Allen,Wales,Liverpool,"Center Attacking Midfield, Center Defensive Midfield, Left Center Back, Left Center Forward, Left Center Midfield, Left Defensive Midfield, Left Midfield, Left Wing, Right Center Midfield, Right Defensive Midfield, Right Wing, Right Wing Back",19,8,788.0,2,2.123,12,4,4,0,1,8,3,0.228,0.242,1.371,0.457,0.457,0.0,0.333,0.167,0.177,-0.123,0.083,0.667,0.25,1,13,0.114,1.485,413,347,68,311,22,320,48,45,9,0,7,3,47.17,39.632,1.028,0.0,0.799,0.343,0.84,0.165,0.753,0.053,0.775,0.116,0.109,0.022,0.0,0.017,0.007,337,16,9,24,15,11,0,0,38.49,1.827,1.028,2.741,1.713,1.256,0.0,0.0,0.562,26,19,10,14,213,61,81,19,3,0,14,2.97,2.17,1.142,1.599,24.327,6.967,9.251,2.17,0.343,0.0,1.599,32,7,3.655,0.799,0.219,0,0,0.0,0.0,0.178,0.822
4045,Leroy Fer,Netherlands,Swansea City,"Center Attacking Midfield, Center Defensive Midfield, Left Center Midfield, Left Defensive Midfield, Right Center Midfield",11,9,784.3,0,0.261,5,1,1,0,2,1,2,0.0,0.03,0.574,0.115,0.115,0.0,0.2,0.0,0.052,-0.261,0.4,0.2,0.4,2,8,0.23,0.918,435,369,133,273,12,321,64,50,0,0,14,1,49.917,42.343,0.0,0.0,1.607,0.115,0.848,0.306,0.628,0.028,0.738,0.147,0.115,0.0,0.0,0.032,0.002,379,19,12,18,14,7,0,0,43.491,2.18,1.377,2.066,1.607,0.803,0.0,0.0,0.632,25,19,20,14,165,46,75,13,0,1,21,2.869,2.18,2.295,1.607,18.934,5.279,8.606,1.492,0.0,0.115,2.41,40,25,4.59,2.869,0.625,2,0,0.23,0.0,0.33,0.67
42701,Kieran Richardson,England,Aston Villa,"Center Attacking Midfield, Left Back, Left Midfield, Left Wing",11,8,768.5,0,0.154,7,2,2,0,6,1,0,0.0,0.018,0.82,0.234,0.234,0.0,0.286,0.0,0.022,-0.154,0.857,0.143,0.0,2,5,0.234,0.586,347,260,187,64,20,163,67,117,16,0,5,1,40.638,30.449,1.874,0.0,0.586,0.117,0.749,0.539,0.184,0.058,0.47,0.193,0.337,0.046,0.0,0.014,0.003,219,12,8,3,13,12,0,0,25.647,1.405,0.937,0.351,1.522,1.405,0.0,0.0,0.667,19,9,20,12,127,34,42,5,0,1,18,2.225,1.054,2.342,1.405,14.873,3.982,4.919,0.586,0.0,0.117,2.108,24,11,2.811,1.288,0.458,4,0,0.468,0.0,0.748,0.252
9467,Timothy Michael Krul,Netherlands,Newcastle United,Goalkeeper,8,8,755.5,0,0.0,0,0,0,0,0,0,0,0.0,0.0,0.0,0.0,0.0,0.0,0.0,0.0,0.0,0.0,0.0,0.0,0.0,0,0,0.0,0.0,281,165,182,55,1,83,15,183,0,0,15,1,33.475,19.656,0.0,0.0,1.787,0.119,0.587,0.648,0.196,0.004,0.295,0.053,0.651,0.0,0.0,0.053,0.004,116,0,0,1,0,0,0,0,13.819,0.0,0.0,0.119,0.0,0.0,0.0,0.0,0.0,0,0,1,1,5,36,0,2,0,0,0,0.0,0.0,0.119,0.119,0.596,4.289,0.0,0.238,0.0,0.0,0.0,0,0,0.0,0.0,0.0,0,0,0.0,0.0,0.768,0.232
11124,Steven Whittaker,Scotland,Norwich City,"Center Attacking Midfield, Right Back",8,8,752.3,1,0.401,8,3,2,0,4,4,0,0.12,0.048,0.957,0.359,0.239,0.0,0.375,0.125,0.05,0.599,0.5,0.5,0.0,0,3,0.0,0.359,409,294,59,244,15,196,108,105,11,0,7,1,48.93,35.172,1.316,0.0,0.837,0.12,0.719,0.144,0.597,0.037,0.479,0.264,0.257,0.027,0.0,0.017,0.002,261,11,6,3,6,5,1,0,31.224,1.316,0.718,0.359,0.718,0.598,0.12,0.0,0.545,19,1,26,26,95,33,54,12,0,0,10,2.273,0.12,3.11,3.11,11.365,3.948,6.46,1.436,0.0,0.0,1.196,16,6,1.914,0.718,0.375,3,1,0.359,0.12,0.203,0.797
10779,Cameron Borthwick-Jackson,England,Manchester United,"Left Back, Left Wing Back, Right Back",10,6,732.8,0,0.019,1,1,0,0,1,0,0,0.0,0.002,0.123,0.123,0.0,0.0,1.0,0.0,0.019,-0.019,1.0,0.0,0.0,1,7,0.123,0.86,484,378,345,17,19,285,100,99,20,1,13,0,59.443,46.425,2.456,0.123,1.597,0.0,0.781,0.713,0.035,0.039,0.589,0.207,0.205,0.041,0.002,0.027,0.0,318,7,5,3,7,8,2,0,39.056,0.86,0.614,0.368,0.86,0.983,0.246,0.0,0.714,11,15,14,18,107,30,50,5,0,1,9,1.351,1.842,1.719,2.211,13.141,3.684,6.141,0.614,0.0,0.123,1.105,40,11,4.913,1.351,0.275,0,0,0.0,0.0,0.953,0.047
4747,Divock Okoth Origi,Belgium,Liverpool,"Center Attacking Midfield, Center Forward, Left Center Back, Left Center Forward, Left Wing, Right Center Back, Right Center Forward, Right Midfield, Right Wing",16,7,716.3,5,2.307,24,12,5,3,3,17,4,0.628,0.29,3.015,1.508,0.628,0.377,0.5,0.208,0.096,2.693,0.125,0.708,0.167,1,10,0.126,1.256,173,120,29,125,9,125,28,20,16,6,1,1,21.737,15.077,2.01,0.754,0.126,0.126,0.694,0.168,0.723,0.052,0.723,0.162,0.116,0.092,0.035,0.006,0.006,226,17,12,17,31,26,0,1,28.396,2.136,1.508,2.136,3.895,3.267,0.0,0.126,0.706,5,0,3,8,143,32,43,3,1,1,11,0.628,0.0,0.377,1.005,17.967,4.021,5.403,0.377,0.126,0.126,1.382,51,7,6.408,0.88,0.137,0,0,0.0,0.0,0.184,0.816
40124,Rickie Lambert,England,West Bromwich Albion,"Center Attacking Midfield, Center Defensive Midfield, Center Forward, Left Back, Left Center Forward, Left Midfield, Right Center Forward, Right Midfield, Right Wing",19,5,698.2,1,1.678,14,5,1,1,1,11,2,0.129,0.216,1.805,0.645,0.129,0.129,0.357,0.071,0.12,-0.678,0.071,0.786,0.143,1,9,0.129,1.16,277,190,12,185,26,119,90,68,5,0,4,2,35.706,24.492,0.645,0.0,0.516,0.258,0.686,0.043,0.668,0.094,0.43,0.325,0.245,0.018,0.0,0.014,0.007,197,5,3,10,13,25,0,0,25.394,0.645,0.387,1.289,1.676,3.223,0.0,0.0,0.6,1,1,5,3,89,23,26,4,1,0,7,0.129,0.129,0.645,0.387,11.472,2.965,3.351,0.516,0.129,0.0,0.902,113,49,14.566,6.316,0.434,2,0,0.258,0.0,0.062,0.938
28782,Ritchie De Laet,Belgium,Leicester City,"Left Midfield, Right Back, Right Center Forward, Right Midfield",12,7,694.8,1,0.122,2,1,0,0,0,2,0,0.13,0.016,0.259,0.13,0.0,0.0,0.5,0.5,0.061,0.878,0.0,1.0,0.0,0,4,0.0,0.518,332,212,25,181,25,118,63,151,12,0,5,0,43.005,27.461,1.554,0.0,0.648,0.0,0.639,0.075,0.545,0.075,0.355,0.19,0.455,0.036,0.0,0.015,0.0,159,11,3,5,3,3,0,0,20.596,1.425,0.389,0.648,0.389,0.389,0.0,0.0,0.273,30,7,24,33,110,29,28,12,2,0,7,3.886,0.907,3.109,4.275,14.249,3.756,3.627,1.554,0.259,0.0,0.907,33,15,4.275,1.943,0.455,1,0,0.13,0.0,0.12,0.88
27053,Alexandre Dimitri Song-Billong,Cameroon,West Ham United,"Center Attacking Midfield, Center Defensive Midfield, Left Back, Left Center Midfield, Left Defensive Midfield, Right Midfield",12,8,688.0,0,0.215,6,0,2,0,0,6,0,0.0,0.028,0.785,0.0,0.262,0.0,0.0,0.0,0.036,-0.215,0.0,1.0,0.0,0,8,0.0,1.047,463,386,55,369,20,348,56,59,3,0,9,2,60.567,50.494,0.392,0.0,1.177,0.262,0.834,0.119,0.797,0.043,0.752,0.121,0.127,0.006,0.0,0.019,0.004,392,14,10,11,12,6,0,0,51.279,1.831,1.308,1.439,1.57,0.785,0.0,0.0,0.714,38,4,6,9,200,83,75,25,1,0,19,4.971,0.523,0.785,1.177,26.163,10.858,9.811,3.27,0.131,0.0,2.485,16,9,2.093,1.177,0.562,1,0,0.131,0.0,0.128,0.872
6950,Alberto Paloschi,Italy,Swansea City,"Center Forward, Left Center Forward, Left Center Midfield, Right Center Forward",10,7,684.1,2,2.843,15,6,8,2,3,11,1,0.263,0.374,1.973,0.789,1.052,0.263,0.4,0.133,0.19,-0.843,0.2,0.733,0.067,0,5,0.0,0.658,202,145,24,151,15,114,52,36,5,4,5,1,26.575,19.076,0.658,0.526,0.658,0.132,0.718,0.119,0.748,0.074,0.564,0.257,0.178,0.025,0.02,0.025,0.005,169,9,1,8,16,17,0,0,22.234,1.184,0.132,1.052,2.105,2.237,0.0,0.0,0.111,6,4,4,12,124,20,62,9,0,0,17,0.789,0.526,0.526,1.579,16.313,2.631,8.157,1.184,0.0,0.0,2.237,36,10,4.736,1.316,0.278,2,0,0.263,0.0,0.143,0.857
4417,Ola Toivonen,Sweden,Sunderland,"Center Attacking Midfield, Center Defensive Midfield, Left Center Midfield, Left Defensive Midfield, Left Wing, Right Center Midfield, Right Defensive Midfield",12,9,681.5,0,0.408,7,2,1,0,0,4,3,0.0,0.054,0.924,0.264,0.132,0.0,0.286,0.0,0.058,-0.408,0.0,0.571,0.429,2,8,0.264,1.056,261,188,17,178,35,126,80,55,2,0,4,0,34.468,24.828,0.264,0.0,0.528,0.0,0.72,0.065,0.682,0.134,0.483,0.307,0.211,0.008,0.0,0.015,0.0,131,3,1,10,1,3,0,0,17.3,0.396,0.132,1.321,0.132,0.396,0.0,0.0,0.333,13,0,9,10,114,24,46,12,0,0,13,1.717,0.0,1.189,1.321,15.055,3.169,6.075,1.585,0.0,0.0,1.717,68,31,8.98,4.094,0.456,1,0,0.132,0.0,0.085,0.915
3619,Alex McCarthy,England,Crystal Palace,Goalkeeper,7,7,663.5,0,0.0,0,0,0,0,0,0,0,0.0,0.0,0.0,0.0,0.0,0.0,0.0,0.0,0.0,0.0,0.0,0.0,0.0,0,0,0.0,0.0,220,98,11,172,0,30,8,182,0,0,7,0,29.842,13.293,0.0,0.0,0.95,0.0,0.445,0.05,0.782,0.0,0.136,0.036,0.827,0.0,0.0,0.032,0.0,86,0,0,1,0,0,1,0,11.665,0.0,0.0,0.136,0.0,0.0,0.136,0.0,0.0,0,0,2,0,1,28,0,1,0,0,0,0.0,0.0,0.271,0.0,0.136,3.798,0.0,0.136,0.0,0.0,0.0,0,0,0.0,0.0,0.0,0,0,0.0,0.0,0.06,0.94
43695,Brede Hangeland,Norway,Crystal Palace,"Left Center Back, Right Center Back",7,7,662.5,0,0.692,5,3,0,1,0,1,4,0.0,0.094,0.679,0.408,0.0,0.136,0.6,0.0,0.138,-0.692,0.0,0.2,0.8,0,0,0.0,0.0,265,217,33,174,22,162,40,63,0,0,3,1,36.0,29.479,0.0,0.0,0.408,0.136,0.819,0.125,0.657,0.083,0.611,0.151,0.238,0.0,0.0,0.011,0.004,154,3,3,3,2,0,0,0,20.921,0.408,0.408,0.408,0.272,0.0,0.0,0.0,1.0,10,4,46,7,43,20,22,7,0,0,13,1.358,0.543,6.249,0.951,5.842,2.717,2.989,0.951,0.0,0.0,1.766,66,50,8.966,6.792,0.758,2,0,0.272,0.0,0.159,0.841
26699,Emmanuel Adebayor,Togo,Crystal Palace,"Center Forward, Left Center Forward, Left Wing, Right Center Forward, Right Wing",12,7,650.7,1,2.14,12,4,3,1,0,6,6,0.138,0.296,1.66,0.553,0.415,0.138,0.333,0.083,0.178,-1.14,0.0,0.5,0.5,1,8,0.138,1.107,240,181,15,180,16,160,53,27,3,2,5,0,33.195,25.035,0.415,0.277,0.692,0.0,0.754,0.062,0.75,0.067,0.667,0.221,0.112,0.012,0.008,0.021,0.0,211,14,6,6,22,22,0,0,29.184,1.936,0.83,0.83,3.043,3.043,0.0,0.0,0.429,0,4,5,7,121,25,43,1,0,0,13,0.0,0.553,0.692,0.968,16.736,3.458,5.947,0.138,0.0,0.0,1.798,76,28,10.512,3.873,0.368,1,0,0.138,0.0,0.075,0.925
3647,Alex Iwobi,Nigeria,Arsenal,"Center Attacking Midfield, Center Forward, Left Defensive Midfield, Left Wing, Right Wing",13,8,645.8,2,1.724,15,6,5,0,2,12,1,0.279,0.24,2.09,0.836,0.697,0.0,0.4,0.133,0.115,0.276,0.133,0.8,0.067,2,12,0.279,1.672,376,315,37,327,4,308,40,28,8,3,4,4,52.4,43.899,1.115,0.418,0.557,0.557,0.838,0.098,0.87,0.011,0.819,0.106,0.074,0.021,0.008,0.011,0.011,389,19,12,5,17,20,0,0,54.212,2.648,1.672,0.697,2.369,2.787,0.0,0.0,0.632,10,10,2,11,101,27,38,4,2,0,2,1.394,1.394,0.279,1.533,14.076,3.763,5.296,0.557,0.279,0.0,0.279,10,2,1.394,0.279,0.2,0,0,0.0,0.0,0.103,0.897
28100,Ramires Santos do Nascimento,Brazil,Chelsea,"Center Attacking Midfield, Left Wing Back, Right Back, Right Center Midfield, Right Defensive Midfield, Right Wing, Right Wing Back",12,7,644.7,2,0.79,10,4,4,0,2,6,2,0.279,0.11,1.396,0.558,0.558,0.0,0.4,0.2,0.079,1.21,0.2,0.6,0.2,0,1,0.0,0.14,332,261,54,250,16,224,58,50,4,1,10,1,46.347,36.436,0.558,0.14,1.396,0.14,0.786,0.163,0.753,0.048,0.675,0.175,0.151,0.012,0.003,0.03,0.003,273,15,7,19,14,7,0,1,38.111,2.094,0.977,2.652,1.954,0.977,0.0,0.14,0.467,22,3,9,19,151,40,72,13,0,0,23,3.071,0.419,1.256,2.652,21.08,5.584,10.051,1.815,0.0,0.0,3.211,28,9,3.909,1.256,0.321,1,0,0.14,0.0,0.179,0.821
16295,Dame N''Doye,Senegal,Sunderland,"Center Forward, Left Midfield, Right Center Forward, Right Midfield, Right Wing",11,5,615.8,1,0.705,11,4,4,1,0,9,2,0.146,0.103,1.608,0.585,0.585,0.146,0.364,0.091,0.064,0.295,0.0,0.818,0.182,0,3,0.0,0.438,194,130,15,133,16,111,40,43,4,0,6,3,28.353,19.0,0.585,0.0,0.877,0.438,0.67,0.077,0.686,0.082,0.572,0.206,0.222,0.021,0.0,0.031,0.015,189,15,5,20,12,30,0,2,27.623,2.192,0.731,2.923,1.754,4.385,0.0,0.292,0.333,15,6,8,10,105,37,37,8,0,1,22,2.192,0.877,1.169,1.462,15.346,5.408,5.408,1.169,0.0,0.146,3.215,79,31,11.546,4.531,0.392,2,0,0.292,0.0,0.096,0.904
3666,Robert Kenedy Nunes do Nascimento,Brazil,Chelsea,"Center Attacking Midfield, Left Back, Left Wing, Right Center Back, Right Center Midfield, Right Wing",14,4,604.8,1,0.428,13,3,2,0,6,7,0,0.149,0.064,1.935,0.446,0.298,0.0,0.231,0.077,0.033,0.572,0.462,0.538,0.0,0,5,0.0,0.744,323,268,266,26,6,249,40,34,10,0,7,1,48.065,39.881,1.488,0.0,1.042,0.149,0.83,0.824,0.08,0.019,0.771,0.124,0.105,0.031,0.0,0.022,0.003,302,34,22,10,21,13,0,1,44.94,5.06,3.274,1.488,3.125,1.935,0.0,0.149,0.647,16,12,8,13,102,50,44,7,0,2,7,2.381,1.786,1.19,1.935,15.179,7.44,6.548,1.042,0.0,0.298,1.042,14,4,2.083,0.595,0.286,0,0,0.0,0.0,0.892,0.108
5617,Sebastian Larsson,Sweden,Sunderland,"Center Attacking Midfield, Center Defensive Midfield, Left Center Midfield, Left Midfield, Left Wing, Right Center Midfield, Right Defensive Midfield, Right Midfield, Right Wing, Right Wing Back",18,6,603.8,0,0.401,6,1,1,0,1,5,0,0.0,0.06,0.894,0.149,0.149,0.0,0.167,0.0,0.067,-0.401,0.167,0.833,0.0,0,6,0.0,0.894,269,187,19,218,21,151,44,74,9,0,11,0,40.096,27.873,1.342,0.0,1.64,0.0,0.695,0.071,0.81,0.078,0.561,0.164,0.275,0.033,0.0,0.041,0.0,165,5,2,6,5,4,0,0,24.594,0.745,0.298,0.894,0.745,0.596,0.0,0.0,0.4,17,4,11,21,171,29,50,14,1,0,9,2.534,0.596,1.64,3.13,25.489,4.323,7.453,2.087,0.149,0.0,1.342,16,7,2.385,1.043,0.438,2,0,0.298,0.0,0.082,0.918
3476,Muhamed Bešić,Bosnia and Herzegovina,Everton,"Left Center Back, Left Center Midfield, Left Defensive Midfield, Left Wing, Right Back, Right Center Midfield, Right Midfield, Right Wing",12,7,595.3,0,0.193,4,2,2,0,0,4,0,0.0,0.029,0.605,0.302,0.302,0.0,0.5,0.0,0.048,-0.193,0.0,1.0,0.0,0,4,0.0,0.605,352,300,55,280,9,282,26,44,3,1,9,3,53.217,45.355,0.454,0.151,1.361,0.454,0.852,0.156,0.795,0.026,0.801,0.074,0.125,0.009,0.003,0.026,0.009,319,16,11,3,14,3,0,0,48.228,2.419,1.663,0.454,2.117,0.454,0.0,0.0,0.688,26,9,18,19,138,57,53,14,0,1,9,3.931,1.361,2.721,2.873,20.863,8.618,8.013,2.117,0.0,0.151,1.361,12,7,1.814,1.058,0.583,1,0,0.151,0.0,0.162,0.838
3569,Daniel Nii Tackie Mensah Welbeck,England,Arsenal,"Center Forward, Left Wing, Right Defensive Midfield, Right Wing",11,7,592.9,4,3.024,20,11,8,3,2,12,6,0.607,0.459,3.036,1.67,1.214,0.455,0.55,0.2,0.151,0.976,0.1,0.6,0.3,2,7,0.304,1.063,145,118,16,117,8,123,13,9,3,3,0,1,22.01,17.912,0.455,0.455,0.0,0.152,0.814,0.11,0.807,0.055,0.848,0.09,0.062,0.021,0.021,0.0,0.007,181,34,17,9,18,22,1,0,27.475,5.161,2.581,1.366,2.732,3.34,0.152,0.0,0.5,18,3,7,14,111,21,45,2,0,0,5,2.732,0.455,1.063,2.125,16.849,3.188,6.831,0.304,0.0,0.0,0.759,35,8,5.313,1.214,0.229,1,0,0.152,0.0,0.122,0.878
11992,Kevin Linford Stewart,Jamaica,Liverpool,"Center Defensive Midfield, Left Center Midfield, Left Defensive Midfield, Left Midfield, Right Back, Right Center Midfield, Right Defensive Midfield",7,6,586.2,0,0.228,5,0,1,0,3,1,1,0.0,0.035,0.768,0.0,0.154,0.0,0.0,0.0,0.046,-0.228,0.6,0.2,0.2,0,3,0.0,0.461,466,408,166,273,12,364,41,61,0,0,8,1,71.546,62.641,0.0,0.0,1.228,0.154,0.876,0.356,0.586,0.026,0.781,0.088,0.131,0.0,0.0,0.017,0.002,384,10,7,18,11,7,0,0,58.956,1.535,1.075,2.764,1.689,1.075,0.0,0.0,0.7,21,24,16,13,153,38,87,12,4,0,11,3.224,3.685,2.456,1.996,23.49,5.834,13.357,1.842,0.614,0.0,1.689,13,8,1.996,1.228,0.615,1,0,0.154,0.0,0.381,0.619
4840,Massadio Haïdara,Mali,Newcastle United,Left Back,7,6,577.6,0,0.044,3,0,1,0,3,0,0,0.0,0.007,0.467,0.0,0.156,0.0,0.0,0.0,0.015,-0.044,1.0,0.0,0.0,0,3,0.0,0.467,319,248,225,17,8,181,81,57,8,1,1,0,49.706,38.643,1.247,0.156,0.156,0.0,0.777,0.705,0.053,0.025,0.567,0.254,0.179,0.025,0.003,0.003,0.0,216,9,6,10,11,5,0,0,33.657,1.402,0.935,1.558,1.714,0.779,0.0,0.0,0.667,13,11,19,11,79,30,19,3,0,1,11,2.026,1.714,2.961,1.714,12.31,4.675,2.961,0.467,0.0,0.156,1.714,15,11,2.337,1.714,0.733,1,0,0.156,0.0,0.931,0.069
20253,Samir Nasri,France,Manchester City,"Center Attacking Midfield, Left Center Midfield, Left Defensive Midfield, Left Midfield, Left Wing, Right Center Forward, Right Center Midfield, Right Midfield, Right Wing",12,4,573.9,2,1.92,14,7,4,0,2,12,0,0.314,0.301,2.196,1.098,0.627,0.0,0.5,0.143,0.137,0.08,0.143,0.857,0.0,2,9,0.314,1.411,437,398,30,400,2,363,45,29,9,1,4,1,68.531,62.415,1.411,0.157,0.627,0.157,0.911,0.069,0.915,0.005,0.831,0.103,0.066,0.021,0.002,0.009,0.002,411,18,10,7,13,4,0,0,64.454,2.823,1.568,1.098,2.039,0.627,0.0,0.0,0.556,11,6,0,8,101,29,42,3,3,0,6,1.725,0.941,0.0,1.255,15.839,4.548,6.587,0.47,0.47,0.0,0.941,10,0,1.568,0.0,0.0,3,0,0.47,0.0,0.072,0.928
20066,Darren Randolph,Ireland,West Ham United,Goalkeeper,6,6,572.3,0,0.051,1,0,0,0,0,0,1,0.0,0.008,0.157,0.0,0.0,0.0,0.0,0.0,0.051,-0.051,0.0,0.0,1.0,0,0,0.0,0.0,192,104,5,144,0,45,8,139,0,0,3,0,30.194,16.355,0.0,0.0,0.472,0.0,0.542,0.026,0.75,0.0,0.234,0.042,0.724,0.0,0.0,0.016,0.0,77,0,0,0,0,0,1,0,12.109,0.0,0.0,0.0,0.0,0.0,0.157,0.0,0.0,0,0,1,0,0,29,0,0,0,0,0,0.0,0.0,0.157,0.0,0.0,4.561,0.0,0.0,0.0,0.0,0.0,0,0,0.0,0.0,0.0,0,0,0.0,0.0,0.034,0.966
3310,Tom Carroll,England,Tottenham Hotspur,"Center Attacking Midfield, Center Forward, Left Center Back, Left Defensive Midfield, Right Center Midfield, Right Defensive Midfield, Right Wing",19,4,570.8,1,0.212,5,3,2,0,4,1,0,0.158,0.033,0.788,0.473,0.315,0.0,0.6,0.2,0.042,0.788,0.8,0.2,0.0,0,8,0.0,1.261,361,293,312,34,8,257,41,63,10,0,15,0,56.92,46.198,1.577,0.0,2.365,0.0,0.812,0.864,0.094,0.022,0.712,0.114,0.175,0.028,0.0,0.042,0.0,279,7,4,2,11,9,1,0,43.991,1.104,0.631,0.315,1.734,1.419,0.158,0.0,0.571,19,6,6,21,161,31,67,16,1,0,9,2.996,0.946,0.946,3.311,25.385,4.888,10.564,2.523,0.158,0.0,1.419,20,6,3.153,0.946,0.3,3,0,0.473,0.0,0.9,0.1
40366,Wes Brown,England,Sunderland,"Center Back, Left Center Back",6,6,564.2,0,0.0,0,0,0,0,0,0,0,0.0,0.0,0.0,0.0,0.0,0.0,0.0,0.0,0.0,0.0,0.0,0.0,0.0,0,0,0.0,0.0,198,153,44,129,17,115,27,56,0,0,6,0,31.585,24.406,0.0,0.0,0.957,0.0,0.773,0.222,0.652,0.086,0.581,0.136,0.283,0.0,0.0,0.03,0.0,120,1,1,6,0,0,0,0,19.142,0.16,0.16,0.957,0.0,0.0,0.0,0.0,1.0,8,8,57,9,51,17,14,5,0,0,6,1.276,1.276,9.093,1.436,8.135,2.712,2.233,0.798,0.0,0.0,0.957,34,21,5.424,3.35,0.618,1,0,0.16,0.0,0.254,0.746
3314,Phil Jones,England,Manchester United,"Left Center Back, Right Back, Right Center Back",10,6,559.3,0,0.053,1,0,0,0,1,0,0,0.0,0.009,0.161,0.0,0.0,0.0,0.0,0.0,0.053,-0.053,1.0,0.0,0.0,0,0,0.0,0.0,321,273,19,259,23,230,34,57,1,0,4,0,51.654,43.93,0.161,0.0,0.644,0.0,0.85,0.059,0.807,0.072,0.717,0.106,0.178,0.003,0.0,0.012,0.0,218,1,0,3,1,2,0,0,35.08,0.161,0.0,0.483,0.161,0.322,0.0,0.0,0.0,10,7,30,8,58,27,20,3,0,0,4,1.609,1.126,4.827,1.287,9.333,4.345,3.218,0.483,0.0,0.0,0.644,27,21,4.345,3.379,0.778,0,0,0.0,0.0,0.072,0.928
128704,Emmanuel Emenike,Nigeria,West Ham United,"Center Forward, Left Defensive Midfield, Left Midfield, Right Center Back, Right Center Forward, Right Midfield, Right Wing, Right Wing Back",13,5,556.2,0,1.81,12,2,7,0,0,9,3,0.0,0.293,1.942,0.324,1.133,0.0,0.167,0.0,0.151,-1.81,0.0,0.75,0.25,0,9,0.0,1.456,153,112,5,120,10,105,28,20,5,1,0,1,24.757,18.123,0.809,0.162,0.0,0.162,0.732,0.033,0.784,0.065,0.686,0.183,0.131,0.033,0.007,0.0,0.007,146,17,11,7,19,19,0,0,23.625,2.751,1.78,1.133,3.074,3.074,0.0,0.0,0.647,4,5,7,4,83,33,21,1,1,0,5,0.647,0.809,1.133,0.647,13.43,5.34,3.398,0.162,0.162,0.0,0.809,59,21,9.547,3.398,0.356,0,0,0.0,0.0,0.037,0.963
3302,Nordin Amrabat,Morocco,Watford,"Center Attacking Midfield, Left Center Forward, Left Midfield, Left Wing, Right Center Forward, Right Midfield",12,4,541.8,0,0.35,7,3,3,0,0,7,0,0.0,0.058,1.163,0.498,0.498,0.0,0.429,0.0,0.05,-0.35,0.0,1.0,0.0,0,4,0.0,0.664,193,133,13,167,4,118,25,50,28,0,5,2,32.06,22.093,4.651,0.0,0.831,0.332,0.689,0.067,0.865,0.021,0.611,0.13,0.259,0.145,0.0,0.026,0.01,235,19,14,24,29,22,0,0,39.037,3.156,2.326,3.987,4.817,3.654,0.0,0.0,0.737,6,9,2,10,108,34,55,6,5,0,17,0.997,1.495,0.332,1.661,17.94,5.648,9.136,0.997,0.831,0.0,2.824,21,2,3.488,0.332,0.095,4,1,0.664,0.166,0.07,0.93
24888,Adam Federici,Australia,AFC Bournemouth,Goalkeeper,6,6,516.2,0,0.0,0,0,0,0,0,0,0,0.0,0.0,0.0,0.0,0.0,0.0,0.0,0.0,0.0,0.0,0.0,0.0,0.0,0,0,0.0,0.0,130,97,4,100,0,61,2,67,0,0,3,0,22.666,16.912,0.0,0.0,0.523,0.0,0.746,0.031,0.769,0.0,0.469,0.015,0.515,0.0,0.0,0.023,0.0,64,0,0,0,0,0,1,0,11.158,0.0,0.0,0.0,0.0,0.0,0.174,0.0,0.0,0,0,0,0,0,27,0,1,0,0,0,0.0,0.0,0.0,0.0,0.0,4.707,0.0,0.174,0.0,0.0,0.0,0,0,0.0,0.0,0.0,0,0,0.0,0.0,0.038,0.962
8061,Siem Stefan de Jong,Netherlands,Newcastle United,"Center Attacking Midfield, Center Defensive Midfield, Center Forward, Left Back, Left Center Midfield, Left Defensive Midfield, Left Wing, Right Back, Right Center Forward, Right Center Midfield, Right Midfield",18,3,510.5,0,0.752,8,3,4,0,4,2,2,0.0,0.133,1.41,0.529,0.705,0.0,0.375,0.0,0.094,-0.752,0.5,0.25,0.25,1,2,0.176,0.353,200,153,19,148,17,122,48,30,2,1,3,0,35.26,26.974,0.353,0.176,0.529,0.0,0.765,0.095,0.74,0.085,0.61,0.24,0.15,0.01,0.005,0.015,0.0,127,8,4,6,12,8,0,0,22.39,1.41,0.705,1.058,2.116,1.41,0.0,0.0,0.5,15,2,4,12,108,27,32,8,1,0,9,2.644,0.353,0.705,2.116,19.04,4.76,5.642,1.41,0.176,0.0,1.587,32,11,5.642,1.939,0.344,0,0,0.0,0.0,0.133,0.867
4040,Peter Crouch,England,Stoke City,"Center Attacking Midfield, Center Forward, Left Wing, Right Center Forward, Right Defensive Midfield, Right Wing",11,4,504.2,0,0.582,9,4,3,0,0,4,5,0.0,0.104,1.607,0.714,0.536,0.0,0.444,0.0,0.065,-0.582,0.0,0.444,0.556,1,4,0.179,0.714,156,91,4,64,25,55,43,58,1,0,0,0,27.846,16.244,0.179,0.0,0.0,0.0,0.583,0.026,0.41,0.16,0.353,0.276,0.372,0.006,0.0,0.0,0.0,73,3,1,4,8,15,0,0,13.031,0.536,0.179,0.714,1.428,2.678,0.0,0.0,0.333,4,2,8,8,68,8,32,5,0,0,13,0.714,0.357,1.428,1.428,12.138,1.428,5.712,0.893,0.0,0.0,2.321,106,66,18.921,11.781,0.623,0,0,0.0,0.0,0.056,0.944
6652,Jordi Amat Maas,Spain,Swansea City,"Left Center Back, Left Center Midfield, Left Defensive Midfield, Right Center Back, Right Wing",8,5,492.2,0,0.315,1,0,0,0,0,0,1,0.0,0.058,0.183,0.0,0.0,0.0,0.0,0.0,0.315,-0.315,0.0,0.0,1.0,0,0,0.0,0.0,185,145,32,135,11,131,25,29,1,0,3,0,33.828,26.514,0.183,0.0,0.549,0.0,0.784,0.173,0.73,0.059,0.708,0.135,0.157,0.005,0.0,0.016,0.0,137,2,2,3,2,0,1,0,25.051,0.366,0.366,0.549,0.366,0.0,0.183,0.0,1.0,5,14,26,12,46,16,14,3,0,1,4,0.914,2.56,4.754,2.194,8.411,2.926,2.56,0.549,0.0,0.183,0.731,25,11,4.571,2.011,0.44,0,0,0.0,0.0,0.192,0.808
4828,Adlène Guédioura,Algeria,Watford,"Center Forward, Left Center Forward, Left Defensive Midfield, Left Midfield, Left Wing, Right Center Forward, Right Defensive Midfield, Right Midfield, Right Wing",18,3,486.5,0,0.312,13,3,3,0,0,13,0,0.0,0.058,2.405,0.555,0.555,0.0,0.231,0.0,0.024,-0.312,0.0,1.0,0.0,2,12,0.37,2.22,298,187,29,232,17,149,48,101,19,0,15,3,55.128,34.594,3.515,0.0,2.775,0.555,0.628,0.097,0.779,0.057,0.5,0.161,0.339,0.064,0.0,0.05,0.01,240,25,15,7,10,13,0,0,44.399,4.625,2.775,1.295,1.85,2.405,0.0,0.0,0.6,17,16,8,10,85,45,41,8,2,1,14,3.145,2.96,1.48,1.85,15.725,8.325,7.585,1.48,0.37,0.185,2.59,35,18,6.475,3.33,0.514,2,0,0.37,0.0,0.106,0.894
3308,Kieran Trippier,England,Tottenham Hotspur,"Right Back, Right Wing Back",6,5,482.3,1,0.653,2,1,1,0,0,2,0,0.187,0.122,0.373,0.187,0.187,0.0,0.5,0.5,0.326,0.347,0.0,1.0,0.0,1,6,0.187,1.12,355,252,19,240,25,164,103,88,28,2,7,0,66.245,47.025,5.225,0.373,1.306,0.0,0.71,0.054,0.676,0.07,0.462,0.29,0.248,0.079,0.006,0.02,0.0,232,7,2,11,1,6,0,0,43.293,1.306,0.373,2.053,0.187,1.12,0.0,0.0,0.286,17,6,23,12,69,37,40,3,0,1,3,3.172,1.12,4.292,2.239,12.876,6.904,7.464,0.56,0.0,0.187,0.56,27,12,5.038,2.239,0.444,1,0,0.187,0.0,0.073,0.927
3382,Luke Shaw,England,Manchester United,Left Back,5,5,470.1,0,0.092,1,1,1,0,1,0,0,0.0,0.018,0.191,0.191,0.191,0.0,1.0,0.0,0.092,-0.092,1.0,0.0,0.0,1,4,0.191,0.766,351,291,240,29,10,216,77,58,10,0,6,0,67.198,55.712,1.914,0.0,1.149,0.0,0.829,0.684,0.083,0.028,0.615,0.219,0.165,0.028,0.0,0.017,0.0,256,7,6,3,7,2,0,0,49.011,1.34,1.149,0.574,1.34,0.383,0.0,0.0,0.857,10,1,18,10,68,20,24,5,2,2,8,1.914,0.191,3.446,1.914,13.019,3.829,4.595,0.957,0.383,0.383,1.532,32,17,6.126,3.255,0.531,1,0,0.191,0.0,0.893,0.107
3254,Florian Thauvin,France,Newcastle United,"Center Attacking Midfield, Center Forward, Left Back, Left Center Forward, Left Center Midfield, Left Defensive Midfield, Left Midfield, Left Wing, Right Center Midfield, Right Defensive Midfield, Right Midfield, Right Wing",13,3,466.8,0,0.408,8,1,2,0,8,0,0,0.0,0.079,1.542,0.193,0.386,0.0,0.125,0.0,0.051,-0.408,1.0,0.0,0.0,0,4,0.0,0.771,216,123,185,27,1,122,30,64,21,2,11,3,41.645,23.715,4.049,0.386,2.121,0.578,0.569,0.856,0.125,0.005,0.565,0.139,0.296,0.097,0.009,0.051,0.014,229,26,10,17,19,13,0,0,44.152,5.013,1.928,3.278,3.663,2.506,0.0,0.0,0.385,7,5,3,8,70,32,21,7,0,0,6,1.35,0.964,0.578,1.542,13.496,6.17,4.049,1.35,0.0,0.0,1.157,14,3,2.699,0.578,0.214,1,0,0.193,0.0,0.877,0.123
3495,Joe Gomez,England,Liverpool,"Left Back, Right Center Back",5,5,453.2,0,0.016,1,0,0,0,0,1,0,0.0,0.003,0.199,0.0,0.0,0.0,0.0,0.0,0.016,-0.016,0.0,1.0,0.0,1,3,0.199,0.596,273,218,24,191,8,172,42,59,7,0,2,0,54.214,43.292,1.39,0.0,0.397,0.0,0.799,0.088,0.7,0.029,0.63,0.154,0.216,0.026,0.0,0.007,0.0,204,8,4,2,8,2,0,0,40.512,1.589,0.794,0.397,1.589,0.397,0.0,0.0,0.5,13,8,21,11,52,36,29,5,0,0,10,2.582,1.589,4.17,2.184,10.327,7.149,5.759,0.993,0.0,0.0,1.986,21,11,4.17,2.184,0.524,3,0,0.596,0.0,0.111,0.889
3504,Ruben Loftus-Cheek,England,Chelsea,"Center Attacking Midfield, Left Defensive Midfield, Left Wing, Right Midfield, Right Wing",13,4,449.5,1,1.369,14,4,3,1,2,11,1,0.2,0.274,2.803,0.801,0.601,0.2,0.286,0.071,0.098,-0.369,0.143,0.786,0.071,0,4,0.0,0.801,248,209,31,198,3,209,26,13,1,1,1,0,49.655,41.846,0.2,0.2,0.2,0.0,0.843,0.125,0.798,0.012,0.843,0.105,0.052,0.004,0.004,0.004,0.0,258,19,9,14,19,10,0,0,51.657,3.804,1.802,2.803,3.804,2.002,0.0,0.0,0.474,13,5,3,11,128,29,42,8,3,0,4,2.603,1.001,0.601,2.202,25.628,5.806,8.409,1.602,0.601,0.0,0.801,18,10,3.604,2.002,0.556,0,0,0.0,0.0,0.136,0.864
3528,Kieran Gibbs,England,Arsenal,"Center Attacking Midfield, Left Back, Left Wing, Right Wing",15,3,437.2,1,0.674,5,1,3,0,3,1,1,0.206,0.139,1.029,0.206,0.618,0.0,0.2,0.2,0.135,0.326,0.6,0.2,0.2,0,1,0.0,0.206,219,163,156,26,12,141,38,40,5,3,1,1,45.082,33.554,1.029,0.618,0.206,0.206,0.744,0.712,0.119,0.055,0.644,0.174,0.183,0.023,0.014,0.005,0.005,168,11,4,5,8,7,0,0,34.584,2.264,0.823,1.029,1.647,1.441,0.0,0.0,0.364,13,7,16,17,104,20,48,6,0,1,3,2.676,1.441,3.294,3.5,21.409,4.117,9.881,1.235,0.0,0.206,0.618,22,7,4.529,1.441,0.318,0,0,0.0,0.0,0.855,0.145
10007,Jon Flanagan,England,Liverpool,Right Back,5,5,432.8,0,0.0,0,0,0,0,0,0,0,0.0,0.0,0.0,0.0,0.0,0.0,0.0,0.0,0.0,0.0,0.0,0.0,0.0,1,2,0.208,0.416,303,249,21,224,9,213,64,26,4,0,4,1,63.008,51.779,0.832,0.0,0.832,0.208,0.822,0.069,0.739,0.03,0.703,0.211,0.086,0.013,0.0,0.013,0.003,200,4,2,4,6,3,0,0,41.59,0.832,0.416,0.832,1.248,0.624,0.0,0.0,0.5,12,8,18,8,84,24,36,12,0,1,8,2.495,1.664,3.743,1.664,17.468,4.991,7.486,2.495,0.0,0.208,1.664,22,8,4.575,1.664,0.364,1,0,0.208,0.0,0.086,0.914
3326,Chung-Yong Lee,Korea (South),Crystal Palace,"Center Attacking Midfield, Left Midfield, Left Wing, Right Defensive Midfield, Right Midfield, Right Wing",13,4,426.4,1,0.166,5,2,1,0,0,5,0,0.211,0.035,1.055,0.422,0.211,0.0,0.4,0.2,0.033,0.834,0.0,1.0,0.0,0,6,0.0,1.266,193,156,17,159,7,127,32,34,9,0,8,0,40.736,32.927,1.9,0.0,1.689,0.0,0.808,0.088,0.824,0.036,0.658,0.166,0.176,0.047,0.0,0.041,0.0,179,19,12,6,16,6,0,0,37.781,4.01,2.533,1.266,3.377,1.266,0.0,0.0,0.632,14,7,5,5,102,21,38,8,1,1,4,2.955,1.477,1.055,1.055,21.529,4.432,8.021,1.689,0.211,0.211,0.844,14,4,2.955,0.844,0.286,0,0,0.0,0.0,0.094,0.906
41185,Jakob Haugaard,Denmark,Stoke City,Goalkeeper,5,4,423.9,0,0.0,0,0,0,0,0,0,0,0.0,0.0,0.0,0.0,0.0,0.0,0.0,0.0,0.0,0.0,0.0,0.0,0.0,0,0,0.0,0.0,145,82,73,37,0,26,8,111,0,0,3,0,30.786,17.41,0.0,0.0,0.637,0.0,0.566,0.503,0.255,0.0,0.179,0.055,0.766,0.0,0.0,0.021,0.0,63,0,0,0,0,0,0,0,13.376,0.0,0.0,0.0,0.0,0.0,0.0,0.0,0.0,0,0,0,0,0,26,0,1,0,0,0,0.0,0.0,0.0,0.0,0.0,5.52,0.0,0.212,0.0,0.0,0.0,0,0,0.0,0.0,0.0,0,0,0.0,0.0,0.664,0.336
13200,Oluwaseyi Babajide Ojo,England,Liverpool,"Left Center Back, Left Center Midfield, Left Midfield, Left Wing, Left Wing Back, Right Midfield, Right Wing",8,5,417.0,0,0.347,5,1,1,0,4,1,0,0.0,0.075,1.079,0.216,0.216,0.0,0.2,0.0,0.069,-0.347,0.8,0.2,0.0,2,10,0.432,2.158,158,122,135,17,2,121,17,20,9,2,5,0,34.101,26.331,1.942,0.432,1.079,0.0,0.772,0.854,0.108,0.013,0.766,0.108,0.127,0.057,0.013,0.032,0.0,187,18,12,11,13,16,1,0,40.36,3.885,2.59,2.374,2.806,3.453,0.216,0.0,0.667,9,4,2,5,118,17,32,7,0,0,2,1.942,0.863,0.432,1.079,25.468,3.669,6.906,1.511,0.0,0.0,0.432,7,2,1.511,0.432,0.286,0,0,0.0,0.0,0.885,0.115
3391,Rolando Aarons,England,Newcastle United,"Center Attacking Midfield, Left Back, Left Wing, Left Wing Back, Right Center Forward, Right Wing",10,3,415.0,1,0.151,2,1,1,0,2,0,0,0.217,0.033,0.434,0.217,0.217,0.0,0.5,0.5,0.076,0.849,1.0,0.0,0.0,1,4,0.217,0.867,170,140,103,21,7,91,45,34,11,1,2,0,36.867,30.361,2.386,0.217,0.434,0.0,0.824,0.606,0.124,0.041,0.535,0.265,0.2,0.065,0.006,0.012,0.0,138,20,8,9,5,14,0,0,29.928,4.337,1.735,1.952,1.084,3.036,0.0,0.0,0.4,17,8,7,8,97,28,25,6,1,1,9,3.687,1.735,1.518,1.735,21.036,6.072,5.422,1.301,0.217,0.217,1.952,13,5,2.819,1.084,0.385,1,0,0.217,0.0,0.833,0.167
7121,Sandro Ranieri Guimarães Cordeiro,Brazil,West Bromwich Albion,"Center Attacking Midfield, Center Defensive Midfield, Center Forward, Center Midfield, Left Center Midfield, Left Defensive Midfield, Left Midfield, Right Center Forward, Right Center Midfield, Right Defensive Midfield, Right Midfield, Right Wing",12,5,413.2,0,0.056,3,0,2,0,0,3,0,0.0,0.012,0.653,0.0,0.436,0.0,0.0,0.0,0.019,-0.056,0.0,1.0,0.0,0,1,0.0,0.218,145,97,19,96,15,80,23,42,2,0,2,0,31.583,21.128,0.436,0.0,0.436,0.0,0.669,0.131,0.662,0.103,0.552,0.159,0.29,0.014,0.0,0.014,0.0,91,3,3,6,6,1,0,0,19.821,0.653,0.653,1.307,1.307,0.218,0.0,0.0,1.0,11,12,16,10,67,20,21,4,1,0,7,2.396,2.614,3.485,2.178,14.593,4.356,4.574,0.871,0.218,0.0,1.525,27,17,5.881,3.703,0.63,0,0,0.0,0.0,0.161,0.839
10457,Patrick Bamford,England,"Crystal Palace, Norwich City","Center Attacking Midfield, Center Forward, Left Center Forward, Left Defensive Midfield, Left Midfield, Left Wing, Right Center Forward",13,2,407.2,0,1.042,10,4,2,1,4,4,2,0.0,0.23,2.21,0.884,0.442,0.221,0.4,0.0,0.104,-1.042,0.4,0.4,0.2,0,2,0.0,0.442,96,62,61,15,8,60,22,14,4,1,0,1,21.218,13.703,0.884,0.221,0.0,0.221,0.646,0.635,0.156,0.083,0.625,0.229,0.146,0.042,0.01,0.0,0.01,99,2,2,4,15,18,0,0,21.881,0.442,0.442,0.884,3.315,3.978,0.0,0.0,1.0,3,3,3,5,78,15,22,4,1,1,10,0.663,0.663,0.663,1.105,17.24,3.315,4.862,0.884,0.221,0.221,2.21,40,12,8.841,2.652,0.3,0,0,0.0,0.0,0.774,0.226
20543,Nikica Jelavić,Croatia,West Ham United,"Center Defensive Midfield, Center Forward, Left Center Midfield, Right Center Forward, Right Midfield, Right Wing",13,1,403.8,1,1.833,11,1,4,0,3,4,4,0.223,0.409,2.452,0.223,0.892,0.0,0.091,0.091,0.167,-0.833,0.273,0.364,0.364,1,7,0.223,1.56,78,51,7,33,22,31,26,21,4,0,0,0,17.385,11.367,0.892,0.0,0.0,0.0,0.654,0.09,0.423,0.282,0.397,0.333,0.269,0.051,0.0,0.0,0.0,52,5,4,4,4,9,0,0,11.59,1.114,0.892,0.892,0.892,2.006,0.0,0.0,0.8,6,2,4,4,62,12,15,1,0,0,10,1.337,0.446,0.892,0.892,13.819,2.675,3.343,0.223,0.0,0.0,2.229,44,16,9.807,3.566,0.364,0,0,0.0,0.0,0.213,0.787
2956,Bertrand Isidore Traoré,Burkina Faso,Chelsea,"Center Attacking Midfield, Center Forward, Left Wing Back, Right Center Midfield, Right Defensive Midfield, Right Wing",10,4,401.7,2,1.613,17,6,6,0,17,0,0,0.448,0.361,3.809,1.344,1.344,0.0,0.353,0.118,0.095,0.387,1.0,0.0,0.0,1,5,0.224,1.12,137,115,113,15,3,99,24,14,4,0,1,1,30.695,25.765,0.896,0.0,0.224,0.224,0.839,0.825,0.109,0.022,0.723,0.175,0.102,0.029,0.0,0.007,0.007,135,13,10,5,6,19,0,0,30.246,2.913,2.24,1.12,1.344,4.257,0.0,0.0,0.769,11,3,4,8,92,14,34,8,0,0,4,2.465,0.672,0.896,1.792,20.612,3.137,7.618,1.792,0.0,0.0,0.896,11,5,2.465,1.12,0.455,0,0,0.0,0.0,0.897,0.103
9641,Fraizer Campbell,England,Crystal Palace,"Center Forward, Left Center Midfield, Right Center Forward, Right Center Midfield, Right Wing",11,4,394.9,0,0.599,4,1,2,0,1,2,1,0.0,0.137,0.912,0.228,0.456,0.0,0.25,0.0,0.15,-0.599,0.25,0.5,0.25,0,1,0.0,0.228,83,57,11,53,10,45,23,15,1,1,0,0,18.916,12.991,0.228,0.228,0.0,0.0,0.687,0.133,0.639,0.12,0.542,0.277,0.181,0.012,0.012,0.0,0.0,73,8,2,4,4,17,0,0,16.637,1.823,0.456,0.912,0.912,3.874,0.0,0.0,0.25,3,4,3,7,85,14,29,3,0,0,8,0.684,0.912,0.684,1.595,19.372,3.191,6.609,0.684,0.0,0.0,1.823,32,10,7.293,2.279,0.312,1,0,0.228,0.0,0.179,0.821
40130,Victor Chinedu Anichebe,Nigeria,West Bromwich Albion,"Center Forward, Left Defensive Midfield, Right Center Forward, Right Midfield, Right Wing",10,3,394.7,0,1.219,14,4,3,0,3,7,4,0.0,0.278,3.192,0.912,0.684,0.0,0.286,0.0,0.087,-1.219,0.214,0.5,0.286,0,2,0.0,0.456,116,68,19,41,16,41,43,32,1,1,0,0,26.45,15.505,0.228,0.228,0.0,0.0,0.586,0.164,0.353,0.138,0.353,0.371,0.276,0.009,0.009,0.0,0.0,77,8,6,7,10,21,0,1,17.558,1.824,1.368,1.596,2.28,4.788,0.0,0.228,0.75,2,2,9,1,54,12,10,1,1,0,4,0.456,0.456,2.052,0.228,12.313,2.736,2.28,0.228,0.228,0.0,0.912,68,39,15.505,8.893,0.574,0,0,0.0,0.0,0.314,0.686
3685,Jay Rodriguez,England,Southampton,"Center Attacking Midfield, Left Center Forward, Left Midfield, Left Wing, Right Center Forward, Right Defensive Midfield, Right Wing",12,3,384.2,0,1.079,15,6,2,1,0,12,3,0.0,0.253,3.514,1.406,0.469,0.234,0.4,0.0,0.072,-1.079,0.0,0.8,0.2,0,3,0.0,0.703,93,67,14,64,6,53,24,16,3,0,1,3,21.786,15.695,0.703,0.0,0.234,0.703,0.72,0.151,0.688,0.065,0.57,0.258,0.172,0.032,0.0,0.011,0.032,107,12,6,3,10,14,0,0,25.065,2.811,1.406,0.703,2.343,3.28,0.0,0.0,0.5,4,3,2,12,82,14,24,4,1,0,4,0.937,0.703,0.469,2.811,19.209,3.28,5.622,0.937,0.234,0.0,0.937,19,9,4.451,2.108,0.474,1,0,0.234,0.0,0.156,0.844
16932,Youssouf Chafiq Mulumbu Ngangu,"Congo, (Kinshasa)",Norwich City,"Center Attacking Midfield, Left Center Midfield, Left Defensive Midfield, Right Defensive Midfield",7,5,383.6,0,0.183,3,1,2,0,0,2,1,0.0,0.043,0.704,0.235,0.469,0.0,0.333,0.0,0.061,-0.183,0.0,0.667,0.333,0,1,0.0,0.235,162,143,24,119,12,118,20,24,1,0,2,1,38.008,33.551,0.235,0.0,0.469,0.235,0.883,0.148,0.735,0.074,0.728,0.123,0.148,0.006,0.0,0.012,0.006,117,9,6,6,7,3,0,0,27.45,2.112,1.408,1.408,1.642,0.704,0.0,0.0,0.667,22,5,8,7,106,31,49,10,0,0,7,5.162,1.173,1.877,1.642,24.87,7.273,11.496,2.346,0.0,0.0,1.642,14,7,3.285,1.642,0.5,1,0,0.235,0.0,0.166,0.834
4217,Danny Graham,England,Sunderland,"Center Forward, Left Center Forward, Left Wing, Right Midfield, Right Wing",10,4,382.9,0,0.501,4,2,1,0,0,2,2,0.0,0.118,0.94,0.47,0.235,0.0,0.5,0.0,0.125,-0.501,0.0,0.5,0.5,0,0,0.0,0.0,86,50,13,41,14,44,19,23,3,1,1,0,20.214,11.752,0.705,0.235,0.235,0.0,0.581,0.151,0.477,0.163,0.512,0.221,0.267,0.035,0.012,0.012,0.0,62,2,0,7,8,9,0,0,14.573,0.47,0.0,1.645,1.88,2.115,0.0,0.0,0.0,2,4,8,9,48,6,18,4,0,1,8,0.47,0.94,1.88,2.115,11.282,1.41,4.231,0.94,0.0,0.235,1.88,43,23,10.107,5.406,0.535,0,0,0.0,0.0,0.232,0.768
4892,Sergio Germán Romero,Argentina,Manchester United,Goalkeeper,4,4,376.1,0,0.0,0,0,0,0,0,0,0,0.0,0.0,0.0,0.0,0.0,0.0,0.0,0.0,0.0,0.0,0.0,0.0,0.0,0,0,0.0,0.0,140,91,10,94,0,54,13,73,0,0,5,0,33.502,21.776,0.0,0.0,1.196,0.0,0.65,0.071,0.671,0.0,0.386,0.093,0.521,0.0,0.0,0.036,0.0,83,0,0,0,0,0,1,0,19.862,0.0,0.0,0.0,0.0,0.0,0.239,0.0,0.0,0,0,0,0,1,26,0,0,0,0,0,0.0,0.0,0.0,0.0,0.239,6.222,0.0,0.0,0.0,0.0,0.0,0,0,0.0,0.0,0.0,0,0,0.0,0.0,0.096,0.904
4276,David Ospina Ramírez,Colombia,Arsenal,Goalkeeper,4,4,375.5,0,0.0,0,0,0,0,0,0,0,0.0,0.0,0.0,0.0,0.0,0.0,0.0,0.0,0.0,0.0,0.0,0.0,0.0,0,0,0.0,0.0,127,74,8,78,1,28,10,89,0,0,1,0,30.439,17.736,0.0,0.0,0.24,0.0,0.583,0.063,0.614,0.008,0.22,0.079,0.701,0.0,0.0,0.008,0.0,47,0,0,2,0,0,0,0,11.265,0.0,0.0,0.479,0.0,0.0,0.0,0.0,0.0,0,0,0,0,0,26,0,0,0,0,0,0.0,0.0,0.0,0.0,0.0,6.232,0.0,0.0,0.0,0.0,0.0,0,0,0.0,0.0,0.0,0,0,0.0,0.0,0.093,0.907
3713,Calum Chambers,England,Arsenal,"Center Attacking Midfield, Center Forward, Left Center Back, Left Center Midfield, Left Wing, Right Center Back, Right Center Midfield, Right Defensive Midfield, Right Wing",12,2,371.2,0,0.186,2,1,0,0,1,1,0,0.0,0.045,0.485,0.242,0.0,0.0,0.5,0.0,0.093,-0.186,0.5,0.5,0.0,0,2,0.0,0.485,190,165,25,149,9,144,19,27,1,0,6,1,46.067,40.005,0.242,0.0,1.455,0.242,0.868,0.132,0.784,0.047,0.758,0.1,0.142,0.005,0.0,0.032,0.005,155,11,8,3,2,6,0,0,37.581,2.667,1.94,0.727,0.485,1.455,0.0,0.0,0.727,9,6,25,14,66,20,18,2,0,0,6,2.182,1.455,6.061,3.394,16.002,4.849,4.364,0.485,0.0,0.0,1.455,23,13,5.577,3.152,0.565,2,0,0.485,0.0,0.148,0.852
9629,Stephen Kingsley,Scotland,Swansea City,Left Back,4,4,368.0,0,0.016,1,0,1,0,1,0,0,0.0,0.004,0.245,0.0,0.245,0.0,0.0,0.0,0.016,-0.016,1.0,0.0,0.0,1,2,0.245,0.489,155,112,108,11,7,78,36,41,13,0,7,0,37.908,27.391,3.179,0.0,1.712,0.0,0.723,0.697,0.071,0.045,0.503,0.232,0.265,0.084,0.0,0.045,0.0,102,5,5,3,2,5,0,0,24.946,1.223,1.223,0.734,0.489,1.223,0.0,0.0,1.0,6,2,18,9,44,18,7,2,1,0,2,1.467,0.489,4.402,2.201,10.761,4.402,1.712,0.489,0.245,0.0,0.489,15,7,3.668,1.712,0.467,0,0,0.0,0.0,0.908,0.092
3654,Daniel William John Ings,England,Liverpool,"Center Forward, Left Center Forward, Left Wing, Right Attacking Midfield, Right Center Forward, Right Wing",6,3,358.4,2,1.359,10,4,1,1,3,5,2,0.502,0.341,2.511,1.004,0.251,0.251,0.4,0.2,0.136,0.641,0.3,0.5,0.2,0,5,0.0,1.256,81,59,6,67,3,47,12,22,1,0,3,1,20.34,14.816,0.251,0.0,0.753,0.251,0.728,0.074,0.827,0.037,0.58,0.148,0.272,0.012,0.0,0.037,0.012,88,7,3,7,6,8,0,0,22.098,1.758,0.753,1.758,1.507,2.009,0.0,0.0,0.429,1,2,3,8,40,13,14,0,1,0,6,0.251,0.502,0.753,2.009,10.045,3.265,3.516,0.0,0.251,0.0,1.507,12,3,3.013,0.753,0.25,1,0,0.251,0.0,0.111,0.889
43627,Jordi Gómez García-Penche,Spain,Sunderland,"Center Attacking Midfield, Left Center Midfield, Left Defensive Midfield, Right Defensive Midfield",6,5,356.0,0,0.022,2,1,0,1,2,0,0,0.0,0.006,0.506,0.253,0.0,0.253,0.5,0.0,0.011,-0.022,1.0,0.0,0.0,0,3,0.0,0.758,173,143,144,11,13,105,31,37,3,0,5,1,43.736,36.152,0.758,0.0,1.264,0.253,0.827,0.832,0.064,0.075,0.607,0.179,0.214,0.017,0.0,0.029,0.006,99,2,2,5,1,2,0,0,25.028,0.506,0.506,1.264,0.253,0.506,0.0,0.0,1.0,8,2,9,9,46,19,37,11,1,0,7,2.022,0.506,2.275,2.275,11.629,4.803,9.354,2.781,0.253,0.0,1.77,9,6,2.275,1.517,0.667,0,0,0.0,0.0,0.93,0.07
9648,Paddy McNair,Northern Ireland,Manchester United,"Center Attacking Midfield, Left Back, Left Center Back, Right Back, Right Center Back",8,3,338.0,0,0.158,3,1,2,0,0,2,1,0.0,0.042,0.799,0.266,0.533,0.0,0.333,0.0,0.053,-0.158,0.0,0.667,0.333,0,1,0.0,0.266,217,168,16,175,8,142,15,60,5,0,2,1,57.781,44.734,1.331,0.0,0.533,0.266,0.774,0.074,0.806,0.037,0.654,0.069,0.276,0.023,0.0,0.009,0.005,168,3,1,1,4,3,0,0,44.734,0.799,0.266,0.266,1.065,0.799,0.0,0.0,0.333,13,3,18,4,52,25,25,10,1,0,4,3.462,0.799,4.793,1.065,13.846,6.657,6.657,2.663,0.266,0.0,1.065,29,12,7.722,3.195,0.414,0,0,0.0,0.0,0.083,0.917
75899,Kevin Toner,Ireland,Aston Villa,"Left Center Back, Left Wing Back, Right Center Back",4,3,335.1,0,0.115,2,0,0,0,0,0,2,0.0,0.031,0.537,0.0,0.0,0.0,0.0,0.0,0.058,-0.115,0.0,0.0,1.0,1,1,0.269,0.269,125,92,81,8,5,64,26,35,2,0,5,0,33.572,24.709,0.537,0.0,1.343,0.0,0.736,0.648,0.064,0.04,0.512,0.208,0.28,0.016,0.0,0.04,0.0,77,1,0,4,2,3,0,0,20.68,0.269,0.0,1.074,0.537,0.806,0.0,0.0,0.0,11,4,17,8,52,7,13,6,0,0,2,2.954,1.074,4.566,2.149,13.966,1.88,3.491,1.611,0.0,0.0,0.537,18,12,4.834,3.223,0.667,0,0,0.0,0.0,0.91,0.09
6623,Loïc Rémy,France,Chelsea,"Center Forward, Left Back, Left Center Forward, Left Defensive Midfield, Right Back, Right Center Forward, Right Defensive Midfield, Right Midfield",13,3,335.0,1,1.647,13,5,2,3,1,8,4,0.269,0.442,3.493,1.343,0.537,0.806,0.385,0.077,0.127,-0.647,0.077,0.615,0.308,0,3,0.0,0.806,103,87,21,71,5,78,13,12,5,2,2,1,27.672,23.373,1.343,0.537,0.537,0.269,0.845,0.204,0.689,0.049,0.757,0.126,0.117,0.049,0.019,0.019,0.01,103,9,8,6,8,13,0,0,27.672,2.418,2.149,1.612,2.149,3.493,0.0,0.0,0.889,0,0,4,1,28,8,5,0,0,0,2,0.0,0.0,1.075,0.269,7.522,2.149,1.343,0.0,0.0,0.0,0.537,22,9,5.91,2.418,0.409,0,0,0.0,0.0,0.218,0.782
5264,Guillermo Varela Olivera,Uruguay,Manchester United,Right Back,4,3,334.5,0,0.02,1,0,1,0,0,1,0,0.0,0.005,0.269,0.0,0.269,0.0,0.0,0.0,0.02,-0.02,0.0,1.0,0.0,0,1,0.0,0.269,197,154,12,129,11,93,45,59,6,1,1,0,53.004,41.435,1.614,0.269,0.269,0.0,0.782,0.061,0.655,0.056,0.472,0.228,0.299,0.03,0.005,0.005,0.0,125,6,3,9,7,2,1,0,33.632,1.614,0.807,2.422,1.883,0.538,0.269,0.0,0.5,16,12,14,12,70,20,29,9,0,0,5,4.305,3.229,3.767,3.229,18.834,5.381,7.803,2.422,0.0,0.0,1.345,8,3,2.152,0.807,0.375,1,0,0.269,0.0,0.085,0.915
3659,Wilfredo Daniel Caballero,Argentina,Manchester City,Goalkeeper,4,3,327.8,0,0.0,0,0,0,0,0,0,0,0.0,0.0,0.0,0.0,0.0,0.0,0.0,0.0,0.0,0.0,0.0,0.0,0.0,0,0,0.0,0.0,91,51,4,75,0,30,3,58,0,0,2,0,24.985,14.002,0.0,0.0,0.549,0.0,0.56,0.044,0.824,0.0,0.33,0.033,0.637,0.0,0.0,0.022,0.0,36,0,0,0,0,0,1,0,9.884,0.0,0.0,0.0,0.0,0.0,0.275,0.0,0.0,0,0,0,0,1,11,0,1,0,0,0,0.0,0.0,0.0,0.0,0.275,3.02,0.0,0.275,0.0,0.0,0.0,0,0,0.0,0.0,0.0,0,0,0.0,0.0,0.051,0.949
15996,Éderzito António Macedo Lopes,Portugal,Swansea City,"Center Attacking Midfield, Center Forward, Left Center Forward, Left Center Midfield, Left Wing, Right Center Forward",13,1,322.7,0,0.395,5,1,2,0,0,3,2,0.0,0.11,1.394,0.279,0.558,0.0,0.2,0.0,0.079,-0.395,0.0,0.6,0.4,0,2,0.0,0.558,85,61,4,64,7,54,16,15,3,2,3,0,23.706,17.013,0.837,0.558,0.837,0.0,0.718,0.047,0.753,0.082,0.635,0.188,0.176,0.035,0.024,0.035,0.0,86,9,6,10,10,11,0,0,23.985,2.51,1.673,2.789,2.789,3.068,0.0,0.0,0.667,4,2,6,4,51,6,16,0,0,0,12,1.116,0.558,1.673,1.116,14.224,1.673,4.462,0.0,0.0,0.0,3.347,32,9,8.925,2.51,0.281,0,0,0.0,0.0,0.056,0.944
7884,Marcin Ryszard Wasilewski,Poland,Leicester City,"Right Back, Right Center Back, Right Midfield",4,3,319.0,0,0.042,1,0,0,0,0,0,1,0.0,0.012,0.282,0.0,0.0,0.0,0.0,0.0,0.042,-0.042,0.0,0.0,1.0,0,0,0.0,0.0,79,58,10,55,9,39,10,30,0,0,1,0,22.288,16.364,0.0,0.0,0.282,0.0,0.734,0.127,0.696,0.114,0.494,0.127,0.38,0.0,0.0,0.013,0.0,41,0,0,0,0,0,0,0,11.567,0.0,0.0,0.0,0.0,0.0,0.0,0.0,0.0,11,3,20,7,39,5,15,4,0,0,5,3.103,0.846,5.643,1.975,11.003,1.411,4.232,1.129,0.0,0.0,1.411,17,11,4.796,3.103,0.647,2,0,0.564,0.0,0.154,0.846
9551,Callum McManaman,England,West Bromwich Albion,"Left Back, Left Center Forward, Left Center Midfield, Left Midfield, Left Wing, Right Midfield",12,2,317.3,0,0.521,8,1,2,0,1,7,0,0.0,0.148,2.269,0.284,0.567,0.0,0.125,0.0,0.065,-0.521,0.125,0.875,0.0,1,8,0.284,2.269,99,72,10,84,2,71,9,19,11,0,2,0,28.081,20.422,3.12,0.0,0.567,0.0,0.727,0.101,0.848,0.02,0.717,0.091,0.192,0.111,0.0,0.02,0.0,131,17,12,10,7,12,0,0,37.157,4.822,3.404,2.836,1.986,3.404,0.0,0.0,0.706,7,1,1,7,48,15,16,2,0,0,3,1.986,0.284,0.284,1.986,13.615,4.255,4.538,0.567,0.0,0.0,0.851,5,2,1.418,0.567,0.4,2,0,0.567,0.0,0.108,0.892
4738,Lee Tomlin,England,AFC Bournemouth,"Center Attacking Midfield, Left Center Forward, Left Midfield",6,3,314.0,0,0.224,4,3,0,0,1,2,1,0.0,0.064,1.146,0.86,0.0,0.0,0.75,0.0,0.056,-0.224,0.25,0.5,0.25,0,7,0.0,2.006,122,84,16,94,5,85,19,18,0,0,2,1,34.968,24.076,0.0,0.0,0.573,0.287,0.689,0.131,0.77,0.041,0.697,0.156,0.148,0.0,0.0,0.016,0.008,115,9,4,9,8,8,0,0,32.962,2.58,1.146,2.58,2.293,2.293,0.0,0.0,0.444,4,0,0,7,80,18,19,3,0,0,2,1.146,0.0,0.0,2.006,22.93,5.159,5.446,0.86,0.0,0.0,0.573,16,6,4.586,1.72,0.375,1,0,0.287,0.0,0.15,0.85
13448,Bradley Shaun Smith,Australia,Liverpool,"Left Back, Left Center Midfield",4,3,313.0,0,0.027,1,0,1,0,1,0,0,0.0,0.008,0.288,0.0,0.288,0.0,0.0,0.0,0.027,-0.027,1.0,0.0,0.0,0,2,0.0,0.575,170,132,88,25,10,98,53,19,10,3,3,0,48.882,37.955,2.875,0.863,0.863,0.0,0.776,0.518,0.147,0.059,0.576,0.312,0.112,0.059,0.018,0.018,0.0,110,8,2,4,5,5,0,0,31.629,2.3,0.575,1.15,1.438,1.438,0.0,0.0,0.25,10,8,11,14,74,15,21,3,0,0,7,2.875,2.3,3.163,4.026,21.278,4.313,6.038,0.863,0.0,0.0,2.013,10,4,2.875,1.15,0.4,3,1,0.863,0.288,0.781,0.219
42946,Guangtai Jiang,China,Everton,"Left Back, Right Back",5,3,312.9,0,0.226,2,0,0,0,0,0,2,0.0,0.065,0.575,0.0,0.0,0.0,0.0,0.0,0.113,-0.226,0.0,0.0,1.0,0,2,0.0,0.575,131,105,10,89,7,73,27,31,3,0,0,0,37.68,30.201,0.863,0.0,0.0,0.0,0.802,0.076,0.679,0.053,0.557,0.206,0.237,0.023,0.0,0.0,0.0,76,1,0,2,0,1,1,0,21.86,0.288,0.0,0.575,0.0,0.288,0.288,0.0,0.0,10,0,10,2,42,13,14,4,0,2,4,2.876,0.0,2.876,0.575,12.081,3.739,4.027,1.151,0.0,0.575,1.151,6,5,1.726,1.438,0.833,1,0,0.288,0.0,0.101,0.899
4700,Matthew Pennington,England,Everton,"Left Center Back, Right Back",4,4,312.2,0,0.121,2,1,0,0,0,0,2,0.0,0.035,0.577,0.288,0.0,0.0,0.5,0.0,0.06,-0.121,0.0,0.0,1.0,0,0,0.0,0.0,172,147,23,130,4,130,15,27,1,0,0,1,49.584,42.377,0.288,0.0,0.0,0.288,0.855,0.134,0.756,0.023,0.756,0.087,0.157,0.006,0.0,0.0,0.006,131,1,1,1,2,0,0,0,37.764,0.288,0.288,0.288,0.577,0.0,0.0,0.0,1.0,4,5,22,10,22,20,5,2,0,1,2,1.153,1.441,6.342,2.883,6.342,5.766,1.441,0.577,0.0,0.288,0.577,15,12,4.324,3.459,0.8,1,0,0.288,0.0,0.15,0.85
23742,Vadis Odjidja-Ofoe,Belgium,Norwich City,"Center Attacking Midfield, Left Center Midfield, Right Midfield",10,3,310.5,0,0.161,3,1,0,0,0,3,0,0.0,0.047,0.87,0.29,0.0,0.0,0.333,0.0,0.054,-0.161,0.0,1.0,0.0,2,9,0.58,2.609,159,120,14,121,9,96,39,24,9,0,2,0,46.087,34.783,2.609,0.0,0.58,0.0,0.755,0.088,0.761,0.057,0.604,0.245,0.151,0.057,0.0,0.013,0.0,149,18,9,3,13,8,0,0,43.188,5.217,2.609,0.87,3.768,2.319,0.0,0.0,0.5,9,2,5,11,95,23,32,4,0,1,5,2.609,0.58,1.449,3.188,27.536,6.667,9.275,1.159,0.0,0.29,1.449,18,8,5.217,2.319,0.444,2,0,0.58,0.0,0.101,0.899
4726,Kyle Bartley,England,Swansea City,"Left Center Midfield, Right Center Back",5,2,306.3,0,0.089,2,0,0,0,0,0,2,0.0,0.026,0.588,0.0,0.0,0.0,0.0,0.0,0.044,-0.089,0.0,0.0,1.0,0,0,0.0,0.0,139,108,13,107,13,95,15,29,0,0,5,0,40.842,31.734,0.0,0.0,1.469,0.0,0.777,0.094,0.77,0.094,0.683,0.108,0.209,0.0,0.0,0.036,0.0,90,1,1,5,0,2,0,0,26.445,0.294,0.294,1.469,0.0,0.588,0.0,0.0,1.0,12,1,21,11,44,14,13,0,0,0,4,3.526,0.294,6.17,3.232,12.929,4.114,3.82,0.0,0.0,0.0,1.175,16,11,4.701,3.232,0.688,2,0,0.588,0.0,0.108,0.892
3586,Samuel Mark Byram,England,West Ham United,"Right Back, Right Center Back",4,2,305.5,0,0.0,0,0,0,0,0,0,0,0.0,0.0,0.0,0.0,0.0,0.0,0.0,0.0,0.0,0.0,0.0,0.0,0.0,0,2,0.0,0.589,140,96,7,87,8,56,38,46,9,1,2,0,41.244,28.282,2.651,0.295,0.589,0.0,0.686,0.05,0.621,0.057,0.4,0.271,0.329,0.064,0.007,0.014,0.0,78,0,0,4,2,2,1,0,22.979,0.0,0.0,1.178,0.589,0.589,0.295,0.0,0.0,5,12,12,6,38,15,14,2,1,0,7,1.473,3.535,3.535,1.768,11.195,4.419,4.124,0.589,0.295,0.0,2.062,12,8,3.535,2.357,0.667,3,0,0.884,0.0,0.074,0.926
42899,Gabriel Antoine Obertan,France,Newcastle United,"Left Center Midfield, Left Midfield, Left Wing, Right Midfield, Right Wing",5,3,297.1,0,0.114,3,2,0,0,0,3,0,0.0,0.035,0.909,0.606,0.0,0.0,0.667,0.0,0.038,-0.114,0.0,1.0,0.0,1,3,0.303,0.909,107,83,10,86,3,69,22,16,8,1,2,0,32.413,25.143,2.423,0.303,0.606,0.0,0.776,0.093,0.804,0.028,0.645,0.206,0.15,0.075,0.009,0.019,0.0,90,7,2,3,6,3,0,1,27.264,2.12,0.606,0.909,1.818,0.909,0.0,0.303,0.286,8,3,5,5,35,16,15,3,0,1,3,2.423,0.909,1.515,1.515,10.602,4.847,4.544,0.909,0.0,0.303,0.909,8,5,2.423,1.515,0.625,1,0,0.303,0.0,0.101,0.899
3631,Nathan Dyer,England,"Leicester City, Swansea City","Center Attacking Midfield, Left Midfield, Right Center Forward, Right Midfield, Right Wing",13,0,296.4,1,0.621,5,2,2,1,0,4,1,0.304,0.189,1.518,0.607,0.607,0.304,0.4,0.2,0.124,0.379,0.0,0.8,0.2,1,5,0.304,1.518,90,67,17,64,2,61,14,15,4,0,0,0,27.328,20.344,1.215,0.0,0.0,0.0,0.744,0.189,0.711,0.022,0.678,0.156,0.167,0.044,0.0,0.0,0.0,109,15,7,11,9,11,0,0,33.097,4.555,2.126,3.34,2.733,3.34,0.0,0.0,0.467,4,0,0,9,53,15,19,3,0,0,10,1.215,0.0,0.0,2.733,16.093,4.555,5.769,0.911,0.0,0.0,3.036,6,2,1.822,0.607,0.333,1,0,0.304,0.0,0.2,0.8
3465,Timothy Evans Fosu-Mensah,Netherlands,Manchester United,"Center Defensive Midfield, Left Back, Left Center Midfield, Right Back, Right Center Back, Right Midfield",8,2,289.3,0,0.051,2,0,1,0,1,1,0,0.0,0.016,0.622,0.0,0.311,0.0,0.0,0.0,0.026,-0.051,0.5,0.5,0.0,1,1,0.311,0.311,144,102,19,93,12,79,17,48,1,0,1,0,44.798,31.732,0.311,0.0,0.311,0.0,0.708,0.132,0.646,0.083,0.549,0.118,0.333,0.007,0.0,0.007,0.0,83,3,2,3,2,1,0,0,25.821,0.933,0.622,0.933,0.622,0.311,0.0,0.0,0.667,16,12,24,4,45,8,25,3,0,0,3,4.978,3.733,7.466,1.244,13.999,2.489,7.777,0.933,0.0,0.0,0.933,14,5,4.355,1.555,0.357,1,0,0.311,0.0,0.175,0.825
50245,Marouane Chamakh,Morocco,Crystal Palace,"Center Forward, Left Center Forward, Left Wing, Right Center Forward, Right Wing",10,1,289.2,0,0.242,2,1,1,0,0,2,0,0.0,0.075,0.622,0.311,0.311,0.0,0.5,0.0,0.121,-0.242,0.0,1.0,0.0,0,4,0.0,1.245,91,72,8,58,10,53,25,13,1,0,1,1,28.32,22.407,0.311,0.0,0.311,0.311,0.791,0.088,0.637,0.11,0.582,0.275,0.143,0.011,0.0,0.011,0.011,63,4,1,5,3,7,0,0,19.606,1.245,0.311,1.556,0.934,2.178,0.0,0.0,0.25,7,1,0,8,63,5,21,4,0,0,7,2.178,0.311,0.0,2.49,19.606,1.556,6.535,1.245,0.0,0.0,2.178,29,13,9.025,4.046,0.448,1,0,0.311,0.0,0.118,0.882
4632,Stephen Ireland,Ireland,Stoke City,"Center Attacking Midfield, Center Forward, Left Center Midfield, Left Defensive Midfield, Left Midfield, Left Wing, Right Center Forward, Right Center Midfield, Right Defensive Midfield, Right Midfield",13,0,288.6,0,0.383,3,0,2,0,0,2,1,0.0,0.119,0.936,0.0,0.624,0.0,0.0,0.0,0.128,-0.383,0.0,0.667,0.333,1,8,0.312,2.495,176,138,49,114,7,110,31,35,2,0,5,1,54.886,43.035,0.624,0.0,1.559,0.312,0.784,0.278,0.648,0.04,0.625,0.176,0.199,0.011,0.0,0.028,0.006,136,4,4,0,4,7,0,0,42.412,1.247,1.247,0.0,1.247,2.183,0.0,0.0,1.0,10,5,1,8,82,11,40,9,2,0,4,3.119,1.559,0.312,2.495,25.572,3.43,12.474,2.807,0.624,0.0,1.247,10,5,3.119,1.559,0.5,2,0,0.624,0.0,0.297,0.703
22702,Jonathan Leko,England,West Bromwich Albion,"Center Forward, Left Center Forward, Left Wing, Right Midfield, Right Wing",5,3,281.2,0,0.0,0,0,0,0,0,0,0,0.0,0.0,0.0,0.0,0.0,0.0,0.0,0.0,0.0,0.0,0.0,0.0,0.0,1,2,0.32,0.64,55,40,2,52,0,46,3,6,3,1,1,0,17.603,12.802,0.96,0.32,0.32,0.0,0.727,0.036,0.945,0.0,0.836,0.055,0.109,0.055,0.018,0.018,0.0,102,21,12,4,12,19,0,0,32.646,6.721,3.841,1.28,3.841,6.081,0.0,0.0,0.571,11,4,1,10,69,22,17,4,0,0,7,3.521,1.28,0.32,3.201,22.084,7.041,5.441,1.28,0.0,0.0,2.24,6,1,1.92,0.32,0.167,0,0,0.0,0.0,0.037,0.963
3445,Radamel Falcao García Zárate,Colombia,Chelsea,"Center Attacking Midfield, Center Forward, Left Back, Left Center Forward, Right Center Forward, Right Defensive Midfield, Right Wing",10,1,280.6,1,1.333,12,6,3,1,3,5,4,0.321,0.428,3.849,1.924,0.962,0.321,0.5,0.083,0.111,-0.333,0.25,0.417,0.333,0,2,0.0,0.641,85,64,13,55,6,59,19,7,0,0,2,0,27.263,20.527,0.0,0.0,0.641,0.0,0.753,0.153,0.647,0.071,0.694,0.224,0.082,0.0,0.0,0.024,0.0,81,7,3,7,6,8,0,0,25.98,2.245,0.962,2.245,1.924,2.566,0.0,0.0,0.429,2,3,1,6,46,8,22,2,1,0,7,0.641,0.962,0.321,1.924,14.754,2.566,7.056,0.641,0.321,0.0,2.245,26,14,8.339,4.49,0.538,1,0,0.321,0.0,0.211,0.789
13848,Marc Wilson,Ireland,Stoke City,"Left Center Back, Right Back, Right Center Back",4,1,276.1,0,0.0,0,0,0,0,0,0,0,0.0,0.0,0.0,0.0,0.0,0.0,0.0,0.0,0.0,0.0,0.0,0.0,0.0,0,1,0.0,0.326,113,86,21,78,10,66,19,28,1,0,5,0,36.834,28.033,0.326,0.0,1.63,0.0,0.761,0.186,0.69,0.088,0.584,0.168,0.248,0.009,0.0,0.044,0.0,77,2,1,3,1,1,0,0,25.1,0.652,0.326,0.978,0.326,0.326,0.0,0.0,0.5,9,4,18,1,32,8,15,3,0,1,3,2.934,1.304,5.867,0.326,10.431,2.608,4.89,0.978,0.0,0.326,0.978,17,5,5.541,1.63,0.294,0,0,0.0,0.0,0.212,0.788
28247,Libor Kozák,Czech Republic,Aston Villa,"Center Forward, Right Back, Right Center Forward",4,3,271.3,0,0.675,6,2,1,1,1,4,1,0.0,0.224,1.99,0.663,0.332,0.332,0.333,0.0,0.112,-0.675,0.167,0.667,0.167,0,3,0.0,0.995,73,46,9,31,10,24,29,20,1,1,0,0,24.217,15.26,0.332,0.332,0.0,0.0,0.63,0.123,0.425,0.137,0.329,0.397,0.274,0.014,0.014,0.0,0.0,60,3,1,3,3,17,0,0,19.904,0.995,0.332,0.995,0.995,5.64,0.0,0.0,0.333,3,1,3,3,36,7,17,0,0,0,6,0.995,0.332,0.995,0.995,11.942,2.322,5.64,0.0,0.0,0.0,1.99,45,21,14.928,6.966,0.467,0,0,0.0,0.0,0.222,0.778
7745,Steven Berghuis,Netherlands,Watford,"Left Midfield, Left Wing, Right Back, Right Center Forward, Right Midfield, Right Wing",9,0,267.7,0,0.519,7,4,3,0,7,0,0,0.0,0.174,2.353,1.345,1.009,0.0,0.571,0.0,0.074,-0.519,1.0,0.0,0.0,2,8,0.672,2.69,113,74,98,8,0,68,15,30,13,0,12,3,37.99,24.879,4.371,0.0,4.034,1.009,0.655,0.867,0.071,0.0,0.602,0.133,0.265,0.115,0.0,0.106,0.027,107,5,4,4,3,3,0,0,35.973,1.681,1.345,1.345,1.009,1.009,0.0,0.0,0.8,5,2,1,5,60,18,21,8,0,0,11,1.681,0.672,0.336,1.681,20.172,6.052,7.06,2.69,0.0,0.0,3.698,7,1,2.353,0.336,0.143,2,0,0.672,0.0,0.929,0.071
3731,Adrian Mariappa,Jamaica,Crystal Palace,"Right Back, Right Center Back",3,3,260.5,0,0.0,0,0,0,0,0,0,0,0.0,0.0,0.0,0.0,0.0,0.0,0.0,0.0,0.0,0.0,0.0,0.0,0.0,0,0,0.0,0.0,131,105,6,103,5,76,21,34,2,0,2,0,45.259,36.276,0.691,0.0,0.691,0.0,0.802,0.046,0.786,0.038,0.58,0.16,0.26,0.015,0.0,0.015,0.0,85,3,2,3,2,1,0,0,29.367,1.036,0.691,1.036,0.691,0.345,0.0,0.0,0.667,4,4,16,3,30,14,15,3,0,0,4,1.382,1.382,5.528,1.036,10.365,4.837,5.182,1.036,0.0,0.0,1.382,15,7,5.182,2.418,0.467,0,0,0.0,0.0,0.055,0.945
20067,Darron Gibson,Ireland,Everton,"Center Attacking Midfield, Center Defensive Midfield, Left Center Midfield, Left Wing, Right Back, Right Center Midfield, Right Defensive Midfield",7,2,260.5,0,0.024,2,1,0,0,0,2,0,0.0,0.008,0.691,0.345,0.0,0.0,0.5,0.0,0.012,-0.024,0.0,1.0,0.0,0,3,0.0,1.036,177,154,22,144,7,128,17,32,0,0,9,1,61.152,53.205,0.0,0.0,3.109,0.345,0.87,0.124,0.814,0.04,0.723,0.096,0.181,0.0,0.0,0.051,0.006,135,3,3,0,2,1,0,0,46.641,1.036,1.036,0.0,0.691,0.345,0.0,0.0,1.0,3,11,18,6,37,17,19,5,0,0,5,1.036,3.8,6.219,2.073,12.783,5.873,6.564,1.727,0.0,0.0,1.727,9,7,3.109,2.418,0.778,3,0,1.036,0.0,0.131,0.869
43757,Yoan Gouffran,France,Newcastle United,"Center Forward, Left Attacking Midfield, Left Back, Left Center Midfield, Left Defensive Midfield, Left Wing, Left Wing Back, Right Center Midfield, Right Defensive Midfield",8,2,256.6,0,0.143,3,1,0,0,0,2,1,0.0,0.05,1.052,0.351,0.0,0.0,0.333,0.0,0.048,-0.143,0.0,0.667,0.333,0,1,0.0,0.351,94,71,23,60,5,60,8,26,3,0,3,0,32.97,24.903,1.052,0.0,1.052,0.0,0.755,0.245,0.638,0.053,0.638,0.085,0.277,0.032,0.0,0.032,0.0,79,2,0,1,9,1,0,0,27.708,0.701,0.0,0.351,3.157,0.351,0.0,0.0,0.0,7,8,10,7,54,16,21,3,0,0,5,2.455,2.806,3.507,2.455,18.94,5.612,7.366,1.052,0.0,0.0,1.754,15,8,5.261,2.806,0.533,0,0,0.0,0.0,0.271,0.729
42947,Leon Osman,England,Everton,"Center Attacking Midfield, Center Forward, Left Center Midfield, Left Midfield, Left Wing, Right Center Midfield, Right Defensive Midfield, Right Wing",9,2,250.7,0,0.247,3,0,2,0,1,1,1,0.0,0.089,1.077,0.0,0.718,0.0,0.0,0.0,0.082,-0.247,0.333,0.333,0.333,0,0,0.0,0.0,152,124,45,102,5,128,9,15,3,0,2,0,54.567,44.515,1.077,0.0,0.718,0.0,0.816,0.296,0.671,0.033,0.842,0.059,0.099,0.02,0.0,0.013,0.0,137,3,1,6,4,6,0,0,49.182,1.077,0.359,2.154,1.436,2.154,0.0,0.0,0.333,2,2,2,5,49,17,9,5,2,0,2,0.718,0.718,0.718,1.795,17.591,6.103,3.231,1.795,0.718,0.0,0.718,8,0,2.872,0.0,0.0,0,0,0.0,0.0,0.309,0.691
11333,Adama Traoré Diarra,Spain,Aston Villa,"Center Attacking Midfield, Center Defensive Midfield, Left Wing, Right Center Forward, Right Midfield, Right Wing",10,0,237.1,0,0.125,2,0,0,1,1,1,0,0.0,0.047,0.759,0.0,0.0,0.38,0.0,0.0,0.062,-0.125,0.5,0.5,0.0,1,1,0.38,0.38,53,27,5,46,0,30,10,13,17,2,4,0,20.118,10.249,6.453,0.759,1.518,0.0,0.509,0.094,0.868,0.0,0.566,0.189,0.245,0.321,0.038,0.075,0.0,115,34,21,13,13,11,0,0,43.652,12.906,7.971,4.935,4.935,4.175,0.0,0.0,0.618,1,0,0,5,28,17,11,0,0,0,4,0.38,0.0,0.0,1.898,10.628,6.453,4.175,0.0,0.0,0.0,1.518,4,0,1.518,0.0,0.0,1,0,0.38,0.0,0.113,0.887
20446,Shay Given,Ireland,Stoke City,Goalkeeper,3,3,235.2,0,0.0,0,0,0,0,0,0,0,0.0,0.0,0.0,0.0,0.0,0.0,0.0,0.0,0.0,0.0,0.0,0.0,0.0,0,0,0.0,0.0,67,44,3,49,0,10,3,54,0,0,5,0,25.638,16.837,0.0,0.0,1.913,0.0,0.657,0.045,0.731,0.0,0.149,0.045,0.806,0.0,0.0,0.075,0.0,23,0,0,1,0,0,0,0,8.801,0.0,0.0,0.383,0.0,0.0,0.0,0.0,0.0,0,0,0,0,0,12,0,1,0,0,0,0.0,0.0,0.0,0.0,0.0,4.592,0.0,0.383,0.0,0.0,0.0,0,0,0.0,0.0,0.0,1,0,0.383,0.0,0.058,0.942
3966,Charlie Austin,England,Southampton,"Center Forward, Left Center Forward, Left Wing, Right Center Forward, Right Center Midfield",7,2,231.0,1,0.598,8,2,3,0,1,6,1,0.39,0.233,3.117,0.779,1.169,0.0,0.25,0.125,0.075,0.402,0.125,0.75,0.125,0,1,0.0,0.39,55,35,4,32,8,24,10,21,2,0,0,0,21.429,13.636,0.779,0.0,0.0,0.0,0.636,0.073,0.582,0.145,0.436,0.182,0.382,0.036,0.0,0.0,0.0,44,2,2,7,6,5,0,0,17.143,0.779,0.779,2.727,2.338,1.948,0.0,0.0,1.0,4,2,5,1,40,6,13,4,0,0,4,1.558,0.779,1.948,0.39,15.584,2.338,5.065,1.558,0.0,0.0,1.558,32,12,12.468,4.675,0.375,0,0,0.0,0.0,0.116,0.884
4273,Reece Oxford,England,West Ham United,"Center Back, Center Defensive Midfield, Left Center Midfield, Left Wing, Right Center Back, Right Center Midfield, Right Midfield, Right Wing",7,3,230.5,0,0.07,1,0,0,0,0,0,1,0.0,0.027,0.39,0.0,0.0,0.0,0.0,0.0,0.07,-0.07,0.0,0.0,1.0,0,0,0.0,0.0,57,47,6,50,1,40,7,10,0,0,2,0,22.256,18.351,0.0,0.0,0.781,0.0,0.825,0.105,0.877,0.018,0.702,0.123,0.175,0.0,0.0,0.035,0.0,33,0,0,1,0,1,0,0,12.885,0.0,0.0,0.39,0.0,0.39,0.0,0.0,0.0,6,6,7,7,31,6,7,2,0,0,2,2.343,2.343,2.733,2.733,12.104,2.343,2.733,0.781,0.0,0.0,0.781,6,3,2.343,1.171,0.5,0,0,0.0,0.0,0.107,0.893
3312,Demarai Gray,England,Leicester City,"Left Back, Left Center Forward, Left Midfield, Left Wing, Right Center Forward, Right Midfield",12,1,228.2,0,0.16,5,3,1,0,0,5,0,0.0,0.063,1.972,1.183,0.394,0.0,0.6,0.0,0.032,-0.16,0.0,1.0,0.0,1,6,0.394,2.366,100,72,9,81,3,63,17,20,6,2,5,0,39.439,28.396,2.366,0.789,1.972,0.0,0.72,0.09,0.81,0.03,0.63,0.17,0.2,0.06,0.02,0.05,0.0,98,11,7,4,10,6,0,0,38.65,4.338,2.761,1.578,3.944,2.366,0.0,0.0,0.636,4,6,3,8,53,15,21,3,0,1,2,1.578,2.366,1.183,3.155,20.903,5.916,8.282,1.183,0.0,0.394,0.789,6,4,2.366,1.578,0.667,0,0,0.0,0.0,0.095,0.905
6695,Juan Miguel Jiménez López,Spain,Southampton,"Center Attacking Midfield, Left Center Midfield, Left Defensive Midfield, Left Wing, Right Back, Right Center Midfield, Right Midfield, Right Wing",12,0,221.2,0,0.427,6,1,0,1,3,3,0,0.0,0.174,2.441,0.407,0.0,0.407,0.167,0.0,0.071,-0.427,0.5,0.5,0.0,0,3,0.0,1.221,51,40,8,39,3,34,10,7,2,1,0,1,20.75,16.275,0.814,0.407,0.0,0.407,0.784,0.157,0.765,0.059,0.667,0.196,0.137,0.039,0.02,0.0,0.02,56,4,3,5,6,2,0,0,22.785,1.627,1.221,2.034,2.441,0.814,0.0,0.0,0.75,2,0,0,3,53,8,12,6,0,0,4,0.814,0.0,0.0,1.221,21.564,3.255,4.882,2.441,0.0,0.0,1.627,4,0,1.627,0.0,0.0,0,0,0.0,0.0,0.208,0.792
3534,Clinton Mua N''Jie,Cameroon,Tottenham Hotspur,"Center Attacking Midfield, Center Forward, Left Attacking Midfield, Left Wing",8,0,219.0,0,0.499,7,2,1,0,0,7,0,0.0,0.205,2.877,0.822,0.411,0.0,0.286,0.0,0.071,-0.499,0.0,1.0,0.0,1,2,0.411,0.822,72,46,5,55,9,44,13,15,4,0,2,1,29.589,18.904,1.644,0.0,0.822,0.411,0.639,0.069,0.764,0.125,0.611,0.181,0.208,0.056,0.0,0.028,0.014,81,12,7,1,5,11,0,0,33.288,4.932,2.877,0.411,2.055,4.521,0.0,0.0,0.583,9,1,0,5,51,9,25,7,0,0,4,3.699,0.411,0.0,2.055,20.959,3.699,10.274,2.877,0.0,0.0,1.644,6,2,2.466,0.822,0.333,0,0,0.0,0.0,0.075,0.925
20230,Gökhan İnler,Switzerland,Leicester City,"Center Defensive Midfield, Left Center Midfield, Left Defensive Midfield, Right Defensive Midfield, Right Midfield",5,3,204.6,0,0.038,2,0,1,0,1,1,0,0.0,0.017,0.88,0.0,0.44,0.0,0.0,0.0,0.019,-0.038,0.5,0.5,0.0,0,1,0.0,0.44,122,97,26,80,12,72,24,26,0,0,6,0,53.666,42.669,0.0,0.0,2.639,0.0,0.795,0.213,0.656,0.098,0.59,0.197,0.213,0.0,0.0,0.049,0.0,92,3,2,4,4,2,1,0,40.469,1.32,0.88,1.76,1.76,0.88,0.44,0.0,0.667,7,2,8,7,49,21,18,3,1,0,3,3.079,0.88,3.519,3.079,21.554,9.238,7.918,1.32,0.44,0.0,1.32,16,6,7.038,2.639,0.375,0,0,0.0,0.0,0.25,0.75
42703,Mikel Arteta Amatriain,Spain,Arsenal,"Center Attacking Midfield, Left Defensive Midfield, Left Wing, Right Back, Right Center Midfield, Right Defensive Midfield, Right Wing",9,0,191.4,0,0.372,1,1,1,0,0,1,0,0.0,0.175,0.47,0.47,0.47,0.0,1.0,0.0,0.372,-0.372,0.0,1.0,0.0,0,1,0.0,0.47,128,113,26,89,5,90,17,21,0,0,2,1,60.188,53.135,0.0,0.0,0.94,0.47,0.883,0.203,0.695,0.039,0.703,0.133,0.164,0.0,0.0,0.016,0.008,89,2,1,7,0,5,0,0,41.85,0.94,0.47,3.292,0.0,2.351,0.0,0.0,0.5,7,3,7,4,38,5,20,3,0,0,8,3.292,1.411,3.292,1.881,17.868,2.351,9.404,1.411,0.0,0.0,3.762,14,10,6.583,4.702,0.714,1,0,0.47,0.0,0.224,0.776
9914,Danny Ward,Wales,Liverpool,Goalkeeper,2,2,188.6,0,0.0,0,0,0,0,0,0,0,0.0,0.0,0.0,0.0,0.0,0.0,0.0,0.0,0.0,0.0,0.0,0.0,0.0,0,0,0.0,0.0,58,33,2,42,0,28,1,29,0,0,1,0,27.678,15.748,0.0,0.0,0.477,0.0,0.569,0.034,0.724,0.0,0.483,0.017,0.5,0.0,0.0,0.017,0.0,34,0,0,0,0,0,0,0,16.225,0.0,0.0,0.0,0.0,0.0,0.0,0.0,0.0,0,0,0,0,0,6,0,0,0,0,0,0.0,0.0,0.0,0.0,0.0,2.863,0.0,0.0,0.0,0.0,0.0,0,0,0.0,0.0,0.0,0,0,0.0,0.0,0.045,0.955
5109,Paulo Dino Gazzaniga,Argentina,Southampton,Goalkeeper,2,2,187.8,0,0.0,0,0,0,0,0,0,0,0.0,0.0,0.0,0.0,0.0,0.0,0.0,0.0,0.0,0.0,0.0,0.0,0.0,0,0,0.0,0.0,64,41,7,43,0,15,7,42,0,0,0,0,30.671,19.649,0.0,0.0,0.0,0.0,0.641,0.109,0.672,0.0,0.234,0.109,0.656,0.0,0.0,0.0,0.0,26,0,0,0,0,0,0,0,12.46,0.0,0.0,0.0,0.0,0.0,0.0,0.0,0.0,0,0,0,0,0,10,0,0,0,0,0,0.0,0.0,0.0,0.0,0.0,4.792,0.0,0.0,0.0,0.0,0.0,0,0,0.0,0.0,0.0,0,0,0.0,0.0,0.14,0.86
3468,Jordan Pickford,England,Sunderland,Goalkeeper,2,2,187.1,0,0.0,0,0,0,0,0,0,0,0.0,0.0,0.0,0.0,0.0,0.0,0.0,0.0,0.0,0.0,0.0,0.0,0.0,0,0,0.0,0.0,78,30,49,12,0,6,2,70,0,0,7,0,37.52,14.431,0.0,0.0,3.367,0.0,0.385,0.628,0.154,0.0,0.077,0.026,0.897,0.0,0.0,0.09,0.0,30,0,0,1,0,0,0,0,14.431,0.0,0.0,0.481,0.0,0.0,0.0,0.0,0.0,0,0,0,0,0,9,0,0,0,0,0,0.0,0.0,0.0,0.0,0.0,4.329,0.0,0.0,0.0,0.0,0.0,0,0,0.0,0.0,0.0,0,0,0.0,0.0,0.803,0.197
8520,Nabil Bentaleb,Algeria,Tottenham Hotspur,"Center Attacking Midfield, Left Center Midfield, Left Defensive Midfield",5,2,186.0,0,0.135,3,2,1,0,3,0,0,0.0,0.065,1.452,0.968,0.484,0.0,0.667,0.0,0.045,-0.135,1.0,0.0,0.0,0,2,0.0,0.968,100,78,82,7,6,73,10,17,0,0,0,3,48.387,37.742,0.0,0.0,0.0,1.452,0.78,0.82,0.07,0.06,0.73,0.1,0.17,0.0,0.0,0.0,0.03,81,5,4,1,1,0,0,0,39.194,2.419,1.935,0.484,0.484,0.0,0.0,0.0,0.8,2,0,1,3,31,5,3,3,0,0,3,0.968,0.0,0.484,1.452,15.0,2.419,1.452,1.452,0.0,0.0,1.452,5,3,2.419,1.452,0.6,1,0,0.484,0.0,0.924,0.076
9985,Ádám Bogdán,Hungary,Liverpool,Goalkeeper,2,2,185.2,0,0.0,0,0,0,0,0,0,0,0.0,0.0,0.0,0.0,0.0,0.0,0.0,0.0,0.0,0.0,0.0,0.0,0.0,0,0,0.0,0.0,49,25,1,39,0,15,2,32,0,0,0,0,23.812,12.149,0.0,0.0,0.0,0.0,0.51,0.02,0.796,0.0,0.306,0.041,0.653,0.0,0.0,0.0,0.0,18,0,0,0,0,0,1,0,8.747,0.0,0.0,0.0,0.0,0.0,0.486,0.0,0.0,0,0,0,0,0,8,0,0,0,0,0,0.0,0.0,0.0,0.0,0.0,3.888,0.0,0.0,0.0,0.0,0.0,0,0,0.0,0.0,0.0,0,0,0.0,0.0,0.025,0.975
3487,Julián Speroni,Argentina,Crystal Palace,Goalkeeper,2,2,185.1,0,0.0,0,0,0,0,0,0,0,0.0,0.0,0.0,0.0,0.0,0.0,0.0,0.0,0.0,0.0,0.0,0.0,0.0,0,0,0.0,0.0,68,41,8,51,0,17,2,49,0,0,2,0,33.063,19.935,0.0,0.0,0.972,0.0,0.603,0.118,0.75,0.0,0.25,0.029,0.721,0.0,0.0,0.029,0.0,22,0,0,0,0,0,1,0,10.697,0.0,0.0,0.0,0.0,0.0,0.486,0.0,0.0,0,0,0,0,0,5,0,0,0,0,0,0.0,0.0,0.0,0.0,0.0,2.431,0.0,0.0,0.0,0.0,0.0,0,0,0.0,0.0,0.0,0,0,0.0,0.0,0.136,0.864
9958,Steven Caulker,Sierra Leone,"Liverpool, Southampton","Left Back, Left Center Midfield, Left Defensive Midfield, Left Midfield, Left Wing, Right Center Back",6,1,171.0,0,0.325,4,2,1,0,0,1,3,0.0,0.171,2.105,1.053,0.526,0.0,0.5,0.0,0.081,-0.325,0.0,0.25,0.75,0,1,0.0,0.526,80,56,12,41,13,36,10,34,0,0,2,0,42.105,29.474,0.0,0.0,1.053,0.0,0.7,0.15,0.512,0.162,0.45,0.125,0.425,0.0,0.0,0.025,0.0,47,1,1,0,1,2,0,0,24.737,0.526,0.526,0.0,0.526,1.053,0.0,0.0,1.0,3,1,18,5,11,7,4,1,0,0,0,1.579,0.526,9.474,2.632,5.789,3.684,2.105,0.526,0.0,0.0,0.0,17,10,8.947,5.263,0.588,0,0,0.0,0.0,0.222,0.778
22058,Connor Steven Randall,England,Liverpool,"Left Back, Right Back",3,2,170.6,0,0.127,2,1,2,0,0,2,0,0.0,0.067,1.055,0.528,1.055,0.0,0.5,0.0,0.064,-0.127,0.0,1.0,0.0,0,0,0.0,0.0,104,78,9,57,7,43,37,24,2,0,0,0,54.865,41.149,1.055,0.0,0.0,0.0,0.75,0.087,0.548,0.067,0.413,0.356,0.231,0.019,0.0,0.0,0.0,57,6,2,2,2,3,0,0,30.07,3.165,1.055,1.055,1.055,1.583,0.0,0.0,0.333,2,4,2,4,39,6,15,1,1,0,1,1.055,2.11,1.055,2.11,20.574,3.165,7.913,0.528,0.528,0.0,0.528,9,2,4.748,1.055,0.222,0,0,0.0,0.0,0.132,0.868
4804,Bradley Johnson,England,Norwich City,"Center Attacking Midfield, Left Midfield, Left Wing, Right Center Midfield",4,1,167.1,0,0.806,10,2,3,0,5,2,3,0.0,0.434,5.386,1.077,1.616,0.0,0.2,0.0,0.081,-0.806,0.5,0.2,0.3,1,4,0.539,2.154,77,55,51,9,8,45,16,16,2,0,2,1,41.472,29.623,1.077,0.0,1.077,0.539,0.714,0.662,0.117,0.104,0.584,0.208,0.208,0.026,0.0,0.026,0.013,70,5,3,3,6,3,0,0,37.702,2.693,1.616,1.616,3.232,1.616,0.0,0.0,0.6,7,1,1,3,30,12,12,3,0,0,3,3.77,0.539,0.539,1.616,16.158,6.463,6.463,1.616,0.0,0.0,1.616,10,7,5.386,3.77,0.7,0,0,0.0,0.0,0.836,0.164
6330,Adnan Januzaj,Belgium,Manchester United,"Center Attacking Midfield, Center Forward, Left Wing Back, Right Back",5,2,160.4,1,0.195,4,1,2,0,3,1,0,0.561,0.109,2.244,0.561,1.122,0.0,0.25,0.25,0.049,0.805,0.75,0.25,0.0,0,0,0.0,0.0,45,36,38,6,1,32,7,6,0,0,2,2,25.249,20.2,0.0,0.0,1.122,1.122,0.8,0.844,0.133,0.022,0.711,0.156,0.133,0.0,0.0,0.044,0.044,63,10,5,6,6,3,0,0,35.349,5.611,2.805,3.367,3.367,1.683,0.0,0.0,0.5,0,0,1,1,28,8,9,1,0,0,4,0.0,0.0,0.561,0.561,15.711,4.489,5.05,0.561,0.0,0.0,2.244,4,0,2.244,0.0,0.0,1,0,0.561,0.0,0.854,0.146
5110,Henri Saivet,Senegal,Newcastle United,"Left Back, Left Defensive Midfield, Right Defensive Midfield",4,2,159.8,0,0.0,0,0,0,0,0,0,0,0.0,0.0,0.0,0.0,0.0,0.0,0.0,0.0,0.0,0.0,0.0,0.0,0.0,0,1,0.0,0.563,78,62,4,58,13,49,13,16,0,0,5,0,43.93,34.919,0.0,0.0,2.816,0.0,0.795,0.051,0.744,0.167,0.628,0.167,0.205,0.0,0.0,0.064,0.0,59,3,0,2,2,2,0,0,33.229,1.69,0.0,1.126,1.126,1.126,0.0,0.0,0.0,16,8,6,1,59,15,26,6,0,0,1,9.011,4.506,3.379,0.563,33.229,8.448,14.643,3.379,0.0,0.0,0.563,6,3,3.379,1.69,0.5,0,0,0.0,0.0,0.065,0.935
20951,Jordan Lyden,Australia,Aston Villa,"Center Defensive Midfield, Right Defensive Midfield, Right Midfield, Right Wing Back",4,2,157.4,0,0.075,1,0,0,1,0,0,1,0.0,0.043,0.572,0.0,0.0,0.572,0.0,0.0,0.075,-0.075,0.0,0.0,1.0,0,1,0.0,0.572,72,59,5,60,7,52,9,11,2,1,4,0,41.169,33.736,1.144,0.572,2.287,0.0,0.819,0.069,0.833,0.097,0.722,0.125,0.153,0.028,0.014,0.056,0.0,64,1,1,2,1,4,0,0,36.595,0.572,0.572,1.144,0.572,2.287,0.0,0.0,1.0,4,4,6,1,33,10,4,1,1,0,1,2.287,2.287,3.431,0.572,18.869,5.718,2.287,0.572,0.572,0.0,0.572,4,3,2.287,1.715,0.75,0,0,0.0,0.0,0.077,0.923
3442,El-Hadji Baye Oumar Niasse,Senegal,Everton,"Center Forward, Left Center Forward, Left Center Midfield, Left Midfield, Right Center Forward",5,2,156.6,0,0.144,2,1,2,0,0,2,0,0.0,0.083,1.149,0.575,1.149,0.0,0.5,0.0,0.072,-0.144,0.0,1.0,0.0,0,2,0.0,1.149,46,36,6,38,0,30,11,5,2,0,1,1,26.437,20.69,1.149,0.0,0.575,0.575,0.783,0.13,0.826,0.0,0.652,0.239,0.109,0.043,0.0,0.022,0.022,35,6,2,3,3,4,0,0,20.115,3.448,1.149,1.724,1.724,2.299,0.0,0.0,0.333,4,3,0,2,30,5,11,3,0,0,2,2.299,1.724,0.0,1.149,17.241,2.874,6.322,1.724,0.0,0.0,1.149,11,3,6.322,1.724,0.273,0,0,0.0,0.0,0.13,0.87
13573,Yann Kermorgant,France,AFC Bournemouth,"Center Forward, Left Center Forward, Left Center Midfield, Left Midfield, Right Center Forward, Right Center Midfield",7,0,154.1,0,0.147,2,0,1,0,1,0,1,0.0,0.086,1.168,0.0,0.584,0.0,0.0,0.0,0.074,-0.147,0.5,0.0,0.5,0,2,0.0,1.168,62,40,12,35,6,31,11,20,1,0,1,1,36.21,23.361,0.584,0.0,0.584,0.584,0.645,0.194,0.565,0.097,0.5,0.177,0.323,0.016,0.0,0.016,0.016,35,3,2,5,5,0,0,0,20.441,1.752,1.168,2.92,2.92,0.0,0.0,0.0,0.667,0,1,1,4,17,6,5,2,0,0,0,0.0,0.584,0.584,2.336,9.929,3.504,2.92,1.168,0.0,0.0,0.0,16,10,9.345,5.84,0.625,0,0,0.0,0.0,0.271,0.729
16027,Kevin Mbabu,Switzerland,Newcastle United,"Left Back, Right Center Midfield",3,2,153.9,0,0.037,1,1,0,0,0,1,0,0.0,0.022,0.585,0.585,0.0,0.0,1.0,0.0,0.037,-0.037,0.0,1.0,0.0,0,1,0.0,0.585,56,30,11,25,1,21,8,27,2,1,2,0,32.749,17.544,1.17,0.585,1.17,0.0,0.536,0.196,0.446,0.018,0.375,0.143,0.482,0.036,0.018,0.036,0.0,36,4,3,2,3,1,0,0,21.053,2.339,1.754,1.17,1.754,0.585,0.0,0.0,0.75,11,2,5,7,42,7,17,3,1,1,3,6.433,1.17,2.924,4.094,24.561,4.094,9.942,1.754,0.585,0.585,1.754,6,4,3.509,2.339,0.667,0,0,0.0,0.0,0.297,0.703
3388,Jack Wilshere,England,Arsenal,"Center Attacking Midfield, Left Wing, Right Wing",3,1,147.8,0,0.314,1,0,1,0,0,1,0,0.0,0.191,0.609,0.0,0.609,0.0,0.0,0.0,0.314,-0.314,0.0,1.0,0.0,0,0,0.0,0.0,77,68,70,5,0,68,5,4,0,1,0,1,46.888,41.407,0.0,0.609,0.0,0.609,0.883,0.909,0.065,0.0,0.883,0.065,0.052,0.0,0.013,0.0,0.013,91,11,5,7,1,4,0,0,55.413,6.698,3.045,4.263,0.609,2.436,0.0,0.0,0.455,3,0,4,1,33,9,11,3,0,0,2,1.827,0.0,2.436,0.609,20.095,5.48,6.698,1.827,0.0,0.0,1.218,4,2,2.436,1.218,0.5,0,0,0.0,0.0,0.921,0.079
40125,Steven Pienaar,South Africa,Everton,"Center Attacking Midfield, Left Center Midfield, Left Wing, Right Center Back",4,0,144.2,0,0.052,2,0,1,0,2,0,0,0.0,0.032,1.248,0.0,0.624,0.0,0.0,0.0,0.026,-0.052,1.0,0.0,0.0,0,1,0.0,0.624,80,64,12,66,1,67,7,6,2,1,2,0,49.931,39.945,1.248,0.624,1.248,0.0,0.8,0.15,0.825,0.012,0.838,0.088,0.075,0.025,0.012,0.025,0.0,74,6,4,3,3,3,0,0,46.186,3.745,2.497,1.872,1.872,1.872,0.0,0.0,0.667,1,4,2,5,24,6,12,1,0,0,2,0.624,2.497,1.248,3.121,14.979,3.745,7.49,0.624,0.0,0.0,1.248,6,1,3.745,0.624,0.167,0,0,0.0,0.0,0.175,0.825
4428,Mathieu Debuchy,France,Arsenal,Right Back,2,2,143.6,0,0.029,1,0,0,0,0,1,0,0.0,0.018,0.627,0.0,0.0,0.0,0.0,0.0,0.029,-0.029,0.0,1.0,0.0,0,1,0.0,0.627,101,74,2,65,11,44,30,27,3,1,0,0,63.301,46.379,1.88,0.627,0.0,0.0,0.733,0.02,0.644,0.109,0.436,0.297,0.267,0.03,0.01,0.0,0.0,62,3,1,1,3,1,0,0,38.858,1.88,0.627,0.627,1.88,0.627,0.0,0.0,0.333,8,1,6,5,25,10,3,2,0,0,3,5.014,0.627,3.76,3.134,15.669,6.267,1.88,1.253,0.0,0.0,1.88,8,7,5.014,4.387,0.875,0,0,0.0,0.0,0.029,0.971
7848,Matt Miazga,United States of America,Chelsea,Right Center Back,2,2,138.2,0,0.0,0,0,0,0,0,0,0,0.0,0.0,0.0,0.0,0.0,0.0,0.0,0.0,0.0,0.0,0.0,0.0,0.0,0,0,0.0,0.0,88,72,9,72,4,65,10,13,0,1,6,0,57.308,46.889,0.0,0.651,3.907,0.0,0.818,0.102,0.818,0.045,0.739,0.114,0.148,0.0,0.011,0.068,0.0,62,0,0,2,0,1,0,0,40.376,0.0,0.0,1.302,0.0,0.651,0.0,0.0,0.0,2,3,6,5,13,5,2,0,0,0,1,1.302,1.954,3.907,3.256,8.466,3.256,1.302,0.0,0.0,0.0,0.651,10,4,6.512,2.605,0.4,1,0,0.651,0.0,0.111,0.889
25351,Alexandre Rodrigues da Silva,Brazil,Chelsea,Center Forward,2,1,134.1,1,1.908,4,2,2,0,2,2,0,0.671,1.281,2.685,1.342,1.342,0.0,0.5,0.25,0.477,-0.908,0.5,0.5,0.0,0,0,0.0,0.0,26,23,4,19,3,18,5,3,0,0,1,0,17.45,15.436,0.0,0.0,0.671,0.0,0.885,0.154,0.731,0.115,0.692,0.192,0.115,0.0,0.0,0.038,0.0,29,2,0,4,6,4,0,0,19.463,1.342,0.0,2.685,4.027,2.685,0.0,0.0,0.0,2,0,1,0,17,9,8,1,1,0,2,1.342,0.0,0.671,0.0,11.409,6.04,5.369,0.671,0.671,0.0,1.342,4,0,2.685,0.0,0.0,0,0,0.0,0.0,0.222,0.778
5556,Miguel Arturo Layún Prado,Mexico,Watford,"Left Midfield, Right Wing",3,2,134.1,1,0.246,4,1,1,0,0,4,0,0.671,0.165,2.685,0.671,0.671,0.0,0.25,0.25,0.062,0.754,0.0,1.0,0.0,0,2,0.0,1.342,60,45,18,40,2,43,10,7,6,0,1,0,40.268,30.201,4.027,0.0,0.671,0.0,0.75,0.3,0.667,0.033,0.717,0.167,0.117,0.1,0.0,0.017,0.0,53,4,4,1,4,1,0,0,35.57,2.685,2.685,0.671,2.685,0.671,0.0,0.0,1.0,4,1,3,1,31,5,10,7,0,0,1,2.685,0.671,2.013,0.671,20.805,3.356,6.711,4.698,0.0,0.0,0.671,1,0,0.671,0.0,0.0,0,0,0.0,0.0,0.29,0.71
4243,Cameron Brannagan,England,Liverpool,"Left Midfield, Right Center Midfield, Right Wing",3,1,121.4,0,0.083,1,1,0,0,0,1,0,0.0,0.062,0.741,0.741,0.0,0.0,1.0,0.0,0.083,-0.083,0.0,1.0,0.0,0,1,0.0,0.741,126,115,12,110,3,105,6,15,4,0,5,0,93.41,85.255,2.965,0.0,3.707,0.0,0.913,0.095,0.873,0.024,0.833,0.048,0.119,0.032,0.0,0.04,0.0,98,4,2,0,0,1,0,0,72.652,2.965,1.483,0.0,0.0,0.741,0.0,0.0,0.5,5,2,1,6,50,13,18,6,1,0,0,3.707,1.483,0.741,4.448,37.068,9.638,13.344,4.448,0.741,0.0,0.0,5,2,3.707,1.483,0.4,0,0,0.0,0.0,0.098,0.902
42901,Osazemwinde Peter Odemwingie,Nigeria,Stoke City,"Center Attacking Midfield, Left Wing, Right Wing",5,0,120.6,0,0.081,2,0,1,0,2,0,0,0.0,0.06,1.493,0.0,0.746,0.0,0.0,0.0,0.04,-0.081,1.0,0.0,0.0,0,0,0.0,0.0,54,45,9,43,0,36,14,4,3,0,2,0,40.299,33.582,2.239,0.0,1.493,0.0,0.833,0.167,0.796,0.0,0.667,0.259,0.074,0.056,0.0,0.037,0.0,49,2,1,1,5,4,0,0,36.567,1.493,0.746,0.746,3.731,2.985,0.0,0.0,0.5,3,3,1,2,36,4,11,1,0,0,3,2.239,2.239,0.746,1.493,26.866,2.985,8.209,0.746,0.0,0.0,2.239,5,1,3.731,0.746,0.2,0,0,0.0,0.0,0.204,0.796
3709,Daniel Amartey,Ghana,Leicester City,"Left Midfield, Right Back, Right Center Forward, Right Midfield",5,1,120.5,0,0.408,1,1,0,1,0,1,0,0.0,0.305,0.747,0.747,0.0,0.747,1.0,0.0,0.408,-0.408,0.0,1.0,0.0,0,1,0.0,0.747,74,61,6,51,5,45,13,16,0,0,1,0,55.27,45.56,0.0,0.0,0.747,0.0,0.824,0.081,0.689,0.068,0.608,0.176,0.216,0.0,0.0,0.014,0.0,51,2,1,1,2,1,0,0,38.091,1.494,0.747,0.747,1.494,0.747,0.0,0.0,0.5,1,3,4,2,16,8,10,1,0,0,0,0.747,2.241,2.988,1.494,11.95,5.975,7.469,0.747,0.0,0.0,0.0,5,2,3.734,1.494,0.4,0,0,0.0,0.0,0.103,0.897
16067,Josh Onomah,England,Tottenham Hotspur,"Center Forward, Left Center Midfield, Left Wing, Right Defensive Midfield, Right Wing",8,0,107.6,0,0.191,3,2,0,0,1,2,0,0.0,0.16,2.509,1.673,0.0,0.0,0.667,0.0,0.064,-0.191,0.333,0.667,0.0,0,0,0.0,0.0,49,32,9,34,4,35,3,11,7,2,1,0,40.985,26.766,5.855,1.673,0.836,0.0,0.653,0.184,0.694,0.082,0.714,0.061,0.224,0.143,0.041,0.02,0.0,46,4,2,1,2,3,0,0,38.476,3.346,1.673,0.836,1.673,2.509,0.0,0.0,0.5,5,0,0,3,27,4,9,2,0,0,1,4.182,0.0,0.0,2.509,22.584,3.346,7.528,1.673,0.0,0.0,0.836,1,1,0.836,0.836,1.0,0,0,0.0,0.0,0.217,0.783
3652,Tom Davies,England,Everton,"Center Attacking Midfield, Center Defensive Midfield, Right Defensive Midfield",2,1,104.0,0,0.043,1,0,0,0,0,1,0,0.0,0.037,0.865,0.0,0.0,0.0,0.0,0.0,0.043,-0.043,0.0,1.0,0.0,0,0,0.0,0.0,49,37,6,41,2,41,6,2,1,0,2,0,42.404,32.019,0.865,0.0,1.731,0.0,0.755,0.122,0.837,0.041,0.837,0.122,0.041,0.02,0.0,0.041,0.0,47,2,2,2,0,4,0,0,40.673,1.731,1.731,1.731,0.0,3.462,0.0,0.0,1.0,1,3,2,3,25,6,7,0,0,0,3,0.865,2.596,1.731,2.596,21.635,5.192,6.058,0.0,0.0,0.0,2.596,3,1,2.596,0.865,0.333,0,0,0.0,0.0,0.125,0.875
6846,Andreas Hoelgebaum Pereira,Brazil,Manchester United,"Center Attacking Midfield, Left Center Midfield, Right Defensive Midfield, Right Wing",4,0,99.2,0,0.0,0,0,0,0,0,0,0,0.0,0.0,0.0,0.0,0.0,0.0,0.0,0.0,0.0,0.0,0.0,0.0,0.0,0,3,0.0,2.722,65,48,8,54,0,41,7,17,4,0,4,0,58.972,43.548,3.629,0.0,3.629,0.0,0.738,0.123,0.831,0.0,0.631,0.108,0.262,0.062,0.0,0.062,0.0,57,4,3,2,2,4,0,0,51.714,3.629,2.722,1.815,1.815,3.629,0.0,0.0,0.75,0,0,0,2,24,7,15,4,0,0,2,0.0,0.0,0.0,1.815,21.774,6.351,13.609,3.629,0.0,0.0,1.815,3,2,2.722,1.815,0.667,2,0,1.815,0.0,0.129,0.871
43121,Kelvin Davis,England,Southampton,Goalkeeper,1,1,95.2,0,0.0,0,0,0,0,0,0,0,0.0,0.0,0.0,0.0,0.0,0.0,0.0,0.0,0.0,0.0,0.0,0.0,0.0,0,0,0.0,0.0,29,14,1,22,0,11,1,17,0,0,0,0,27.416,13.235,0.0,0.0,0.0,0.0,0.483,0.034,0.759,0.0,0.379,0.034,0.586,0.0,0.0,0.0,0.0,6,0,0,0,0,0,0,0,5.672,0.0,0.0,0.0,0.0,0.0,0.0,0.0,0.0,0,0,0,0,0,4,0,0,0,0,0,0.0,0.0,0.0,0.0,0.0,3.782,0.0,0.0,0.0,0.0,0.0,0,0,0.0,0.0,0.0,0,0,0.0,0.0,0.043,0.957
18404,José Ángel Crespo Rincón,Spain,Aston Villa,"Left Center Back, Right Center Back",1,1,95.1,0,0.0,0,0,0,0,0,0,0,0.0,0.0,0.0,0.0,0.0,0.0,0.0,0.0,0.0,0.0,0.0,0.0,0.0,0,0,0.0,0.0,30,27,1,24,4,16,8,6,0,0,2,0,28.391,25.552,0.0,0.0,1.893,0.0,0.9,0.033,0.8,0.133,0.533,0.267,0.2,0.0,0.0,0.067,0.0,18,0,0,1,0,0,0,0,17.035,0.0,0.0,0.946,0.0,0.0,0.0,0.0,0.0,0,0,2,1,9,3,2,1,0,0,1,0.0,0.0,1.893,0.946,8.517,2.839,1.893,0.946,0.0,0.0,0.946,2,1,1.893,0.946,0.5,0,0,0.0,0.0,0.04,0.96
3609,Michel Vorm,Netherlands,Tottenham Hotspur,Goalkeeper,1,1,94.4,0,0.0,0,0,0,0,0,0,0,0.0,0.0,0.0,0.0,0.0,0.0,0.0,0.0,0.0,0.0,0.0,0.0,0.0,0,0,0.0,0.0,49,47,2,43,0,39,4,6,0,0,1,0,46.716,44.809,0.0,0.0,0.953,0.0,0.959,0.041,0.878,0.0,0.796,0.082,0.122,0.0,0.0,0.02,0.0,31,0,0,0,0,0,0,0,29.555,0.0,0.0,0.0,0.0,0.0,0.0,0.0,0.0,0,0,0,0,0,4,0,0,0,0,0,0.0,0.0,0.0,0.0,0.0,3.814,0.0,0.0,0.0,0.0,0.0,0,0,0.0,0.0,0.0,0,0,0.0,0.0,0.044,0.956
4097,Matt Grimes,England,Swansea City,"Left Center Midfield, Left Wing",1,1,94.3,0,0.041,1,0,0,0,1,0,0,0.0,0.039,0.954,0.0,0.0,0.0,0.0,0.0,0.041,-0.041,1.0,0.0,0.0,0,1,0.0,0.954,46,34,42,1,2,35,4,7,1,0,2,0,43.902,32.45,0.954,0.0,1.909,0.0,0.739,0.913,0.022,0.043,0.761,0.087,0.152,0.022,0.0,0.043,0.0,38,0,0,1,1,1,0,0,36.267,0.0,0.0,0.954,0.954,0.954,0.0,0.0,0.0,4,0,0,2,18,1,7,1,0,0,3,3.818,0.0,0.0,1.909,17.179,0.954,6.681,0.954,0.0,0.0,2.863,3,1,2.863,0.954,0.333,0,0,0.0,0.0,0.977,0.023
45389,Thomas Robson,England,Sunderland,Left Back,1,1,94.0,0,0.0,0,0,0,0,0,0,0,0.0,0.0,0.0,0.0,0.0,0.0,0.0,0.0,0.0,0.0,0.0,0.0,0.0,0,0,0.0,0.0,56,44,30,4,3,22,22,12,1,0,0,0,53.617,42.128,0.957,0.0,0.0,0.0,0.786,0.536,0.071,0.054,0.393,0.393,0.214,0.018,0.0,0.0,0.0,29,2,1,1,0,1,0,0,27.766,1.915,0.957,0.957,0.0,0.957,0.0,0.0,0.5,3,3,5,2,10,1,3,0,0,0,0,2.872,2.872,4.787,1.915,9.574,0.957,2.872,0.0,0.0,0.0,0.0,6,3,5.745,2.872,0.5,0,0,0.0,0.0,0.882,0.118
9563,Kristoffer Nordfeldt,Sweden,Swansea City,Goalkeeper,1,1,93.0,0,0.0,0,0,0,0,0,0,0,0.0,0.0,0.0,0.0,0.0,0.0,0.0,0.0,0.0,0.0,0.0,0.0,0.0,0,0,0.0,0.0,29,23,0,26,0,13,0,16,0,0,2,0,28.065,22.258,0.0,0.0,1.935,0.0,0.793,0.0,0.897,0.0,0.448,0.0,0.552,0.0,0.0,0.069,0.0,12,0,0,0,0,0,2,0,11.613,0.0,0.0,0.0,0.0,0.0,1.935,0.0,0.0,0,0,0,0,0,2,0,0,0,0,0,0.0,0.0,0.0,0.0,0.0,1.935,0.0,0.0,0.0,0.0,0.0,0,0,0.0,0.0,0.0,0,0,0.0,0.0,0.0,1.0
4826,Yohan Benalouane,Tunisia,Leicester City,Right Back,4,0,89.7,0,0.0,0,0,0,0,0,0,0,0.0,0.0,0.0,0.0,0.0,0.0,0.0,0.0,0.0,0.0,0.0,0.0,0.0,0,0,0.0,0.0,18,10,0,8,2,2,4,12,0,0,0,0,18.06,10.033,0.0,0.0,0.0,0.0,0.556,0.0,0.444,0.111,0.111,0.222,0.667,0.0,0.0,0.0,0.0,7,0,0,0,2,0,0,0,7.023,0.0,0.0,0.0,2.007,0.0,0.0,0.0,0.0,0,3,5,2,8,2,0,1,0,0,3,0.0,3.01,5.017,2.007,8.027,2.007,0.0,1.003,0.0,0.0,3.01,5,4,5.017,4.013,0.8,1,0,1.003,0.0,0.0,1.0
40453,Segundo Víctor Ibarbo Guerrero,Colombia,Watford,"Left Center Midfield, Left Midfield, Right Back, Right Midfield",4,0,84.8,0,0.0,0,0,0,0,0,0,0,0.0,0.0,0.0,0.0,0.0,0.0,0.0,0.0,0.0,0.0,0.0,0.0,0.0,0,0,0.0,0.0,28,18,3,20,0,16,3,9,2,0,1,0,29.717,19.104,2.123,0.0,1.061,0.0,0.643,0.107,0.714,0.0,0.571,0.107,0.321,0.071,0.0,0.036,0.0,25,3,1,1,1,2,0,0,26.533,3.184,1.061,1.061,1.061,2.123,0.0,0.0,0.333,2,0,1,3,17,8,8,5,0,0,2,2.123,0.0,1.061,3.184,18.042,8.491,8.491,5.307,0.0,0.0,2.123,5,2,5.307,2.123,0.4,0,0,0.0,0.0,0.13,0.87
3656,Alex Pritchard,England,"Tottenham Hotspur, West Bromwich Albion","Center Attacking Midfield, Left Midfield, Left Wing, Right Midfield, Right Wing",3,0,83.2,0,0.093,2,0,0,0,0,2,0,0.0,0.101,2.163,0.0,0.0,0.0,0.0,0.0,0.046,-0.093,0.0,1.0,0.0,0,0,0.0,0.0,32,24,4,24,2,17,7,8,0,0,0,0,34.615,25.962,0.0,0.0,0.0,0.0,0.75,0.125,0.75,0.062,0.531,0.219,0.25,0.0,0.0,0.0,0.0,33,6,3,2,1,2,0,0,35.697,6.49,3.245,2.163,1.082,2.163,0.0,0.0,0.5,2,2,0,1,18,9,8,1,0,0,2,2.163,2.163,0.0,1.082,19.471,9.736,8.654,1.082,0.0,0.0,2.163,2,0,2.163,0.0,0.0,0,0,0.0,0.0,0.133,0.867
19847,Alessandro Diamanti,Italy,Watford,"Center Forward, Left Back, Left Midfield, Left Wing, Right Back",3,0,80.7,0,0.023,1,0,0,0,1,0,0,0.0,0.026,1.115,0.0,0.0,0.0,0.0,0.0,0.023,-0.023,1.0,0.0,0.0,0,1,0.0,1.115,55,36,42,11,2,29,8,18,5,0,4,0,61.338,40.149,5.576,0.0,4.461,0.0,0.655,0.764,0.2,0.036,0.527,0.145,0.327,0.091,0.0,0.073,0.0,47,2,2,2,1,1,0,0,52.416,2.23,2.23,2.23,1.115,1.115,0.0,0.0,1.0,4,1,3,1,12,4,6,2,0,0,1,4.461,1.115,3.346,1.115,13.383,4.461,6.691,2.23,0.0,0.0,1.115,1,0,1.115,0.0,0.0,0,0,0.0,0.0,0.796,0.204
22622,Kieran O''Neill Dowell,England,Everton,"Center Attacking Midfield, Right Wing",2,1,76.6,0,0.0,0,0,0,0,0,0,0,0.0,0.0,0.0,0.0,0.0,0.0,0.0,0.0,0.0,0.0,0.0,0.0,0.0,0,1,0.0,1.175,35,25,27,3,4,21,9,5,4,0,1,0,41.123,29.373,4.7,0.0,1.175,0.0,0.714,0.771,0.086,0.114,0.6,0.257,0.143,0.114,0.0,0.029,0.0,29,5,2,0,5,3,0,0,34.073,5.875,2.35,0.0,5.875,3.525,0.0,0.0,0.4,1,2,0,1,22,4,11,4,0,1,1,1.175,2.35,0.0,1.175,25.849,4.7,12.924,4.7,0.0,1.175,1.175,2,0,2.35,0.0,0.0,0,0,0.0,0.0,0.9,0.1
3165,Emmanuel Rivière,Martinique,Newcastle United,"Center Back, Center Forward, Left Wing, Right Center Forward",3,1,72.4,0,0.249,3,0,2,0,0,2,1,0.0,0.31,3.729,0.0,2.486,0.0,0.0,0.0,0.083,-0.249,0.0,0.667,0.333,0,1,0.0,1.243,20,18,1,15,1,13,5,2,1,0,0,0,24.862,22.376,1.243,0.0,0.0,0.0,0.9,0.05,0.75,0.05,0.65,0.25,0.1,0.05,0.0,0.0,0.0,23,2,1,2,2,5,0,0,28.591,2.486,1.243,2.486,2.486,6.215,0.0,0.0,0.5,3,0,0,1,37,5,8,1,0,0,3,3.729,0.0,0.0,1.243,45.994,6.215,9.945,1.243,0.0,0.0,3.729,11,2,13.674,2.486,0.182,0,0,0.0,0.0,0.056,0.944
43591,Marvin Emnes,Netherlands,Swansea City,"Right Midfield, Right Wing",2,1,70.6,0,0.014,1,0,1,0,0,1,0,0.0,0.018,1.275,0.0,1.275,0.0,0.0,0.0,0.014,-0.014,0.0,1.0,0.0,0,0,0.0,0.0,15,9,2,13,0,10,2,3,1,0,0,0,19.122,11.473,1.275,0.0,0.0,0.0,0.6,0.133,0.867,0.0,0.667,0.133,0.2,0.067,0.0,0.0,0.0,19,4,2,0,1,2,0,0,24.221,5.099,2.55,0.0,1.275,2.55,0.0,0.0,0.5,2,1,0,2,16,3,1,0,0,0,0,2.55,1.275,0.0,2.55,20.397,3.824,1.275,0.0,0.0,0.0,0.0,1,0,1.275,0.0,0.0,0,0,0.0,0.0,0.125,0.875
27949,Juan Manuel Iturbe Arévalo,Paraguay,AFC Bournemouth,"Left Midfield, Right Midfield",2,0,66.8,0,0.036,1,1,0,0,1,0,0,0.0,0.049,1.347,1.347,0.0,0.0,1.0,0.0,0.036,-0.036,1.0,0.0,0.0,0,1,0.0,1.347,27,19,17,6,2,18,6,3,0,0,0,0,36.377,25.599,0.0,0.0,0.0,0.0,0.704,0.63,0.222,0.074,0.667,0.222,0.111,0.0,0.0,0.0,0.0,27,4,3,1,4,0,0,0,36.377,5.389,4.042,1.347,5.389,0.0,0.0,0.0,0.75,0,4,0,2,15,5,4,1,0,0,0,0.0,5.389,0.0,2.695,20.21,6.737,5.389,1.347,0.0,0.0,0.0,1,1,1.347,1.347,1.0,0,0,0.0,0.0,0.75,0.25
9630,Andre Green,England,Aston Villa,"Center Attacking Midfield, Right Wing",2,0,64.8,0,0.052,1,0,0,0,0,1,0,0.0,0.072,1.389,0.0,0.0,0.0,0.0,0.0,0.052,-0.052,0.0,1.0,0.0,0,2,0.0,2.778,32,19,3,28,1,20,5,7,6,0,1,0,44.444,26.389,8.333,0.0,1.389,0.0,0.594,0.094,0.875,0.031,0.625,0.156,0.219,0.188,0.0,0.031,0.0,32,6,3,0,1,1,0,0,44.444,8.333,4.167,0.0,1.389,1.389,0.0,0.0,0.5,2,2,0,1,16,8,7,1,0,0,0,2.778,2.778,0.0,1.389,22.222,11.111,9.722,1.389,0.0,0.0,0.0,0,0,0.0,0.0,0.0,0,0,0.0,0.0,0.094,0.906
3542,Jonjoe Kenny,England,Everton,Right Back,1,0,63.1,0,0.063,1,0,0,0,1,0,0,0.0,0.09,1.426,0.0,0.0,0.0,0.0,0.0,0.063,-0.063,1.0,0.0,0.0,0,0,0.0,0.0,32,23,2,17,2,13,7,12,1,1,1,0,45.642,32.805,1.426,1.426,1.426,0.0,0.719,0.062,0.531,0.062,0.406,0.219,0.375,0.031,0.031,0.031,0.0,11,0,0,0,1,0,0,0,15.689,0.0,0.0,0.0,1.426,0.0,0.0,0.0,0.0,1,2,2,7,8,1,4,1,0,0,0,1.426,2.853,2.853,9.984,11.41,1.426,5.705,1.426,0.0,0.0,0.0,2,1,2.853,1.426,0.5,0,0,0.0,0.0,0.15,0.85
3440,Tammy Bakumo-Abraham,England,Chelsea,Center Forward,2,0,62.3,0,0.171,2,0,0,0,0,2,0,0.0,0.247,2.889,0.0,0.0,0.0,0.0,0.0,0.086,-0.171,0.0,1.0,0.0,0,0,0.0,0.0,14,7,1,10,1,9,3,2,2,0,0,1,20.225,10.112,2.889,0.0,0.0,1.445,0.5,0.071,0.714,0.071,0.643,0.214,0.143,0.143,0.0,0.0,0.071,14,2,1,0,2,4,0,0,20.225,2.889,1.445,0.0,2.889,5.778,0.0,0.0,0.5,0,0,1,1,14,0,4,2,0,0,2,0.0,0.0,1.445,1.445,20.225,0.0,5.778,2.889,0.0,0.0,2.889,6,4,8.668,5.778,0.667,0,0,0.0,0.0,0.077,0.923
21540,Kevin Nolan,England,West Ham United,"Center Defensive Midfield, Right Attacking Midfield",2,1,61.3,0,0.0,0,0,0,0,0,0,0,0.0,0.0,0.0,0.0,0.0,0.0,0.0,0.0,0.0,0.0,0.0,0.0,0.0,0,0,0.0,0.0,14,13,1,12,1,11,2,1,0,0,0,0,20.555,19.086,0.0,0.0,0.0,0.0,0.929,0.071,0.857,0.071,0.786,0.143,0.071,0.0,0.0,0.0,0.0,9,1,1,0,1,0,0,0,13.214,1.468,1.468,0.0,1.468,0.0,0.0,0.0,1.0,0,0,1,1,5,3,2,2,0,0,0,0.0,0.0,1.468,1.468,7.341,4.405,2.936,2.936,0.0,0.0,0.0,3,0,4.405,0.0,0.0,0,0,0.0,0.0,0.077,0.923
10772,Donald Love,Scotland,Manchester United,Right Back,1,0,56.7,0,0.0,0,0,0,0,0,0,0,0.0,0.0,0.0,0.0,0.0,0.0,0.0,0.0,0.0,0.0,0.0,0.0,0.0,0,0,0.0,0.0,35,24,4,24,1,24,3,8,1,0,0,0,55.556,38.095,1.587,0.0,0.0,0.0,0.686,0.114,0.686,0.029,0.686,0.086,0.229,0.029,0.0,0.0,0.0,24,5,3,0,0,0,0,0,38.095,7.937,4.762,0.0,0.0,0.0,0.0,0.0,0.6,4,3,0,2,10,6,5,1,0,0,1,6.349,4.762,0.0,3.175,15.873,9.524,7.937,1.587,0.0,0.0,1.587,1,0,1.587,0.0,0.0,0,0,0.0,0.0,0.143,0.857
45014,Tokelo Anthony Rantie,South Africa,AFC Bournemouth,"Center Attacking Midfield, Center Forward, Left Center Midfield, Right Center Forward",3,0,55.0,0,0.116,1,0,0,0,1,0,0,0.0,0.19,1.636,0.0,0.0,0.0,0.0,0.0,0.116,-0.116,1.0,0.0,0.0,0,1,0.0,1.636,11,9,0,11,0,11,0,0,0,0,0,0,18.0,14.727,0.0,0.0,0.0,0.0,0.818,0.0,1.0,0.0,1.0,0.0,0.0,0.0,0.0,0.0,0.0,17,3,0,0,1,2,0,0,27.818,4.909,0.0,0.0,1.636,3.273,0.0,0.0,0.0,3,0,0,0,14,1,9,1,0,0,3,4.909,0.0,0.0,0.0,22.909,1.636,14.727,1.636,0.0,0.0,4.909,0,0,0.0,0.0,0.0,0,0,0.0,0.0,0.083,0.917
3807,Ryan Allsop,England,AFC Bournemouth,"Goalkeeper, Left Center Back",1,0,53.4,0,0.0,0,0,0,0,0,0,0,0.0,0.0,0.0,0.0,0.0,0.0,0.0,0.0,0.0,0.0,0.0,0.0,0.0,0,0,0.0,0.0,10,9,0,8,0,8,0,2,0,0,0,0,16.854,15.169,0.0,0.0,0.0,0.0,0.9,0.0,0.8,0.0,0.8,0.0,0.2,0.0,0.0,0.0,0.0,5,0,0,0,0,0,0,0,8.427,0.0,0.0,0.0,0.0,0.0,0.0,0.0,0.0,0,0,0,0,0,2,0,0,0,0,0,0.0,0.0,0.0,0.0,0.0,3.371,0.0,0.0,0.0,0.0,0.0,0,0,0.0,0.0,0.0,0,0,0.0,0.0,0.0,1.0
129559,Rees Greenwood,England,Sunderland,Left Midfield,1,1,51.2,0,0.0,0,0,0,0,0,0,0,0.0,0.0,0.0,0.0,0.0,0.0,0.0,0.0,0.0,0.0,0.0,0.0,0.0,0,1,0.0,1.758,20,16,2,18,0,17,2,1,2,1,0,0,35.156,28.125,3.516,1.758,0.0,0.0,0.8,0.1,0.9,0.0,0.85,0.1,0.05,0.1,0.05,0.0,0.0,21,2,1,0,2,2,0,0,36.914,3.516,1.758,0.0,3.516,3.516,0.0,0.0,0.5,2,2,0,0,17,6,4,0,0,0,1,3.516,3.516,0.0,0.0,29.883,10.547,7.031,0.0,0.0,0.0,1.758,3,0,5.273,0.0,0.0,0,0,0.0,0.0,0.1,0.9
128703,Dionatan do Nascimento Teixeira,Slovakia,Stoke City,Left Center Back,1,0,50.7,0,0.0,0,0,0,0,0,0,0,0.0,0.0,0.0,0.0,0.0,0.0,0.0,0.0,0.0,0.0,0.0,0.0,0.0,0,0,0.0,0.0,7,2,6,1,0,0,2,5,0,0,0,0,12.426,3.55,0.0,0.0,0.0,0.0,0.286,0.857,0.143,0.0,0.0,0.286,0.714,0.0,0.0,0.0,0.0,5,0,0,0,0,0,0,0,8.876,0.0,0.0,0.0,0.0,0.0,0.0,0.0,0.0,1,1,2,2,3,1,0,0,0,0,0,1.775,1.775,3.55,3.55,5.325,1.775,0.0,0.0,0.0,0.0,0.0,1,1,1.775,1.775,1.0,0,0,0.0,0.0,0.857,0.143
129558,Tony Hibbert,England,Everton,Right Back,1,0,49.6,0,0.06,1,1,1,0,0,1,0,0.0,0.109,1.815,1.815,1.815,0.0,1.0,0.0,0.06,-0.06,0.0,1.0,0.0,0,0,0.0,0.0,19,16,2,15,0,15,3,1,0,0,0,0,34.476,29.032,0.0,0.0,0.0,0.0,0.842,0.105,0.789,0.0,0.789,0.158,0.053,0.0,0.0,0.0,0.0,15,1,0,0,0,0,0,0,27.218,1.815,0.0,0.0,0.0,0.0,0.0,0.0,0.0,0,3,2,1,7,3,4,1,0,0,0,0.0,5.444,3.629,1.815,12.702,5.444,7.258,1.815,0.0,0.0,0.0,0,0,0.0,0.0,0.0,0,0,0.0,0.0,0.111,0.889
48634,"Charles N""Zogbia",France,Aston Villa,"Left Wing, Right Wing",2,0,49.5,0,0.0,0,0,0,0,0,0,0,0.0,0.0,0.0,0.0,0.0,0.0,0.0,0.0,0.0,0.0,0.0,0.0,0.0,0,0,0.0,0.0,12,9,11,1,0,9,1,2,1,0,0,0,21.818,16.364,1.818,0.0,0.0,0.0,0.75,0.917,0.083,0.0,0.75,0.083,0.167,0.083,0.0,0.0,0.0,12,1,0,0,0,2,0,0,21.818,1.818,0.0,0.0,0.0,3.636,0.0,0.0,0.0,0,0,0,0,6,2,1,0,0,0,1,0.0,0.0,0.0,0.0,10.909,3.636,1.818,0.0,0.0,0.0,1.818,1,0,1.818,0.0,0.0,0,0,0.0,0.0,0.917,0.083
4116,Sullay Kaikai,Sierra Leone,Crystal Palace,Left Midfield,1,0,47.0,0,0.158,3,1,1,0,2,1,0,0.0,0.303,5.745,1.915,1.915,0.0,0.333,0.0,0.053,-0.158,0.667,0.333,0.0,0,2,0.0,3.83,20,14,4,16,0,13,2,5,2,0,3,0,38.298,26.809,3.83,0.0,5.745,0.0,0.7,0.2,0.8,0.0,0.65,0.1,0.25,0.1,0.0,0.15,0.0,19,0,0,0,0,1,0,0,36.383,0.0,0.0,0.0,0.0,1.915,0.0,0.0,0.0,2,0,0,0,10,1,3,1,0,0,1,3.83,0.0,0.0,0.0,19.149,1.915,5.745,1.915,0.0,0.0,1.915,0,0,0.0,0.0,0.0,0,0,0.0,0.0,0.261,0.739
8485,Pedro Chirivella Burgos,Spain,Liverpool,Right Center Midfield,1,1,45.0,0,0.0,0,0,0,0,0,0,0,0.0,0.0,0.0,0.0,0.0,0.0,0.0,0.0,0.0,0.0,0.0,0.0,0.0,0,0,0.0,0.0,31,24,4,27,0,24,1,6,0,0,2,2,62.0,48.0,0.0,0.0,4.0,4.0,0.774,0.129,0.871,0.0,0.774,0.032,0.194,0.0,0.0,0.065,0.065,27,1,0,0,1,0,1,0,54.0,2.0,0.0,0.0,2.0,0.0,2.0,0.0,0.0,0,0,2,1,21,4,4,1,0,0,0,0.0,0.0,4.0,2.0,42.0,8.0,8.0,2.0,0.0,0.0,0.0,0,0,0.0,0.0,0.0,0,0,0.0,0.0,0.129,0.871
10771,George Honeyman,England,Sunderland,"Left Midfield, Right Midfield",1,0,42.9,0,0.0,0,0,0,0,0,0,0,0.0,0.0,0.0,0.0,0.0,0.0,0.0,0.0,0.0,0.0,0.0,0.0,0.0,0,1,0.0,2.098,6,5,1,5,0,4,1,1,0,0,0,0,12.587,10.49,0.0,0.0,0.0,0.0,0.833,0.167,0.833,0.0,0.667,0.167,0.167,0.0,0.0,0.0,0.0,5,0,0,1,0,1,0,0,10.49,0.0,0.0,2.098,0.0,2.098,0.0,0.0,0.0,0,0,0,0,13,0,0,0,0,0,0,0.0,0.0,0.0,0.0,27.273,0.0,0.0,0.0,0.0,0.0,0.0,0,0,0.0,0.0,0.0,0,0,0.0,0.0,0.167,0.833
42702,Modibo Maïga,Mali,West Ham United,"Center Forward, Left Center Forward, Right Wing",3,0,42.6,1,0.448,2,2,0,0,1,1,0,2.113,0.946,4.225,4.225,0.0,0.0,1.0,0.5,0.224,0.552,0.5,0.5,0.0,0,0,0.0,0.0,12,5,5,3,1,5,0,7,2,0,0,0,25.352,10.563,4.225,0.0,0.0,0.0,0.417,0.417,0.25,0.083,0.417,0.0,0.583,0.167,0.0,0.0,0.0,12,5,4,1,0,1,0,0,25.352,10.563,8.451,2.113,0.0,2.113,0.0,0.0,0.8,0,0,0,1,4,0,1,0,0,0,3,0.0,0.0,0.0,2.113,8.451,0.0,2.113,0.0,0.0,0.0,6.338,9,3,19.014,6.338,0.333,0,0,0.0,0.0,0.6,0.4
17276,Seydou Doumbia,Côte d'Ivoire,Newcastle United,"Center Forward, Left Center Midfield, Right Defensive Midfield",3,0,42.3,0,0.147,1,1,1,0,1,0,0,0.0,0.313,2.128,2.128,2.128,0.0,1.0,0.0,0.147,-0.147,1.0,0.0,0.0,0,0,0.0,0.0,8,6,1,7,0,8,0,0,1,1,0,0,17.021,12.766,2.128,2.128,0.0,0.0,0.75,0.125,0.875,0.0,1.0,0.0,0.0,0.125,0.125,0.0,0.0,13,0,0,1,3,4,0,0,27.66,0.0,0.0,2.128,6.383,8.511,0.0,0.0,0.0,0,1,0,1,7,0,3,0,0,0,0,0.0,2.128,0.0,2.128,14.894,0.0,6.383,0.0,0.0,0.0,0.0,1,0,2.128,0.0,0.0,0,0,0.0,0.0,0.222,0.778
7010,Gastón Exequiel Ramírez Pereyra,Uruguay,Southampton,Right Wing,3,0,42.0,0,0.062,1,1,0,0,0,0,1,0.0,0.133,2.143,2.143,0.0,0.0,1.0,0.0,0.062,-0.062,0.0,0.0,1.0,0,0,0.0,0.0,19,13,16,2,0,12,3,4,2,0,1,0,40.714,27.857,4.286,0.0,2.143,0.0,0.684,0.842,0.105,0.0,0.632,0.158,0.211,0.105,0.0,0.053,0.0,19,5,3,0,0,2,0,0,40.714,10.714,6.429,0.0,0.0,4.286,0.0,0.0,0.6,3,1,0,4,7,1,3,0,0,0,0,6.429,2.143,0.0,8.571,15.0,2.143,6.429,0.0,0.0,0.0,0.0,3,2,6.429,4.286,0.667,0,0,0.0,0.0,0.889,0.111
10770,Adam Matthews,Wales,Sunderland,Right Back,1,0,41.9,0,0.0,0,0,0,0,0,0,0,0.0,0.0,0.0,0.0,0.0,0.0,0.0,0.0,0.0,0.0,0.0,0.0,0.0,0,0,0.0,0.0,19,16,1,13,1,11,3,5,1,0,1,1,40.811,34.368,2.148,0.0,2.148,2.148,0.842,0.053,0.684,0.053,0.579,0.158,0.263,0.053,0.0,0.053,0.053,15,2,0,0,0,0,0,0,32.22,4.296,0.0,0.0,0.0,0.0,0.0,0.0,0.0,2,0,1,0,5,2,0,0,0,0,0,4.296,0.0,2.148,0.0,10.74,4.296,0.0,0.0,0.0,0.0,0.0,0,0,0.0,0.0,0.0,0,0,0.0,0.0,0.071,0.929
10484,Callum Connolly,England,Everton,Right Back,1,0,40.4,0,0.0,0,0,0,0,0,0,0,0.0,0.0,0.0,0.0,0.0,0.0,0.0,0.0,0.0,0.0,0.0,0.0,0.0,0,0,0.0,0.0,13,9,2,8,0,9,1,3,2,0,0,0,28.96,20.05,4.455,0.0,0.0,0.0,0.692,0.154,0.615,0.0,0.692,0.077,0.231,0.154,0.0,0.0,0.0,7,0,0,0,0,0,0,0,15.594,0.0,0.0,0.0,0.0,0.0,0.0,0.0,0.0,1,1,3,1,4,1,2,0,0,0,0,2.228,2.228,6.683,2.228,8.911,2.228,4.455,0.0,0.0,0.0,0.0,1,0,2.228,0.0,0.0,0,0,0.0,0.0,0.2,0.8
29382,Shaun MacDonald,Wales,AFC Bournemouth,"Center Attacking Midfield, Right Center Midfield",3,0,40.0,0,0.0,0,0,0,0,0,0,0,0.0,0.0,0.0,0.0,0.0,0.0,0.0,0.0,0.0,0.0,0.0,0.0,0.0,0,0,0.0,0.0,19,17,2,16,1,15,2,2,1,0,0,0,42.75,38.25,2.25,0.0,0.0,0.0,0.895,0.105,0.842,0.053,0.789,0.105,0.105,0.053,0.0,0.0,0.0,10,1,1,0,0,0,0,0,22.5,2.25,2.25,0.0,0.0,0.0,0.0,0.0,1.0,1,0,0,0,7,2,1,0,0,0,0,2.25,0.0,0.0,0.0,15.75,4.5,2.25,0.0,0.0,0.0,0.0,0,0,0.0,0.0,0.0,0,0,0.0,0.0,0.111,0.889
18947,Sébastien Pocognoli,Belgium,West Bromwich Albion,"Left Back, Right Back",1,0,39.0,0,0.0,0,0,0,0,0,0,0,0.0,0.0,0.0,0.0,0.0,0.0,0.0,0.0,0.0,0.0,0.0,0.0,0.0,1,2,2.308,4.615,30,19,21,0,1,9,9,12,3,1,0,0,69.231,43.846,6.923,2.308,0.0,0.0,0.633,0.7,0.0,0.033,0.3,0.3,0.4,0.1,0.033,0.0,0.0,15,0,0,0,1,0,0,0,34.615,0.0,0.0,0.0,2.308,0.0,0.0,0.0,0.0,0,0,4,1,2,0,0,0,0,0,0,0.0,0.0,9.231,2.308,4.615,0.0,0.0,0.0,0.0,0.0,0.0,5,4,11.538,9.231,0.8,0,0,0.0,0.0,1.0,0.0
31904,Giedrius Arlauskis,Lithuania,Watford,Goalkeeper,1,0,34.7,0,0.0,0,0,0,0,0,0,0,0.0,0.0,0.0,0.0,0.0,0.0,0.0,0.0,0.0,0.0,0.0,0.0,0.0,0,0,0.0,0.0,6,4,0,4,0,0,1,5,0,0,0,0,15.562,10.375,0.0,0.0,0.0,0.0,0.667,0.0,0.667,0.0,0.0,0.167,0.833,0.0,0.0,0.0,0.0,5,0,0,0,0,0,0,0,12.968,0.0,0.0,0.0,0.0,0.0,0.0,0.0,0.0,0,0,1,0,0,4,0,0,0,0,0,0.0,0.0,2.594,0.0,0.0,10.375,0.0,0.0,0.0,0.0,0.0,0,0,0.0,0.0,0.0,0,0,0.0,0.0,0.0,1.0
10458,Fikayo Tomori,England,Chelsea,"Left Center Back, Right Back",1,0,33.6,0,0.0,0,0,0,0,0,0,0,0.0,0.0,0.0,0.0,0.0,0.0,0.0,0.0,0.0,0.0,0.0,0.0,0.0,0,0,0.0,0.0,14,12,3,8,1,9,3,2,0,0,0,0,37.5,32.143,0.0,0.0,0.0,0.0,0.857,0.214,0.571,0.071,0.643,0.214,0.143,0.0,0.0,0.0,0.0,8,1,0,0,0,0,0,0,21.429,2.679,0.0,0.0,0.0,0.0,0.0,0.0,0.0,1,1,2,3,4,2,1,0,0,0,0,2.679,2.679,5.357,8.036,10.714,5.357,2.679,0.0,0.0,0.0,0.0,0,0,0.0,0.0,0.0,0,0,0.0,0.0,0.273,0.727
5460,Andrej Kramarić,Croatia,Leicester City,"Left Center Midfield, Right Center Forward",2,0,32.7,0,0.362,1,1,1,0,0,1,0,0.0,0.996,2.752,2.752,2.752,0.0,1.0,0.0,0.362,-0.362,0.0,1.0,0.0,1,2,2.752,5.505,15,11,2,11,2,11,2,2,1,0,0,0,41.284,30.275,2.752,0.0,0.0,0.0,0.733,0.133,0.733,0.133,0.733,0.133,0.133,0.067,0.0,0.0,0.0,11,0,0,0,0,2,0,0,30.275,0.0,0.0,0.0,0.0,5.505,0.0,0.0,0.0,2,0,0,0,6,0,2,0,0,0,1,5.505,0.0,0.0,0.0,16.514,0.0,5.505,0.0,0.0,0.0,2.752,0,0,0.0,0.0,0.0,0,0,0.0,0.0,0.143,0.857
5602,Cristian Gamboa Luna,Costa Rica,West Bromwich Albion,Left Midfield,1,0,31.6,0,0.03,1,0,0,0,0,1,0,0.0,0.085,2.848,0.0,0.0,0.0,0.0,0.0,0.03,-0.03,0.0,1.0,0.0,0,0,0.0,0.0,13,9,1,12,0,10,1,2,0,0,0,1,37.025,25.633,0.0,0.0,0.0,2.848,0.692,0.077,0.923,0.0,0.769,0.077,0.154,0.0,0.0,0.0,0.077,16,2,1,1,0,1,0,0,45.57,5.696,2.848,2.848,0.0,2.848,0.0,0.0,0.5,3,1,0,0,9,4,2,0,0,0,1,8.544,2.848,0.0,0.0,25.633,11.392,5.696,0.0,0.0,0.0,2.848,0,0,0.0,0.0,0.0,1,0,2.848,0.0,0.071,0.929
5689,Juan Guillermo Cuadrado Bello,Colombia,Chelsea,Right Wing,1,0,29.3,0,0.042,1,1,0,0,1,0,0,0.0,0.129,3.072,3.072,0.0,0.0,1.0,0.0,0.042,-0.042,1.0,0.0,0.0,0,0,0.0,0.0,11,9,0,9,2,5,4,2,1,0,1,0,33.788,27.645,3.072,0.0,3.072,0.0,0.818,0.0,0.818,0.182,0.455,0.364,0.182,0.091,0.0,0.091,0.0,9,0,0,2,1,0,0,0,27.645,0.0,0.0,6.143,3.072,0.0,0.0,0.0,0.0,0,0,1,2,2,1,2,0,0,0,0,0.0,0.0,3.072,6.143,6.143,3.072,6.143,0.0,0.0,0.0,0.0,1,0,3.072,0.0,0.0,0,0,0.0,0.0,0.1,0.9
4093,Jay Fulton,Scotland,Swansea City,"Right Center Midfield, Right Defensive Midfield",2,0,28.6,0,0.0,0,0,0,0,0,0,0,0.0,0.0,0.0,0.0,0.0,0.0,0.0,0.0,0.0,0.0,0.0,0.0,0.0,0,0,0.0,0.0,9,9,0,8,1,8,1,0,0,0,0,0,28.322,28.322,0.0,0.0,0.0,0.0,1.0,0.0,0.889,0.111,0.889,0.111,0.0,0.0,0.0,0.0,0.0,10,0,0,0,1,1,0,0,31.469,0.0,0.0,0.0,3.147,3.147,0.0,0.0,0.0,4,1,1,2,5,1,3,0,0,0,1,12.587,3.147,3.147,6.294,15.734,3.147,9.441,0.0,0.0,0.0,3.147,0,0,0.0,0.0,0.0,0,0,0.0,0.0,0.0,1.0
6296,Joe Dodoo,England,Leicester City,"Left Midfield, Right Midfield",1,0,27.6,0,0.0,0,0,0,0,0,0,0,0.0,0.0,0.0,0.0,0.0,0.0,0.0,0.0,0.0,0.0,0.0,0.0,0.0,0,0,0.0,0.0,6,3,0,5,1,2,1,3,0,0,0,0,19.565,9.783,0.0,0.0,0.0,0.0,0.5,0.0,0.833,0.167,0.333,0.167,0.5,0.0,0.0,0.0,0.0,6,0,0,1,1,1,0,0,19.565,0.0,0.0,3.261,3.261,3.261,0.0,0.0,0.0,0,0,0,0,5,0,1,1,0,0,2,0.0,0.0,0.0,0.0,16.304,0.0,3.261,3.261,0.0,0.0,6.522,2,0,6.522,0.0,0.0,0,0,0.0,0.0,0.0,1.0
3058,Javier Hernández Balcázar,Mexico,Manchester United,"Center Attacking Midfield, Center Forward",1,0,27.1,0,0.509,1,1,0,1,1,0,0,0.0,1.69,3.321,3.321,0.0,3.321,1.0,0.0,0.509,-0.509,1.0,0.0,0.0,0,1,0.0,3.321,13,11,0,13,0,13,0,0,0,0,0,0,43.173,36.531,0.0,0.0,0.0,0.0,0.846,0.0,1.0,0.0,1.0,0.0,0.0,0.0,0.0,0.0,0.0,9,0,0,1,0,0,0,0,29.889,0.0,0.0,3.321,0.0,0.0,0.0,0.0,0.0,0,0,0,0,0,1,0,0,0,0,0,0.0,0.0,0.0,0.0,0.0,3.321,0.0,0.0,0.0,0.0,0.0,1,0,3.321,0.0,0.0,0,0,0.0,0.0,0.071,0.929
9070,Hiram Boateng,England,Crystal Palace,Right Defensive Midfield,1,0,22.9,0,0.039,1,0,0,0,1,0,0,0.0,0.153,3.93,0.0,0.0,0.0,0.0,0.0,0.039,-0.039,1.0,0.0,0.0,0,0,0.0,0.0,5,3,4,0,0,3,0,2,0,0,0,0,19.651,11.79,0.0,0.0,0.0,0.0,0.6,0.8,0.0,0.0,0.6,0.0,0.4,0.0,0.0,0.0,0.0,8,0,0,0,2,1,0,0,31.441,0.0,0.0,0.0,7.86,3.93,0.0,0.0,0.0,1,0,0,1,9,2,4,0,0,0,2,3.93,0.0,0.0,3.93,35.371,7.86,15.721,0.0,0.0,0.0,7.86,1,1,3.93,3.93,1.0,0,0,0.0,0.0,1.0,0.0
3834,Ivan Toney,England,Newcastle United,"Left Center Forward, Right Center Midfield",2,0,22.9,0,0.0,0,0,0,0,0,0,0,0.0,0.0,0.0,0.0,0.0,0.0,0.0,0.0,0.0,0.0,0.0,0.0,0.0,0,0,0.0,0.0,2,1,0,1,0,1,1,0,0,0,0,0,7.86,3.93,0.0,0.0,0.0,0.0,0.5,0.0,0.5,0.0,0.5,0.5,0.0,0.0,0.0,0.0,0.0,3,0,0,0,1,1,0,0,11.79,0.0,0.0,0.0,3.93,3.93,0.0,0.0,0.0,0,0,0,0,3,0,1,1,0,0,0,0.0,0.0,0.0,0.0,11.79,0.0,3.93,3.93,0.0,0.0,0.0,2,1,7.86,3.93,0.5,0,0,0.0,0.0,0.0,1.0
3908,Nick Powell,England,Manchester United,"Center Forward, Right Defensive Midfield",1,0,22.9,0,0.0,0,0,0,0,0,0,0,0.0,0.0,0.0,0.0,0.0,0.0,0.0,0.0,0.0,0.0,0.0,0.0,0.0,0,0,0.0,0.0,2,1,0,1,0,1,0,1,0,0,0,0,7.86,3.93,0.0,0.0,0.0,0.0,0.5,0.0,0.5,0.0,0.5,0.0,0.5,0.0,0.0,0.0,0.0,1,0,0,0,0,0,0,0,3.93,0.0,0.0,0.0,0.0,0.0,0.0,0.0,0.0,0,0,0,0,1,0,0,0,0,0,0,0.0,0.0,0.0,0.0,3.93,0.0,0.0,0.0,0.0,0.0,0.0,3,1,11.79,3.93,0.333,0,0,0.0,0.0,0.0,1.0
4129,Tyler Roberts,Wales,West Bromwich Albion,Right Wing,1,0,20.4,0,0.628,1,0,0,0,0,1,0,0.0,2.771,4.412,0.0,0.0,0.0,0.0,0.0,0.628,-0.628,0.0,1.0,0.0,0,0,0.0,0.0,8,4,2,5,1,2,4,2,0,1,0,0,35.294,17.647,0.0,4.412,0.0,0.0,0.5,0.25,0.625,0.125,0.25,0.5,0.25,0.0,0.125,0.0,0.0,11,2,2,0,2,3,0,0,48.529,8.824,8.824,0.0,8.824,13.235,0.0,0.0,1.0,0,0,0,1,6,6,0,0,0,0,1,0.0,0.0,0.0,4.412,26.471,26.471,0.0,0.0,0.0,0.0,4.412,0,0,0.0,0.0,0.0,1,0,4.412,0.0,0.25,0.75
24743,Gary Hooper,England,Norwich City,"Center Forward, Right Center Midfield",2,0,20.1,0,0.133,1,0,1,0,0,1,0,0.0,0.596,4.478,0.0,4.478,0.0,0.0,0.0,0.133,-0.133,0.0,1.0,0.0,0,0,0.0,0.0,4,3,0,4,0,4,0,0,0,0,0,0,17.91,13.433,0.0,0.0,0.0,0.0,0.75,0.0,1.0,0.0,1.0,0.0,0.0,0.0,0.0,0.0,0.0,4,0,0,1,0,0,0,0,17.91,0.0,0.0,4.478,0.0,0.0,0.0,0.0,0.0,0,0,0,0,1,1,0,0,0,0,0,0.0,0.0,0.0,0.0,4.478,4.478,0.0,0.0,0.0,0.0,0.0,0,0,0.0,0.0,0.0,0,0,0.0,0.0,0.0,1.0
15542,Jake-Liam Clarke-Salter,England,Chelsea,"Left Back, Right Wing",1,0,19.4,0,0.0,0,0,0,0,0,0,0,0.0,0.0,0.0,0.0,0.0,0.0,0.0,0.0,0.0,0.0,0.0,0.0,0.0,0,0,0.0,0.0,6,6,5,1,0,6,0,0,0,0,0,0,27.835,27.835,0.0,0.0,0.0,0.0,1.0,0.833,0.167,0.0,1.0,0.0,0.0,0.0,0.0,0.0,0.0,4,0,0,0,0,0,0,0,18.557,0.0,0.0,0.0,0.0,0.0,0.0,0.0,0.0,2,0,1,0,6,0,2,0,0,0,0,9.278,0.0,4.639,0.0,27.835,0.0,9.278,0.0,0.0,0.0,0.0,1,0,4.639,0.0,0.0,0,0,0.0,0.0,0.833,0.167
9519,Kyle Lafferty,Northern Ireland,Norwich City,Left Center Forward,1,0,19.4,0,0.0,0,0,0,0,0,0,0,0.0,0.0,0.0,0.0,0.0,0.0,0.0,0.0,0.0,0.0,0.0,0.0,0.0,0,0,0.0,0.0,7,4,2,3,0,1,3,3,0,0,0,0,32.474,18.557,0.0,0.0,0.0,0.0,0.571,0.286,0.429,0.0,0.143,0.429,0.429,0.0,0.0,0.0,0.0,4,0,0,0,1,0,0,0,18.557,0.0,0.0,0.0,4.639,0.0,0.0,0.0,0.0,0,1,1,0,0,0,0,0,0,0,0,0.0,4.639,4.639,0.0,0.0,0.0,0.0,0.0,0.0,0.0,0.0,2,2,9.278,9.278,1.0,0,0,0.0,0.0,0.4,0.6
20781,Jordan Rossiter,England,Liverpool,Center Defensive Midfield,1,0,18.8,0,0.0,0,0,0,0,0,0,0,0.0,0.0,0.0,0.0,0.0,0.0,0.0,0.0,0.0,0.0,0.0,0.0,0.0,0,0,0.0,0.0,6,4,2,2,1,4,2,0,0,0,0,0,28.723,19.149,0.0,0.0,0.0,0.0,0.667,0.333,0.333,0.167,0.667,0.333,0.0,0.0,0.0,0.0,0.0,3,0,0,0,0,0,0,0,14.362,0.0,0.0,0.0,0.0,0.0,0.0,0.0,0.0,1,1,1,1,13,1,3,4,0,0,0,4.787,4.787,4.787,4.787,62.234,4.787,14.362,19.149,0.0,0.0,0.0,1,1,4.787,4.787,1.0,0,0,0.0,0.0,0.5,0.5
9566,Bersant Celina,Kosovo,Manchester City,Right Midfield,1,0,17.8,0,0.0,0,0,0,0,0,0,0,0.0,0.0,0.0,0.0,0.0,0.0,0.0,0.0,0.0,0.0,0.0,0.0,0.0,1,2,5.056,10.112,15,13,1,14,0,10,2,3,1,0,1,0,75.843,65.73,5.056,0.0,5.056,0.0,0.867,0.067,0.933,0.0,0.667,0.133,0.2,0.067,0.0,0.067,0.0,11,0,0,0,0,0,0,0,55.618,0.0,0.0,0.0,0.0,0.0,0.0,0.0,0.0,1,0,0,1,7,3,2,0,0,0,0,5.056,0.0,0.0,5.056,35.393,15.169,10.112,0.0,0.0,0.0,0.0,0,0,0.0,0.0,0.0,0,0,0.0,0.0,0.067,0.933
8400,Serge Gnabry,Germany,West Bromwich Albion,Right Midfield,1,0,17.6,0,0.058,2,1,0,0,0,2,0,0.0,0.297,10.227,5.114,0.0,0.0,0.5,0.0,0.029,-0.058,0.0,1.0,0.0,0,1,0.0,5.114,7,6,0,7,0,5,0,2,0,0,0,0,35.795,30.682,0.0,0.0,0.0,0.0,0.857,0.0,1.0,0.0,0.714,0.0,0.286,0.0,0.0,0.0,0.0,12,4,2,0,0,1,0,0,61.364,20.455,10.227,0.0,0.0,5.114,0.0,0.0,0.5,0,0,0,0,13,3,1,0,0,0,2,0.0,0.0,0.0,0.0,66.477,15.341,5.114,0.0,0.0,0.0,10.227,1,0,5.114,0.0,0.0,0,0,0.0,0.0,0.0,1.0
41082,Steve Sidwell,England,Stoke City,Center Attacking Midfield,1,0,15.1,0,0.0,0,0,0,0,0,0,0,0.0,0.0,0.0,0.0,0.0,0.0,0.0,0.0,0.0,0.0,0.0,0.0,0.0,0,0,0.0,0.0,7,6,2,3,2,5,0,2,0,0,0,0,41.722,35.762,0.0,0.0,0.0,0.0,0.857,0.286,0.429,0.286,0.714,0.0,0.286,0.0,0.0,0.0,0.0,4,0,0,0,1,0,0,0,23.841,0.0,0.0,0.0,5.96,0.0,0.0,0.0,0.0,3,0,0,0,3,0,2,0,0,0,1,17.881,0.0,0.0,0.0,17.881,0.0,11.921,0.0,0.0,0.0,5.96,0,0,0.0,0.0,0.0,0,0,0.0,0.0,0.4,0.6
8344,Manuel García Alonso,Spain,Manchester City,Right Defensive Midfield,1,0,14.0,0,0.0,0,0,0,0,0,0,0,0.0,0.0,0.0,0.0,0.0,0.0,0.0,0.0,0.0,0.0,0.0,0.0,0.0,0,0,0.0,0.0,19,19,0,19,0,17,1,1,0,0,0,0,122.143,122.143,0.0,0.0,0.0,0.0,1.0,0.0,1.0,0.0,0.895,0.053,0.053,0.0,0.0,0.0,0.0,15,0,0,0,1,0,0,0,96.429,0.0,0.0,0.0,6.429,0.0,0.0,0.0,0.0,0,1,0,0,3,0,0,1,0,0,0,0.0,6.429,0.0,0.0,19.286,0.0,0.0,6.429,0.0,0.0,0.0,0,0,0.0,0.0,0.0,0,0,0.0,0.0,0.0,1.0
11936,Harrison Reed,England,Southampton,Left Defensive Midfield,1,0,13.9,0,0.0,0,0,0,0,0,0,0,0.0,0.0,0.0,0.0,0.0,0.0,0.0,0.0,0.0,0.0,0.0,0.0,0.0,0,0,0.0,0.0,7,4,1,3,3,3,2,2,0,0,0,0,45.324,25.899,0.0,0.0,0.0,0.0,0.571,0.143,0.429,0.429,0.429,0.286,0.286,0.0,0.0,0.0,0.0,4,0,0,0,0,1,0,0,25.899,0.0,0.0,0.0,0.0,6.475,0.0,0.0,0.0,1,0,0,0,6,1,1,0,0,0,0,6.475,0.0,0.0,0.0,38.849,6.475,6.475,0.0,0.0,0.0,0.0,1,0,6.475,0.0,0.0,0,0,0.0,0.0,0.25,0.75
22237,Mamadou Obbi Oularé,Belgium,Watford,"Left Midfield, Right Center Midfield",2,0,13.7,0,0.0,0,0,0,0,0,0,0,0.0,0.0,0.0,0.0,0.0,0.0,0.0,0.0,0.0,0.0,0.0,0.0,0.0,0,0,0.0,0.0,3,2,0,0,1,0,3,0,0,0,0,0,19.708,13.139,0.0,0.0,0.0,0.0,0.667,0.0,0.0,0.333,0.0,1.0,0.0,0.0,0.0,0.0,0.0,1,0,0,0,0,1,0,0,6.569,0.0,0.0,0.0,0.0,6.569,0.0,0.0,0.0,0,0,0,1,0,0,0,0,0,0,1,0.0,0.0,0.0,6.569,0.0,0.0,0.0,0.0,0.0,0.0,6.569,3,2,19.708,13.139,0.667,0,0,0.0,0.0,0.0,0.0
10932,Jonathan Williams,Wales,Crystal Palace,Left Wing,1,0,13.6,0,0.0,0,0,0,0,0,0,0,0.0,0.0,0.0,0.0,0.0,0.0,0.0,0.0,0.0,0.0,0.0,0.0,0.0,0,0,0.0,0.0,5,5,0,4,0,4,1,0,0,0,0,0,33.088,33.088,0.0,0.0,0.0,0.0,1.0,0.0,0.8,0.0,0.8,0.2,0.0,0.0,0.0,0.0,0.0,5,0,0,0,1,0,0,0,33.088,0.0,0.0,0.0,6.618,0.0,0.0,0.0,0.0,0,0,0,0,0,0,0,0,0,0,0,0.0,0.0,0.0,0.0,0.0,0.0,0.0,0.0,0.0,0.0,0.0,1,0,6.618,0.0,0.0,0,0,0.0,0.0,0.0,1.0
4762,Sergi Canós Tenes,Spain,Liverpool,Right Wing,1,0,12.0,0,0.0,0,0,0,0,0,0,0,0.0,0.0,0.0,0.0,0.0,0.0,0.0,0.0,0.0,0.0,0.0,0.0,0.0,0,0,0.0,0.0,4,3,0,2,0,2,1,1,0,0,0,0,30.0,22.5,0.0,0.0,0.0,0.0,0.75,0.0,0.5,0.0,0.5,0.25,0.25,0.0,0.0,0.0,0.0,4,0,0,0,1,1,0,0,30.0,0.0,0.0,0.0,7.5,7.5,0.0,0.0,0.0,1,0,0,0,2,0,1,0,0,0,1,7.5,0.0,0.0,0.0,15.0,0.0,7.5,0.0,0.0,0.0,7.5,1,1,7.5,7.5,1.0,0,0,0.0,0.0,0.0,1.0
3323,Tyrone Mings,England,AFC Bournemouth,Left Back,1,0,11.2,0,0.0,0,0,0,0,0,0,0,0.0,0.0,0.0,0.0,0.0,0.0,0.0,0.0,0.0,0.0,0.0,0.0,0.0,0,0,0.0,0.0,2,2,2,0,0,2,0,0,0,0,0,0,16.071,16.071,0.0,0.0,0.0,0.0,1.0,1.0,0.0,0.0,1.0,0.0,0.0,0.0,0.0,0.0,0.0,2,0,0,0,0,0,0,0,16.071,0.0,0.0,0.0,0.0,0.0,0.0,0.0,0.0,0,0,0,0,1,2,0,1,0,0,0,0.0,0.0,0.0,0.0,8.036,16.071,0.0,8.036,0.0,0.0,0.0,0,0,0.0,0.0,0.0,0,0,0.0,0.0,1.0,0.0
6361,James Wilson,England,Manchester United,Right Wing,1,0,10.4,0,0.0,0,0,0,0,0,0,0,0.0,0.0,0.0,0.0,0.0,0.0,0.0,0.0,0.0,0.0,0.0,0.0,0.0,0,1,0.0,8.654,6,6,5,1,0,6,0,0,0,0,0,0,51.923,51.923,0.0,0.0,0.0,0.0,1.0,0.833,0.167,0.0,1.0,0.0,0.0,0.0,0.0,0.0,0.0,6,0,0,0,2,1,0,0,51.923,0.0,0.0,0.0,17.308,8.654,0.0,0.0,0.0,0,0,0,0,0,0,0,0,0,0,0,0.0,0.0,0.0,0.0,0.0,0.0,0.0,0.0,0.0,0.0,0.0,0,0,0.0,0.0,0.0,0,0,0.0,0.0,0.833,0.167
24120,Jamie Sterry,England,Newcastle United,Center Attacking Midfield,1,0,9.4,0,0.0,0,0,0,0,0,0,0,0.0,0.0,0.0,0.0,0.0,0.0,0.0,0.0,0.0,0.0,0.0,0.0,0.0,0,0,0.0,0.0,0,0,0,0,0,0,0,0,0,0,0,0,0.0,0.0,0.0,0.0,0.0,0.0,0.0,0.0,0.0,0.0,0.0,0.0,0.0,0.0,0.0,0.0,0.0,0,0,0,0,0,0,0,0,0.0,0.0,0.0,0.0,0.0,0.0,0.0,0.0,0.0,0,0,0,0,3,0,1,1,0,0,0,0.0,0.0,0.0,0.0,28.723,0.0,9.574,9.574,0.0,0.0,0.0,0,0,0.0,0.0,0.0,0,0,0.0,0.0,0.0,0.0
9635,Will Keane,Ireland,Manchester United,"Center Forward, Right Defensive Midfield",1,0,8.8,0,0.0,0,0,0,0,0,0,0,0.0,0.0,0.0,0.0,0.0,0.0,0.0,0.0,0.0,0.0,0.0,0.0,0.0,0,0,0.0,0.0,0,0,0,0,0,0,0,0,0,0,0,0,0.0,0.0,0.0,0.0,0.0,0.0,0.0,0.0,0.0,0.0,0.0,0.0,0.0,0.0,0.0,0.0,0.0,0,0,0,0,0,0,0,0,0.0,0.0,0.0,0.0,0.0,0.0,0.0,0.0,0.0,0,0,0,0,6,0,6,2,0,0,0,0.0,0.0,0.0,0.0,61.364,0.0,61.364,20.455,0.0,0.0,0.0,0,0,0.0,0.0,0.0,0,0,0.0,0.0,0.0,0.0
11295,Patrick Roberts,England,Manchester City,"Center Forward, Left Midfield",1,0,8.6,0,0.0,0,0,0,0,0,0,0,0.0,0.0,0.0,0.0,0.0,0.0,0.0,0.0,0.0,0.0,0.0,0.0,0.0,0,0,0.0,0.0,4,4,3,0,0,3,1,0,0,0,0,0,41.86,41.86,0.0,0.0,0.0,0.0,1.0,0.75,0.0,0.0,0.75,0.25,0.0,0.0,0.0,0.0,0.0,4,1,1,1,0,0,0,0,41.86,10.465,10.465,10.465,0.0,0.0,0.0,0.0,1.0,0,0,0,0,0,1,0,0,1,0,0,0.0,0.0,0.0,0.0,0.0,10.465,0.0,0.0,10.465,0.0,0.0,0,0,0.0,0.0,0.0,0,0,0.0,0.0,1.0,0.0
10326,João Carlos Vilaça Teixeira,Portugal,Liverpool,"Left Center Midfield, Right Wing",1,0,6.9,0,0.0,0,0,0,0,0,0,0,0.0,0.0,0.0,0.0,0.0,0.0,0.0,0.0,0.0,0.0,0.0,0.0,0.0,0,0,0.0,0.0,3,3,0,2,1,2,1,0,0,0,0,0,39.13,39.13,0.0,0.0,0.0,0.0,1.0,0.0,0.667,0.333,0.667,0.333,0.0,0.0,0.0,0.0,0.0,3,0,0,0,1,0,0,0,39.13,0.0,0.0,0.0,13.043,0.0,0.0,0.0,0.0,1,0,0,1,3,1,0,0,0,0,0,13.043,0.0,0.0,13.043,39.13,13.043,0.0,0.0,0.0,0.0,0.0,0,0,0.0,0.0,0.0,0,0,0.0,0.0,0.0,1.0
9636,Rushian Hepburn-Murphy,England,Aston Villa,Left Center Forward,1,0,6.3,0,0.0,0,0,0,0,0,0,0,0.0,0.0,0.0,0.0,0.0,0.0,0.0,0.0,0.0,0.0,0.0,0.0,0.0,0,0,0.0,0.0,0,0,0,0,0,0,0,0,0,0,0,0,0.0,0.0,0.0,0.0,0.0,0.0,0.0,0.0,0.0,0.0,0.0,0.0,0.0,0.0,0.0,0.0,0.0,3,0,0,1,0,2,0,0,42.857,0.0,0.0,14.286,0.0,28.571,0.0,0.0,0.0,0,0,0,1,2,1,0,0,0,0,0,0.0,0.0,0.0,14.286,28.571,14.286,0.0,0.0,0.0,0.0,0.0,0,0,0.0,0.0,0.0,0,0,0.0,0.0,0.0,0.0
3479,Sam Field,England,West Bromwich Albion,Left Wing,1,0,6.2,0,0.0,0,0,0,0,0,0,0,0.0,0.0,0.0,0.0,0.0,0.0,0.0,0.0,0.0,0.0,0.0,0.0,0.0,0,0,0.0,0.0,2,1,1,0,1,1,0,1,0,0,0,0,29.032,14.516,0.0,0.0,0.0,0.0,0.5,0.5,0.0,0.5,0.5,0.0,0.5,0.0,0.0,0.0,0.0,2,0,0,1,0,0,0,0,29.032,0.0,0.0,14.516,0.0,0.0,0.0,0.0,0.0,0,0,0,1,0,1,0,0,0,0,0,0.0,0.0,0.0,14.516,0.0,14.516,0.0,0.0,0.0,0.0,0.0,1,0,14.516,0.0,0.0,0,0,0.0,0.0,1.0,0.0
4837,Josh Cullen,Ireland,West Ham United,Center Forward,1,0,1.4,0,0.0,0,0,0,0,0,0,0,0.0,0.0,0.0,0.0,0.0,0.0,0.0,0.0,0.0,0.0,0.0,0.0,0.0,0,0,0.0,0.0,0,0,0,0,0,0,0,0,0,0,0,0,0.0,0.0,0.0,0.0,0.0,0.0,0.0,0.0,0.0,0.0,0.0,0.0,0.0,0.0,0.0,0.0,0.0,0,0,0,0,0,0,0,0,0.0,0.0,0.0,0.0,0.0,0.0,0.0,0.0,0.0,0,0,1,0,0,0,0,0,0,0,0,0.0,0.0,64.286,0.0,0.0,0.0,0.0,0.0,0.0,0.0,0.0,0,0,0.0,0.0,0.0,0,0,0.0,0.0,0.0,0.0
29384,James Weir,England,Manchester United,Right Center Midfield,1,0,0.9,0,0.0,0,0,0,0,0,0,0,0.0,0.0,0.0,0.0,0.0,0.0,0.0,0.0,0.0,0.0,0.0,0.0,0.0,0,0,0.0,0.0,0,0,0,0,0,0,0,0,0,0,0,0,0.0,0.0,0.0,0.0,0.0,0.0,0.0,0.0,0.0,0.0,0.0,0.0,0.0,0.0,0.0,0.0,0.0,0,0,0,0,0,0,0,0,0.0,0.0,0.0,0.0,0.0,0.0,0.0,0.0,0.0,0,0,0,0,0,0,0,0,0,0,0,0.0,0.0,0.0,0.0,0.0,0.0,0.0,0.0,0.0,0.0,0.0,0,0,0.0,0.0,0.0,0,0,0.0,0.0,0.0,0.0
